customer_id,name,segment,region,last_purchase,orders_count,lifetime_value,risk_score
1,Customer 00001,Consumer,North,2026-09-16,6,49773.11,43.7
2,Customer 00002,SMB,East,2026-03-18,5,5295.2,71.5
3,Customer 00003,Consumer,South,2026-06-22,5,11168.4,75.5
4,Customer 00004,SMB,West,2026-05-22,5,15849.03,43.5
5,Customer 00005,Consumer,South,2026-06-08,6,16160.01,70.5
6,Customer 00006,SMB,East,2026-04-22,4,35098.66,62.9
7,Customer 00007,Consumer,East,2026-09-16,7,18910.93,49.7
8,Customer 00008,SMB,East,2026-07-30,7,4093.8,59.1
9,Customer 00009,SMB,South,2026-09-05,7,20937.42,23.2
10,Customer 00010,Consumer,North,2026-09-16,8,31828.690000000002,68.2
11,Customer 00011,SMB,East,2026-06-13,7,17007.59,65.2
12,Customer 00012,Consumer,South,2026-07-25,5,10576.16,69.0
13,Customer 00013,Consumer,West,2026-07-16,7,11439.78,32.8
14,Customer 00014,Consumer,North,2026-08-01,8,3018.5,47.6
15,Customer 00015,Consumer,Central,2026-06-22,4,27780.21,58.0
16,Customer 00016,Consumer,South,2026-09-01,9,49706.72,51.0
17,Customer 00017,Consumer,East,2026-07-26,6,5092.0,74.7
18,Customer 00018,SMB,East,2026-06-21,5,12321.96,71.6
19,Customer 00019,SMB,Central,2026-06-07,6,18745.3,52.6
20,Customer 00020,Enterprise,Central,2026-07-12,4,13468.72,82.5
21,Customer 00021,Consumer,North,2026-09-10,6,430077.66,56.3
22,Customer 00022,Enterprise,East,2026-04-24,3,4344.8,66.8
23,Customer 00023,SMB,East,2026-09-19,7,31759.83,43.9
24,Customer 00024,SMB,West,2026-07-24,3,6316.5,84.6
25,Customer 00025,Consumer,West,2026-05-07,8,2278.58,29.1
26,Customer 00026,Consumer,East,2026-07-11,5,8020.17,89.8
27,Customer 00027,SMB,North,2026-08-12,6,40132.64,72.0
28,Customer 00028,Consumer,East,2026-08-28,3,10089.65,88.0
29,Customer 00029,SMB,East,2026-06-20,5,16586.78,55.2
30,Customer 00030,Consumer,Central,2026-09-05,8,105033.97,61.5
31,Customer 00031,Consumer,North,2026-05-10,8,10950.95,32.6
32,Customer 00032,Enterprise,East,2026-07-06,5,7903.2,48.8
33,Customer 00033,Consumer,East,2026-09-27,7,23613.89,39.2
34,Customer 00034,SMB,South,2026-06-21,3,14261.13,88.6
35,Customer 00035,Consumer,South,2026-04-21,4,4714.03,70.4
36,Customer 00036,Consumer,South,2026-07-15,2,22395.69,70.6
37,Customer 00037,Consumer,North,2026-05-16,8,29465.54,47.1
38,Customer 00038,SMB,Central,2026-07-06,8,7040.28,49.1
39,Customer 00039,Consumer,West,2026-03-23,9,24354.22,38.4
40,Customer 00040,Enterprise,South,2026-09-21,7,19489.82,62.2
41,Customer 00041,Consumer,Central,2026-05-12,9,25339.59,40.0
42,Customer 00042,Consumer,Central,2026-09-01,8,28885.57,43.0
43,Customer 00043,Consumer,Central,2026-05-13,6,7734.84,60.1
44,Customer 00044,SMB,West,2026-08-25,10,4318.8,36.0
45,Customer 00045,Consumer,South,2026-03-19,6,12014.69,24.8
46,Customer 00046,Enterprise,North,2026-08-10,6,3338.21,45.7
47,Customer 00047,Consumer,South,2026-06-14,5,20986.88,69.8
48,Customer 00048,SMB,North,2026-09-08,11,22364.989999999998,26.0
49,Customer 00049,Consumer,South,2026-06-01,5,10733.1,67.6
50,Customer 00050,Consumer,West,2026-07-24,4,8135.5,57.1
51,Customer 00051,Consumer,West,2026-07-02,9,9643.07,27.6
52,Customer 00052,Consumer,North,2026-05-21,5,15851.3,65.9
53,Customer 00053,SMB,West,2026-09-07,8,28009.079999999998,63.0
54,Customer 00054,Enterprise,Central,2026-08-12,14,44253.26,18.3
55,Customer 00055,Consumer,North,2026-03-15,10,8940.72,25.2
56,Customer 00056,Consumer,North,2026-03-05,4,6966.84,69.1
57,Customer 00057,SMB,South,2026-05-31,7,6836.21,37.7
58,Customer 00058,SMB,East,2026-09-06,8,91457.2,55.7
59,Customer 00059,Enterprise,North,2026-08-14,5,10179.89,81.7
60,Customer 00060,Consumer,East,2026-09-12,5,19765.68,71.5
61,Customer 00061,SMB,West,2026-08-14,4,12860.18,61.8
62,Customer 00062,Consumer,Central,2026-08-15,4,11651.25,79.6
63,Customer 00063,SMB,North,2026-05-27,8,7643.97,48.3
64,Customer 00064,SMB,East,2026-08-05,8,20024.43,54.1
65,Customer 00065,SMB,Central,2026-09-05,8,19255.39,50.5
66,Customer 00066,Consumer,North,2026-09-09,7,89044.31999999999,35.2
67,Customer 00067,Consumer,North,2026-03-31,3,13338.26,67.6
68,Customer 00068,Consumer,South,2026-05-01,7,25536.08,56.5
69,Customer 00069,Consumer,South,2026-08-01,5,4099.33,56.2
70,Customer 00070,Consumer,East,2026-04-16,5,10866.3,68.2
71,Customer 00071,Consumer,North,2026-09-28,6,83495.29999999999,37.6
72,Customer 00072,SMB,North,2026-09-04,8,23006.85,49.7
73,Customer 00073,Consumer,North,2026-09-05,3,9195.39,78.5
74,Customer 00074,Consumer,South,2026-03-23,6,1651.99,81.3
75,Customer 00075,SMB,North,2026-09-29,5,73216.98000000001,76.8
76,Customer 00076,Consumer,Central,2026-07-19,3,11573.54,75.0
77,Customer 00077,Consumer,North,2026-04-12,5,6688.87,63.1
78,Customer 00078,Consumer,South,2026-05-30,5,11878.41,96.9
79,Customer 00079,Consumer,South,2026-09-16,7,24454.91,68.3
80,Customer 00080,Consumer,East,2026-08-16,7,5293.13,47.6
81,Customer 00081,SMB,South,2026-03-22,7,8762.58,21.1
82,Customer 00082,Consumer,East,2026-09-26,8,7884.969999999999,38.8
83,Customer 00083,Consumer,East,2026-09-15,9,16125.69,57.2
84,Customer 00084,Consumer,North,2026-09-22,8,17826.7,61.8
85,Customer 00085,Consumer,South,2026-03-25,4,6306.94,62.4
86,Customer 00086,Consumer,North,2026-05-05,6,11280.62,43.5
87,Customer 00087,Consumer,West,2026-04-02,6,13786.88,57.1
88,Customer 00088,Consumer,North,2026-09-21,8,52378.52,37.6
89,Customer 00089,Consumer,North,2026-04-06,5,23265.26,61.5
90,Customer 00090,Consumer,Central,2026-09-10,7,36252.32,50.7
91,Customer 00091,SMB,West,2026-09-23,6,30373.629999999997,71.3
92,Customer 00092,SMB,Central,2026-07-18,10,72816.43,40.1
93,Customer 00093,Consumer,North,2026-09-19,7,9552.41,44.6
94,Customer 00094,Enterprise,East,2026-09-23,7,203938.25,68.1
95,Customer 00095,Consumer,Central,2026-03-11,4,11294.83,65.4
96,Customer 00096,Consumer,Central,2026-09-04,5,11763.23,67.2
97,Customer 00097,Consumer,West,2026-08-20,8,13734.86,26.5
98,Customer 00098,Consumer,West,2026-08-13,3,14214.6,79.4
99,Customer 00099,Enterprise,West,2026-08-06,5,5523.22,64.5
100,Customer 00100,SMB,Central,2026-03-15,6,15136.21,82.8
101,Customer 00101,Consumer,Central,2026-06-30,8,7099.67,58.5
102,Customer 00102,Consumer,South,2026-09-23,9,38638.53,63.5
103,Customer 00103,Consumer,Central,2026-05-06,3,20243.24,80.4
104,Customer 00104,Consumer,East,2026-06-16,2,10497.11,91.1
105,Customer 00105,Consumer,Central,2026-05-07,6,26865.21,60.5
106,Customer 00106,Consumer,East,2026-04-30,8,10668.74,28.9
107,Customer 00107,SMB,North,2026-03-13,4,10690.21,78.0
108,Customer 00108,Consumer,North,2026-06-30,6,25390.29,89.5
109,Customer 00109,Consumer,North,2026-06-12,9,9945.31,38.6
110,Customer 00110,Consumer,North,2026-03-12,6,14507.44,53.1
111,Customer 00111,SMB,East,2026-03-19,3,7073.87,60.4
112,Customer 00112,Consumer,South,2026-09-16,10,16235.640000000001,34.5
113,Customer 00113,Enterprise,Central,2026-04-01,8,11142.43,33.7
114,Customer 00114,SMB,North,2026-07-31,5,9450.13,48.2
115,Customer 00115,Consumer,East,2026-05-12,6,17881.91,49.5
116,Customer 00116,Consumer,Central,2026-09-14,9,23783.260000000002,59.4
117,Customer 00117,Consumer,South,2026-04-07,4,10122.86,54.4
118,Customer 00118,SMB,Central,2026-06-03,4,3979.45,50.9
119,Customer 00119,Consumer,Central,2026-05-09,3,9045.42,60.9
120,Customer 00120,Consumer,South,2026-08-06,7,32631.99,30.6
121,Customer 00121,Consumer,West,2026-04-12,9,8109.44,23.6
122,Customer 00122,Consumer,East,2026-07-25,5,1241.72,89.4
123,Customer 00123,Consumer,East,2026-08-12,3,77814.9,70.2
124,Customer 00124,Consumer,North,2026-07-21,7,31152.77,51.4
125,Customer 00125,Consumer,South,2026-08-02,8,12227.15,30.6
126,Customer 00126,Consumer,East,2026-09-18,4,14814.43,67.6
127,Customer 00127,Consumer,East,2026-06-14,7,9341.89,54.3
128,Customer 00128,Consumer,Central,2026-06-27,5,11387.67,88.2
129,Customer 00129,Consumer,West,2026-05-23,7,21684.67,50.9
130,Customer 00130,Consumer,North,2026-04-19,10,10123.8,30.6
131,Customer 00131,Consumer,North,2026-03-15,5,10172.77,64.4
132,Customer 00132,Consumer,West,2026-03-19,7,32535.77,58.5
133,Customer 00133,Consumer,East,2026-05-12,6,6379.03,59.9
134,Customer 00134,SMB,South,2026-07-06,6,7709.06,54.6
135,Customer 00135,Consumer,East,2026-04-19,9,6951.4,34.8
136,Customer 00136,Consumer,North,2026-07-19,5,6385.95,61.8
137,Customer 00137,SMB,West,2026-06-24,9,13328.88,37.2
138,Customer 00138,SMB,South,2026-04-19,2,6633.1,80.5
139,Customer 00139,Consumer,North,2026-03-31,9,8032.71,19.2
140,Customer 00140,SMB,East,2026-09-24,8,175428.86000000002,63.4
141,Customer 00141,Consumer,East,2026-09-27,2,12759.779999999999,100.0
142,Customer 00142,Consumer,North,2026-06-26,10,6157.2,29.5
143,Customer 00143,Enterprise,West,2026-08-21,2,28110.97,100.0
144,Customer 00144,Consumer,Central,2026-06-15,8,6257.18,26.0
145,Customer 00145,Enterprise,North,2026-04-27,10,7159.55,18.5
146,Customer 00146,SMB,South,2026-09-03,8,106457.39000000001,67.5
147,Customer 00147,Consumer,West,2026-09-09,8,31102.86,53.7
148,Customer 00148,Consumer,South,2026-07-14,6,3502.73,66.1
149,Customer 00149,Consumer,Central,2026-09-11,12,253819.63,31.7
150,Customer 00150,Consumer,West,2026-09-13,6,39323.380000000005,61.2
151,Customer 00151,Consumer,South,2026-08-25,8,6188.91,54.0
152,Customer 00152,Consumer,North,2026-04-28,7,9498.36,53.4
153,Customer 00153,SMB,West,2026-06-08,9,50650.87,0.4
154,Customer 00154,SMB,East,2026-09-18,7,162680.96,52.4
155,Customer 00155,Consumer,Central,2026-08-16,8,19118.58,44.9
156,Customer 00156,SMB,North,2026-09-03,4,68690.38,91.0
157,Customer 00157,Consumer,West,2026-09-06,8,33861.29,51.9
158,Customer 00158,Consumer,East,2026-09-30,8,74384.44,46.8
159,Customer 00159,Consumer,Central,2026-04-14,4,16601.98,56.2
160,Customer 00160,Enterprise,South,2026-08-10,6,10223.58,58.9
161,Customer 00161,Consumer,West,2026-06-24,9,3025.25,38.4
162,Customer 00162,SMB,South,2026-06-23,5,3907.89,61.1
163,Customer 00163,SMB,Central,2026-09-16,4,27441.54,94.2
164,Customer 00164,Consumer,South,2026-07-28,5,14225.27,67.7
165,Customer 00165,SMB,Central,2026-04-04,6,4487.79,80.1
166,Customer 00166,Consumer,East,2026-06-28,6,9718.44,37.4
167,Customer 00167,SMB,Central,2026-09-26,7,17240.530000000002,85.7
168,Customer 00168,Consumer,East,2026-04-06,4,16123.38,87.8
169,Customer 00169,SMB,East,2026-09-25,6,34691.06,77.6
170,Customer 00170,Consumer,North,2026-08-20,11,38441.67,17.1
171,Customer 00171,Consumer,North,2026-08-30,3,15152.08,89.7
172,Customer 00172,Consumer,West,2026-09-24,6,224896.73,49.9
173,Customer 00173,Consumer,West,2026-03-27,8,4287.1,65.5
174,Customer 00174,Consumer,East,2026-09-22,11,42974.36,28.8
175,Customer 00175,SMB,Central,2026-07-01,6,4313.0,81.2
176,Customer 00176,SMB,West,2026-03-16,5,8224.82,61.2
177,Customer 00177,Consumer,South,2026-07-22,8,26225.52,32.0
178,Customer 00178,Consumer,West,2026-09-13,6,19078.920000000002,67.1
179,Customer 00179,Consumer,Central,2026-07-17,9,11678.35,31.5
180,Customer 00180,Enterprise,East,2026-03-19,7,4065.05,31.7
181,Customer 00181,SMB,Central,2026-06-10,7,11822.66,64.0
182,Customer 00182,Consumer,East,2026-09-26,6,43531.95,66.5
183,Customer 00183,Consumer,Central,2026-08-18,7,8538.91,47.1
184,Customer 00184,Consumer,South,2026-09-15,6,41255.62,50.6
185,Customer 00185,Consumer,South,2026-04-22,5,11910.1,61.8
186,Customer 00186,Enterprise,West,2026-03-27,11,3972.85,20.4
187,Customer 00187,Consumer,North,2026-06-21,6,8853.64,68.9
188,Customer 00188,Consumer,North,2026-03-28,7,13558.66,34.3
189,Customer 00189,SMB,North,2026-09-23,9,29291.94,57.4
190,Customer 00190,Consumer,North,2026-06-16,7,20814.69,59.0
191,Customer 00191,Consumer,Central,2026-09-18,8,15784.119999999999,42.4
192,Customer 00192,SMB,West,2026-06-22,7,11073.75,34.2
193,Customer 00193,Enterprise,South,2026-08-28,2,6413.84,92.3
194,Customer 00194,SMB,North,2026-05-10,6,9360.34,53.2
195,Customer 00195,Consumer,South,2026-05-05,8,12709.7,14.0
196,Customer 00196,Consumer,South,2026-05-11,9,12612.5,36.9
197,Customer 00197,Consumer,East,2026-05-23,8,3316.0,31.1
198,Customer 00198,Consumer,East,2026-03-21,6,35204.09,66.1
199,Customer 00199,Consumer,Central,2026-08-09,3,83565.14,82.8
200,Customer 00200,SMB,North,2026-09-25,7,44935.78,59.6
201,Customer 00201,Consumer,South,2026-09-23,6,5921.85,39.6
202,Customer 00202,Enterprise,East,2026-05-14,2,4985.48,75.6
203,Customer 00203,Enterprise,Central,2026-04-11,9,2400.15,15.7
204,Customer 00204,Consumer,West,2026-09-08,7,90128.32999999999,62.4
205,Customer 00205,Consumer,South,2026-09-29,3,13312.24,91.2
206,Customer 00206,SMB,East,2026-03-16,6,6445.79,63.3
207,Customer 00207,Consumer,South,2026-08-27,6,4376.21,88.2
208,Customer 00208,Consumer,South,2026-08-24,4,2302.17,60.6
209,Customer 00209,Consumer,East,2026-07-01,3,14669.14,74.8
210,Customer 00210,SMB,North,2026-05-22,10,25483.97,34.7
211,Customer 00211,Consumer,West,2026-05-15,8,6908.66,22.8
212,Customer 00212,Consumer,Central,2026-05-02,11,11587.35,30.6
213,Customer 00213,SMB,South,2026-09-02,7,14970.45,56.2
214,Customer 00214,SMB,East,2026-09-05,9,80060.23,45.5
215,Customer 00215,Consumer,North,2026-07-14,7,2686.45,27.9
216,Customer 00216,Consumer,North,2026-09-28,7,110243.57999999999,62.6
217,Customer 00217,Consumer,North,2026-07-19,5,28576.65,61.6
218,Customer 00218,SMB,North,2026-06-01,4,9105.71,97.9
219,Customer 00219,SMB,North,2026-04-25,9,21007.33,48.7
220,Customer 00220,Consumer,South,2026-09-02,4,25474.219999999998,84.4
221,Customer 00221,Consumer,South,2026-08-31,5,12591.44,89.2
222,Customer 00222,SMB,East,2026-07-23,5,11050.76,50.6
223,Customer 00223,Consumer,South,2026-03-06,7,10909.15,47.1
224,Customer 00224,Consumer,Central,2026-04-28,5,2589.17,53.2
225,Customer 00225,Consumer,South,2026-09-07,6,44031.79000000001,68.5
226,Customer 00226,SMB,Central,2026-09-30,7,236212.04,78.6
227,Customer 00227,Consumer,Central,2026-07-23,9,5863.08,42.1
228,Customer 00228,Consumer,East,2026-06-16,8,2300.33,46.6
229,Customer 00229,SMB,East,2026-04-11,5,7331.97,82.4
230,Customer 00230,Consumer,East,2026-04-11,6,3405.52,68.6
231,Customer 00231,Consumer,West,2026-09-03,7,11055.24,76.9
232,Customer 00232,Consumer,West,2026-05-11,3,7299.46,78.2
233,Customer 00233,Consumer,West,2026-08-16,10,21082.74,33.0
234,Customer 00234,Enterprise,East,2026-05-05,7,34554.9,44.0
235,Customer 00235,Consumer,North,2026-05-26,5,2830.78,55.8
236,Customer 00236,Consumer,East,2026-06-02,8,7520.14,50.8
237,Customer 00237,Consumer,West,2026-08-09,4,7951.07,67.3
238,Customer 00238,Consumer,South,2026-09-19,7,55487.52,50.5
239,Customer 00239,SMB,North,2026-09-21,6,217572.68000000002,61.8
240,Customer 00240,SMB,East,2026-07-15,4,3312.83,95.1
241,Customer 00241,Consumer,North,2026-05-02,5,15782.79,73.6
242,Customer 00242,Consumer,North,2026-05-15,8,17374.24,41.3
243,Customer 00243,SMB,South,2026-05-29,4,3229.05,91.7
244,Customer 00244,SMB,Central,2026-09-23,10,25266.09,23.4
245,Customer 00245,SMB,South,2026-07-08,7,10101.79,58.9
246,Customer 00246,SMB,East,2026-08-02,5,22975.58,59.9
247,Customer 00247,SMB,North,2026-07-11,4,8998.14,82.5
248,Customer 00248,Consumer,West,2026-09-22,3,23084.199999999997,100.0
249,Customer 00249,SMB,North,2026-03-17,9,26682.64,52.8
250,Customer 00250,Enterprise,West,2026-09-27,7,163911.51,72.2
251,Customer 00251,Enterprise,East,2026-08-26,3,2768.93,92.9
252,Customer 00252,Consumer,East,2026-09-19,10,42836.39,30.1
253,Customer 00253,Consumer,Central,2026-09-26,7,49895.06999999999,65.7
254,Customer 00254,Consumer,East,2026-05-09,10,9862.94,39.2
255,Customer 00255,Consumer,Central,2026-07-05,6,11532.57,49.7
256,Customer 00256,Consumer,West,2026-06-01,5,13100.95,80.4
257,Customer 00257,Consumer,North,2026-05-17,9,20281.75,35.5
258,Customer 00258,Consumer,East,2026-05-31,7,15913.7,58.2
259,Customer 00259,Consumer,North,2026-08-07,7,20496.08,40.9
260,Customer 00260,Consumer,East,2026-09-29,9,35738.03,57.5
261,Customer 00261,Consumer,East,2026-06-02,8,3532.91,49.3
262,Customer 00262,Enterprise,East,2026-07-31,5,2440.19,55.4
263,Customer 00263,Consumer,North,2026-04-12,4,6360.23,51.0
264,Customer 00264,Consumer,West,2026-05-12,5,13864.02,72.0
265,Customer 00265,Consumer,West,2026-05-30,6,16085.26,53.6
266,Customer 00266,Consumer,West,2026-04-13,4,5518.18,69.1
267,Customer 00267,Consumer,North,2026-05-30,9,15991.79,11.9
268,Customer 00268,Consumer,North,2026-03-21,4,17173.04,74.5
269,Customer 00269,SMB,South,2026-09-09,9,61353.659999999996,45.1
270,Customer 00270,SMB,Central,2026-09-03,8,37778.76,41.2
271,Customer 00271,Consumer,East,2026-07-20,3,6995.3,88.1
272,Customer 00272,Consumer,Central,2026-09-12,6,42911.29,62.8
273,Customer 00273,SMB,South,2026-03-13,9,5287.27,37.6
274,Customer 00274,Enterprise,West,2026-07-14,5,25011.31,62.5
275,Customer 00275,Consumer,North,2026-06-03,8,12146.23,62.1
276,Customer 00276,Consumer,North,2026-04-25,11,30693.95,3.5
277,Customer 00277,Consumer,North,2026-08-02,6,5357.74,44.6
278,Customer 00278,Consumer,Central,2026-07-21,5,11861.2,75.5
279,Customer 00279,Consumer,Central,2026-08-17,7,2599.44,27.0
280,Customer 00280,Consumer,North,2026-07-31,3,10178.06,88.8
281,Customer 00281,Consumer,West,2026-06-21,6,9908.32,39.5
282,Customer 00282,Consumer,South,2026-04-18,8,10673.07,34.8
283,Customer 00283,Consumer,North,2026-08-11,2,5481.24,94.6
284,Customer 00284,Consumer,North,2026-09-08,12,33454.51,29.0
285,Customer 00285,Consumer,Central,2026-07-02,8,10797.61,57.6
286,Customer 00286,Consumer,Central,2026-03-16,2,5154.94,73.8
287,Customer 00287,Consumer,East,2026-05-03,5,6289.83,63.7
288,Customer 00288,SMB,West,2026-09-24,6,5364.34,77.7
289,Customer 00289,Consumer,West,2026-08-22,4,15250.3,79.9
290,Customer 00290,Consumer,Central,2026-09-18,13,265120.51,33.0
291,Customer 00291,Consumer,South,2026-03-23,6,70598.26,66.1
292,Customer 00292,Consumer,South,2026-05-10,10,7510.98,24.3
293,Customer 00293,Consumer,South,2026-07-22,7,11748.3,60.2
294,Customer 00294,Consumer,Central,2026-09-11,12,171658.83000000002,10.7
295,Customer 00295,Enterprise,West,2026-04-18,10,1983.94,26.0
296,Customer 00296,Consumer,South,2026-09-25,4,20022.93,81.1
297,Customer 00297,Enterprise,South,2026-05-14,10,7062.26,20.9
298,Customer 00298,SMB,Central,2026-07-18,7,11651.59,14.6
299,Customer 00299,Enterprise,North,2026-05-07,5,34009.93,69.6
300,Customer 00300,Consumer,South,2026-05-21,4,9407.81,74.0
301,Customer 00301,SMB,South,2026-06-05,4,5268.07,83.6
302,Customer 00302,Consumer,North,2026-03-31,6,15725.09,58.5
303,Customer 00303,Consumer,West,2026-09-11,7,212908.29,48.6
304,Customer 00304,Consumer,Central,2026-09-27,4,344284.13999999996,60.7
305,Customer 00305,Consumer,North,2026-09-25,7,70316.79,51.3
306,Customer 00306,Consumer,South,2026-04-08,5,3073.44,58.6
307,Customer 00307,Consumer,Central,2026-08-05,7,2383.58,48.0
308,Customer 00308,Consumer,North,2026-05-20,7,15659.59,58.4
309,Customer 00309,Consumer,South,2026-09-29,8,30939.4,36.6
310,Customer 00310,Enterprise,South,2026-08-21,7,2481.74,51.7
311,Customer 00311,Consumer,East,2026-05-23,10,7018.37,38.9
312,Customer 00312,Consumer,North,2026-08-11,2,2581.96,86.9
313,Customer 00313,Consumer,North,2026-09-03,6,232326.06,75.2
314,Customer 00314,Consumer,West,2026-03-30,7,23792.06,54.5
315,Customer 00315,Consumer,West,2026-09-11,4,9174.470000000001,91.2
316,Customer 00316,Consumer,East,2026-04-11,3,10866.5,71.2
317,Customer 00317,Enterprise,West,2026-03-10,5,28723.27,50.1
318,Customer 00318,Consumer,East,2026-08-25,5,6881.64,60.7
319,Customer 00319,Consumer,South,2026-06-21,6,25168.98,52.8
320,Customer 00320,SMB,North,2026-06-29,2,7485.26,83.2
321,Customer 00321,Consumer,North,2026-08-23,5,16559.12,75.3
322,Customer 00322,Consumer,South,2026-05-17,6,6725.83,44.9
323,Customer 00323,Consumer,West,2026-09-26,6,15604.61,74.6
324,Customer 00324,Consumer,West,2026-07-28,6,7426.92,55.9
325,Customer 00325,Consumer,South,2026-03-08,6,15667.15,70.8
326,Customer 00326,SMB,North,2026-06-21,5,8687.61,81.6
327,Customer 00327,Consumer,East,2026-06-06,4,11954.17,79.1
328,Customer 00328,Consumer,East,2026-09-06,4,84423.72,80.5
329,Customer 00329,SMB,South,2026-07-30,5,2608.38,72.1
330,Customer 00330,Consumer,South,2026-04-11,6,33178.44,45.8
331,Customer 00331,Consumer,North,2026-07-29,8,11453.73,52.7
332,Customer 00332,Consumer,Central,2026-06-03,8,19215.94,42.2
333,Customer 00333,Consumer,Central,2026-09-19,7,107890.04,51.9
334,Customer 00334,Consumer,East,2026-09-27,13,28726.179999999997,28.4
335,Customer 00335,Consumer,South,2026-04-03,6,20095.44,44.5
336,Customer 00336,Consumer,West,2026-07-05,9,12890.25,49.7
337,Customer 00337,SMB,East,2026-03-31,4,39338.97,68.3
338,Customer 00338,Consumer,North,2026-05-25,5,14788.52,61.9
339,Customer 00339,Consumer,South,2026-03-22,6,12112.05,50.8
340,Customer 00340,SMB,East,2026-04-26,9,17335.59,22.5
341,Customer 00341,Consumer,Central,2026-07-23,7,5002.27,50.8
342,Customer 00342,Consumer,South,2026-04-04,5,16605.27,56.4
343,Customer 00343,SMB,North,2026-07-06,7,14595.83,32.6
344,Customer 00344,Consumer,West,2026-04-22,4,5067.13,67.2
345,Customer 00345,Consumer,South,2026-06-20,8,9072.71,49.8
346,Customer 00346,Consumer,East,2026-07-09,5,14052.08,92.0
347,Customer 00347,Consumer,Central,2026-07-02,5,13272.52,42.6
348,Customer 00348,Consumer,West,2026-08-27,3,22417.15,88.8
349,Customer 00349,Consumer,North,2026-09-05,5,44035.54,84.5
350,Customer 00350,Consumer,South,2026-08-22,4,23014.65,73.2
351,Customer 00351,Consumer,South,2026-07-14,5,3775.88,60.5
352,Customer 00352,Consumer,South,2026-05-05,3,15774.78,68.5
353,Customer 00353,Consumer,North,2026-06-27,2,9330.99,100.0
354,Customer 00354,SMB,Central,2026-08-20,4,12087.25,45.8
355,Customer 00355,SMB,West,2026-05-20,10,6765.7,27.9
356,Customer 00356,SMB,South,2026-07-28,4,19733.33,77.4
357,Customer 00357,Enterprise,South,2026-04-22,4,9193.44,62.9
358,Customer 00358,Consumer,Central,2026-05-20,5,10966.35,47.4
359,Customer 00359,Consumer,South,2026-05-08,5,19775.72,51.2
360,Customer 00360,Consumer,South,2026-06-23,3,6626.18,79.2
361,Customer 00361,Consumer,Central,2026-03-28,5,4356.57,57.4
362,Customer 00362,Consumer,East,2026-09-22,12,17439.03,42.9
363,Customer 00363,Consumer,West,2026-05-06,4,6712.68,78.5
364,Customer 00364,Enterprise,North,2026-04-18,5,28200.42,46.9
365,Customer 00365,Enterprise,East,2026-08-16,10,7533.43,28.4
366,Customer 00366,Consumer,West,2026-04-16,4,8606.99,79.2
367,Customer 00367,Consumer,Central,2026-07-09,8,4010.73,38.5
368,Customer 00368,Consumer,West,2026-04-18,7,6420.48,53.4
369,Customer 00369,Consumer,West,2026-05-08,7,28206.83,53.4
370,Customer 00370,SMB,East,2026-06-27,3,3700.35,77.2
371,Customer 00371,Consumer,South,2026-05-31,4,23519.78,64.0
372,Customer 00372,Consumer,West,2026-03-11,4,8364.93,63.0
373,Customer 00373,Consumer,East,2026-09-25,7,39491.68,59.6
374,Customer 00374,Enterprise,North,2026-08-02,10,8909.71,34.3
375,Customer 00375,SMB,North,2026-04-30,6,10553.2,66.1
376,Customer 00376,Consumer,South,2026-08-07,8,8649.62,47.3
377,Customer 00377,SMB,East,2026-06-06,7,3147.51,48.5
378,Customer 00378,Enterprise,West,2026-09-03,8,22997.160000000003,30.4
379,Customer 00379,Enterprise,Central,2026-08-05,3,11795.63,88.4
380,Customer 00380,Consumer,South,2026-04-15,5,11245.43,87.4
381,Customer 00381,SMB,West,2026-04-07,9,10474.02,16.7
382,Customer 00382,Consumer,Central,2026-08-08,10,10799.14,17.2
383,Customer 00383,Consumer,North,2026-04-12,9,7320.16,24.4
384,Customer 00384,Consumer,East,2026-09-22,9,249112.31999999998,52.1
385,Customer 00385,Consumer,North,2026-09-15,5,201567.87000000002,70.6
386,Customer 00386,Consumer,North,2026-09-27,6,22166.78,85.7
387,Customer 00387,SMB,North,2026-04-29,7,25533.39,67.3
388,Customer 00388,Consumer,North,2026-05-17,3,2516.79,75.0
389,Customer 00389,Enterprise,Central,2026-07-24,6,5801.31,71.1
390,Customer 00390,Consumer,South,2026-06-08,1,4100.7,86.1
391,Customer 00391,Consumer,Central,2026-05-27,7,6376.65,53.8
392,Customer 00392,Consumer,North,2026-08-10,7,9356.58,51.1
393,Customer 00393,Enterprise,North,2026-08-13,3,18679.85,74.7
394,Customer 00394,Enterprise,North,2026-07-23,4,12466.42,72.6
395,Customer 00395,SMB,South,2026-04-30,9,11731.83,29.3
396,Customer 00396,Consumer,Central,2026-07-06,6,9956.26,68.4
397,Customer 00397,Consumer,East,2026-06-22,7,2450.18,39.1
398,Customer 00398,Consumer,East,2026-06-14,8,29931.23,62.8
399,Customer 00399,Enterprise,South,2026-05-23,4,19402.67,70.1
400,Customer 00400,SMB,North,2026-09-18,6,20384.36,55.6
401,Customer 00401,Consumer,East,2026-09-29,7,50660.72,83.1
402,Customer 00402,Consumer,South,2026-09-17,8,18529.43,42.6
403,Customer 00403,SMB,Central,2026-06-10,3,4420.59,72.2
404,Customer 00404,Consumer,South,2026-06-13,6,17859.06,49.7
405,Customer 00405,Enterprise,North,2026-05-09,7,5714.43,41.4
406,Customer 00406,Consumer,South,2026-05-25,7,12588.34,47.8
407,Customer 00407,Enterprise,North,2026-03-31,3,15008.13,65.8
408,Customer 00408,Consumer,West,2026-09-26,4,9801.45,71.9
409,Customer 00409,SMB,East,2026-04-14,4,12888.83,82.3
410,Customer 00410,Consumer,Central,2026-04-15,4,20594.63,67.6
411,Customer 00411,Consumer,West,2026-05-04,5,8502.33,69.1
412,Customer 00412,Consumer,West,2026-03-14,6,5691.12,60.0
413,Customer 00413,Consumer,Central,2026-04-15,8,6996.4,11.8
414,Customer 00414,SMB,East,2026-06-27,7,14139.77,39.2
415,Customer 00415,Consumer,East,2026-08-11,7,27397.1,51.7
416,Customer 00416,Consumer,East,2026-07-30,9,4019.26,66.4
417,Customer 00417,Consumer,East,2026-05-18,9,2202.94,44.0
418,Customer 00418,Consumer,South,2026-05-12,7,5313.98,43.9
419,Customer 00419,Consumer,Central,2026-07-25,4,4377.55,62.1
420,Customer 00420,Consumer,West,2026-06-05,7,18966.45,64.5
421,Customer 00421,Consumer,West,2026-09-05,10,15615.3,39.6
422,Customer 00422,Consumer,East,2026-06-01,7,12544.65,46.4
423,Customer 00423,Consumer,East,2026-05-23,6,10577.59,49.8
424,Customer 00424,Enterprise,Central,2026-07-11,5,12967.84,54.5
425,Customer 00425,Consumer,West,2026-08-31,9,10726.51,44.0
426,Customer 00426,Enterprise,North,2026-09-16,6,70923.93000000001,79.1
427,Customer 00427,Consumer,South,2026-07-08,4,8572.18,84.6
428,Customer 00428,SMB,Central,2026-05-08,6,4873.95,59.9
429,Customer 00429,Consumer,Central,2026-08-11,3,4877.9,63.3
430,Customer 00430,SMB,West,2026-03-05,4,6128.35,50.4
431,Customer 00431,SMB,North,2026-04-03,7,15357.55,48.2
432,Customer 00432,Consumer,North,2026-09-23,5,49245.2,93.2
433,Customer 00433,Consumer,East,2026-09-30,7,93065.07,72.0
434,Customer 00434,Consumer,West,2026-07-19,3,3970.41,84.1
435,Customer 00435,SMB,West,2026-03-14,6,11482.55,72.9
436,Customer 00436,Consumer,North,2026-06-21,3,5332.55,87.5
437,Customer 00437,Consumer,North,2026-09-11,10,36366.62,53.6
438,Customer 00438,SMB,North,2026-08-31,7,9722.71,54.6
439,Customer 00439,Consumer,Central,2026-04-20,4,8706.43,82.0
440,Customer 00440,Consumer,North,2026-04-19,6,5358.01,43.7
441,Customer 00441,Enterprise,East,2026-03-21,4,13425.17,61.7
442,Customer 00442,SMB,East,2026-08-11,8,22832.14,42.9
443,Customer 00443,SMB,North,2026-09-30,9,131888.69,31.5
444,Customer 00444,Consumer,South,2026-05-17,7,4342.29,40.6
445,Customer 00445,Consumer,Central,2026-08-24,7,31478.38,43.1
446,Customer 00446,Consumer,North,2026-05-13,4,15770.6,72.3
447,Customer 00447,Consumer,East,2026-08-12,5,8533.73,66.3
448,Customer 00448,SMB,North,2026-07-12,7,5810.84,45.3
449,Customer 00449,Consumer,Central,2026-09-10,10,9159.14,34.2
450,Customer 00450,SMB,East,2026-08-01,7,10476.41,62.0
451,Customer 00451,Consumer,East,2026-09-25,11,88270.52,31.0
452,Customer 00452,Consumer,North,2026-09-26,8,12319.21,52.4
453,Customer 00453,SMB,South,2026-05-27,8,7946.02,51.8
454,Customer 00454,Enterprise,West,2026-03-19,7,7393.61,43.2
455,Customer 00455,Consumer,North,2026-09-03,7,65075.69,59.6
456,Customer 00456,Consumer,Central,2026-04-25,5,16129.14,70.7
457,Customer 00457,Consumer,East,2026-05-31,8,15642.51,43.4
458,Customer 00458,Consumer,South,2026-09-02,8,56409.380000000005,30.6
459,Customer 00459,Consumer,South,2026-06-10,3,24542.97,82.5
460,Customer 00460,Consumer,Central,2026-08-23,9,11220.57,44.3
461,Customer 00461,SMB,West,2026-06-15,6,12633.18,50.4
462,Customer 00462,Consumer,South,2026-09-26,5,26901.91,70.8
463,Customer 00463,SMB,North,2026-04-23,5,16034.75,58.7
464,Customer 00464,Consumer,Central,2026-09-28,6,69608.78,78.0
465,Customer 00465,Consumer,Central,2026-03-05,4,2788.56,83.0
466,Customer 00466,Enterprise,West,2026-05-04,9,4725.92,21.7
467,Customer 00467,Consumer,East,2026-06-23,5,11285.58,69.7
468,Customer 00468,SMB,North,2026-08-19,5,5321.11,65.5
469,Customer 00469,SMB,Central,2026-09-21,10,18691.93,38.7
470,Customer 00470,SMB,Central,2026-04-16,5,2725.59,64.2
471,Customer 00471,SMB,South,2026-09-26,10,58693.549999999996,50.0
472,Customer 00472,Consumer,Central,2026-06-07,5,5784.69,54.1
473,Customer 00473,Consumer,Central,2026-06-26,8,5443.81,27.2
474,Customer 00474,Consumer,West,2026-04-02,12,8503.4,1.8
475,Customer 00475,Consumer,North,2026-08-17,6,2436.14,55.3
476,Customer 00476,Consumer,South,2026-05-09,10,9377.25,41.8
477,Customer 00477,Consumer,West,2026-07-17,8,11412.16,61.2
478,Customer 00478,SMB,West,2026-09-01,8,375189.23,41.9
479,Customer 00479,SMB,North,2026-09-19,3,27830.6,76.1
480,Customer 00480,Consumer,North,2026-06-28,5,1059.05,80.9
481,Customer 00481,Consumer,North,2026-05-31,6,20340.19,47.0
482,Customer 00482,Consumer,North,2026-07-19,4,8981.68,76.5
483,Customer 00483,Consumer,South,2026-08-17,6,6974.8,52.0
484,Customer 00484,SMB,North,2026-09-08,9,70479.1,61.8
485,Customer 00485,Consumer,North,2026-08-25,9,9985.41,55.4
486,Customer 00486,Consumer,West,2026-09-20,5,7188.85,74.8
487,Customer 00487,Consumer,Central,2026-07-09,3,1874.64,85.8
488,Customer 00488,Consumer,North,2026-08-10,7,10283.07,46.0
489,Customer 00489,Enterprise,North,2026-03-26,3,12942.85,82.1
490,Customer 00490,Consumer,South,2026-07-16,4,8667.76,82.9
491,Customer 00491,Consumer,West,2026-09-21,5,101656.26999999999,70.0
492,Customer 00492,Consumer,North,2026-03-30,6,23976.79,37.9
493,Customer 00493,Consumer,East,2026-08-06,7,6484.13,56.8
494,Customer 00494,Consumer,Central,2026-08-23,5,9661.9,45.7
495,Customer 00495,Consumer,Central,2026-03-09,10,13912.6,13.8
496,Customer 00496,Consumer,South,2026-06-24,6,18129.06,45.9
497,Customer 00497,Consumer,East,2026-05-15,1,7173.45,80.0
498,Customer 00498,Enterprise,North,2026-09-23,7,268953.68000000005,64.2
499,Customer 00499,Consumer,Central,2026-06-10,4,13637.23,58.3
500,Customer 00500,Enterprise,North,2026-03-11,6,8497.98,67.6
501,Customer 00501,Consumer,East,2026-04-03,5,3891.91,58.3
502,Customer 00502,SMB,West,2026-09-07,7,34584.1,78.9
503,Customer 00503,Consumer,Central,2026-05-08,4,5248.49,51.6
504,Customer 00504,Consumer,South,2026-07-05,4,20170.38,86.7
505,Customer 00505,SMB,North,2026-03-23,4,3414.41,92.3
506,Customer 00506,Enterprise,South,2026-08-29,4,14183.38,71.1
507,Customer 00507,SMB,Central,2026-04-16,5,3953.92,70.7
508,Customer 00508,SMB,South,2026-07-11,5,5496.23,63.1
509,Customer 00509,Consumer,Central,2026-05-09,4,7285.86,60.0
510,Customer 00510,Enterprise,West,2026-08-27,4,7983.84,72.6
511,Customer 00511,SMB,West,2026-08-08,10,8037.51,49.9
512,Customer 00512,Enterprise,East,2026-04-15,7,15252.51,43.4
513,Customer 00513,SMB,North,2026-05-16,5,6610.21,60.8
514,Customer 00514,Consumer,Central,2026-04-07,9,2783.8,26.0
515,Customer 00515,Consumer,North,2026-06-16,8,13497.36,46.6
516,Customer 00516,SMB,West,2026-08-27,9,46234.75,53.6
517,Customer 00517,SMB,West,2026-07-18,5,21662.84,57.1
518,Customer 00518,Consumer,North,2026-06-28,11,22584.95,8.8
519,Customer 00519,SMB,East,2026-09-02,7,34442.71,49.8
520,Customer 00520,Consumer,West,2026-04-22,9,8434.99,36.1
521,Customer 00521,Consumer,South,2026-09-20,10,210919.19999999998,47.5
522,Customer 00522,Consumer,East,2026-06-03,6,13831.34,71.1
523,Customer 00523,SMB,East,2026-09-20,12,43858.01,1.9
524,Customer 00524,Consumer,West,2026-09-15,9,15562.94,45.6
525,Customer 00525,Consumer,West,2026-07-17,8,10429.57,32.0
526,Customer 00526,Consumer,East,2026-07-26,6,8722.03,60.7
527,Customer 00527,Consumer,West,2026-05-17,5,16671.33,80.5
528,Customer 00528,Consumer,South,2026-03-08,5,26769.35,59.4
529,Customer 00529,Consumer,Central,2026-05-19,5,24760.97,42.8
530,Customer 00530,Consumer,South,2026-09-12,8,280596.77999999997,34.6
531,Customer 00531,Consumer,West,2026-03-25,2,5212.29,93.9
532,Customer 00532,Consumer,Central,2026-08-06,7,8780.75,49.5
533,Customer 00533,Enterprise,West,2026-03-27,9,7114.57,22.0
534,Customer 00534,Consumer,Central,2026-03-26,4,5958.82,76.5
535,Customer 00535,Consumer,West,2026-09-14,11,16687.21,10.6
536,Customer 00536,Consumer,Central,2026-04-03,7,8986.53,49.4
537,Customer 00537,Consumer,Central,2026-09-14,8,252222.39,57.2
538,Customer 00538,Consumer,South,2026-09-17,7,362288.49,61.1
539,Customer 00539,Consumer,West,2026-04-30,4,11379.05,78.8
540,Customer 00540,Consumer,Central,2026-09-24,6,211582.48,72.9
541,Customer 00541,Consumer,North,2026-09-13,5,17565.65,66.2
542,Customer 00542,SMB,South,2026-03-12,4,9978.35,51.5
543,Customer 00543,Consumer,West,2026-03-30,5,10742.46,62.0
544,Customer 00544,SMB,North,2026-09-07,8,220735.42,39.8
545,Customer 00545,Consumer,North,2026-08-20,4,16459.77,87.5
546,Customer 00546,SMB,North,2026-08-21,4,29079.53,80.7
547,Customer 00547,Consumer,Central,2026-09-21,4,60958.79,100.0
548,Customer 00548,Consumer,West,2026-06-29,3,35119.22,85.1
549,Customer 00549,Enterprise,Central,2026-09-21,8,20238.49,62.7
550,Customer 00550,SMB,West,2026-03-21,6,18042.59,33.3
551,Customer 00551,Consumer,West,2026-05-06,14,18591.63,0.4
552,Customer 00552,SMB,Central,2026-04-22,5,10470.92,57.4
553,Customer 00553,Consumer,West,2026-04-22,6,25611.0,67.0
554,Customer 00554,Consumer,West,2026-03-29,6,29118.06,50.9
555,Customer 00555,Consumer,East,2026-03-16,7,1818.47,49.2
556,Customer 00556,Consumer,North,2026-09-14,10,129313.78,33.9
557,Customer 00557,SMB,West,2026-09-04,6,51758.759999999995,66.7
558,Customer 00558,SMB,East,2026-07-04,4,12635.53,66.9
559,Customer 00559,Consumer,South,2026-06-12,5,7422.21,60.2
560,Customer 00560,Consumer,East,2026-05-06,10,7131.18,35.3
561,Customer 00561,SMB,South,2026-09-30,5,21385.86,81.5
562,Customer 00562,SMB,East,2026-04-21,4,24257.19,96.0
563,Customer 00563,SMB,East,2026-08-05,6,10550.3,50.9
564,Customer 00564,Consumer,South,2026-06-02,2,8697.28,91.7
565,Customer 00565,SMB,South,2026-03-07,4,14341.94,77.0
566,Customer 00566,Consumer,Central,2026-03-16,4,9333.53,73.2
567,Customer 00567,SMB,East,2026-05-30,6,14993.91,58.6
568,Customer 00568,Consumer,South,2026-09-10,4,30314.590000000004,55.9
569,Customer 00569,Consumer,East,2026-04-03,7,25667.51,43.0
570,Customer 00570,Consumer,South,2026-05-31,9,6588.85,49.4
571,Customer 00571,Consumer,East,2026-05-02,7,5509.05,56.1
572,Customer 00572,Consumer,North,2026-07-29,9,8094.24,44.9
573,Customer 00573,SMB,East,2026-04-19,6,5115.51,72.7
574,Customer 00574,Consumer,South,2026-06-15,4,32103.79,62.4
575,Customer 00575,SMB,East,2026-06-30,8,15170.98,41.2
576,Customer 00576,SMB,West,2026-08-25,5,7688.53,67.4
577,Customer 00577,SMB,Central,2026-08-29,7,34546.47,47.9
578,Customer 00578,Consumer,East,2026-07-26,4,10867.14,82.8
579,Customer 00579,SMB,Central,2026-09-05,10,443110.14,45.9
580,Customer 00580,Enterprise,East,2026-07-31,9,4638.03,31.5
581,Customer 00581,Consumer,West,2026-08-29,3,3852.32,75.2
582,Customer 00582,SMB,West,2026-06-25,4,11995.73,96.2
583,Customer 00583,Consumer,Central,2026-08-22,7,4823.71,48.4
584,Customer 00584,Consumer,East,2026-03-05,3,3542.65,77.0
585,Customer 00585,Consumer,Central,2026-06-01,4,21374.24,89.7
586,Customer 00586,Consumer,South,2026-08-28,3,7779.38,64.9
587,Customer 00587,Consumer,South,2026-09-03,8,78912.89,42.8
588,Customer 00588,Consumer,Central,2026-03-13,6,13348.69,71.2
589,Customer 00589,Consumer,West,2026-07-17,9,3906.94,13.6
590,Customer 00590,Enterprise,East,2026-03-13,4,8139.49,94.5
591,Customer 00591,SMB,North,2026-05-17,6,3894.15,55.8
592,Customer 00592,Consumer,North,2026-05-02,9,5485.36,41.7
593,Customer 00593,Consumer,South,2026-07-15,6,38620.16,53.1
594,Customer 00594,Consumer,East,2026-09-15,7,338862.43,48.3
595,Customer 00595,SMB,Central,2026-05-26,5,6806.66,87.8
596,Customer 00596,Consumer,East,2026-09-15,5,7563.54,77.1
597,Customer 00597,Consumer,Central,2026-09-25,8,201309.03999999998,51.8
598,Customer 00598,SMB,North,2026-03-24,8,10056.38,60.9
599,Customer 00599,Consumer,West,2026-08-10,5,16555.7,71.1
600,Customer 00600,Consumer,North,2026-06-23,6,10718.07,57.0
601,Customer 00601,Consumer,East,2026-08-10,3,4858.17,70.1
602,Customer 00602,Consumer,North,2026-06-19,7,8127.34,49.5
603,Customer 00603,Enterprise,East,2026-09-07,5,14954.66,90.9
604,Customer 00604,Enterprise,South,2026-09-26,8,17524.55,42.7
605,Customer 00605,Consumer,West,2026-05-06,3,12040.04,77.7
606,Customer 00606,Consumer,North,2026-08-25,7,22839.37,63.4
607,Customer 00607,Consumer,South,2026-08-28,6,8941.58,64.0
608,Customer 00608,Consumer,West,2026-05-02,7,46920.34,42.0
609,Customer 00609,Consumer,West,2026-09-11,8,9587.83,46.8
610,Customer 00610,Consumer,West,2026-09-07,7,401347.19999999995,54.5
611,Customer 00611,Consumer,Central,2026-09-25,8,34928.46,43.2
612,Customer 00612,Enterprise,West,2026-05-22,5,18958.8,63.7
613,Customer 00613,Consumer,South,2026-03-22,7,51746.01,39.8
614,Customer 00614,Consumer,South,2026-05-15,6,5067.88,77.2
615,Customer 00615,Consumer,West,2026-09-15,7,62471.630000000005,48.5
616,Customer 00616,Consumer,West,2026-09-18,8,16922.120000000003,46.1
617,Customer 00617,Enterprise,Central,2026-06-05,8,9179.11,40.2
618,Customer 00618,Consumer,West,2026-06-26,4,10419.81,66.9
619,Customer 00619,SMB,North,2026-04-04,6,5191.26,55.5
620,Customer 00620,Consumer,South,2026-05-13,4,13430.34,70.1
621,Customer 00621,Enterprise,Central,2026-08-12,8,10557.54,17.2
622,Customer 00622,SMB,East,2026-06-19,2,18830.67,100.0
623,Customer 00623,Consumer,West,2026-08-22,4,2570.14,93.7
624,Customer 00624,Consumer,East,2026-06-17,7,12716.9,48.6
625,Customer 00625,SMB,East,2026-09-08,4,90786.45,89.0
626,Customer 00626,Consumer,Central,2026-07-27,7,8744.31,64.7
627,Customer 00627,Enterprise,East,2026-09-02,5,13566.77,62.5
628,Customer 00628,Consumer,West,2026-07-29,5,13621.83,84.1
629,Customer 00629,Consumer,West,2026-07-15,6,4572.17,33.4
630,Customer 00630,SMB,Central,2026-04-09,7,4925.7,34.2
631,Customer 00631,Enterprise,South,2026-07-30,6,5196.05,51.3
632,Customer 00632,SMB,Central,2026-05-28,6,8486.97,54.8
633,Customer 00633,Consumer,South,2026-09-03,7,42256.520000000004,52.4
634,Customer 00634,SMB,West,2026-08-10,3,2949.7,75.4
635,Customer 00635,Consumer,North,2026-07-11,2,17857.35,81.9
636,Customer 00636,SMB,South,2026-09-26,9,136429.31,53.8
637,Customer 00637,Consumer,North,2026-07-12,8,12792.59,25.9
638,Customer 00638,SMB,South,2026-03-24,6,9159.53,68.7
639,Customer 00639,Consumer,North,2026-07-30,3,12020.05,75.4
640,Customer 00640,Consumer,Central,2026-06-05,6,8203.85,24.5
641,Customer 00641,SMB,South,2026-09-18,6,22894.04,66.7
642,Customer 00642,Consumer,Central,2026-09-28,9,49815.2,49.5
643,Customer 00643,Consumer,South,2026-04-20,6,15152.05,39.3
644,Customer 00644,Consumer,West,2026-07-13,4,42389.2,75.9
645,Customer 00645,Consumer,East,2026-04-13,4,14894.12,87.8
646,Customer 00646,SMB,North,2026-07-30,6,14730.38,64.4
647,Customer 00647,Consumer,West,2026-09-15,7,51915.15,51.1
648,Customer 00648,Consumer,Central,2026-07-14,3,16436.74,71.4
649,Customer 00649,Consumer,North,2026-07-04,4,9188.01,65.0
650,Customer 00650,Consumer,South,2026-04-17,5,5451.36,62.9
651,Customer 00651,Consumer,East,2026-07-20,7,8525.45,67.2
652,Customer 00652,Consumer,South,2026-08-05,7,9864.29,35.9
653,Customer 00653,Enterprise,East,2026-04-21,9,7032.79,27.6
654,Customer 00654,SMB,East,2026-06-25,4,15892.76,63.7
655,Customer 00655,SMB,West,2026-09-30,8,61769.63,61.9
656,Customer 00656,SMB,Central,2026-05-20,4,10772.72,83.3
657,Customer 00657,Consumer,East,2026-03-06,5,5645.68,62.3
658,Customer 00658,SMB,East,2026-06-24,4,6669.33,62.5
659,Customer 00659,Consumer,West,2026-09-19,7,44402.45,79.7
660,Customer 00660,SMB,West,2026-09-28,5,242296.24,87.7
661,Customer 00661,Consumer,Central,2026-09-06,8,17107.670000000002,36.5
662,Customer 00662,Consumer,East,2026-03-16,7,2644.16,68.4
663,Customer 00663,SMB,West,2026-08-08,10,6041.42,48.1
664,Customer 00664,SMB,North,2026-07-03,6,8335.61,66.1
665,Customer 00665,SMB,North,2026-09-19,5,24658.28,71.5
666,Customer 00666,Consumer,East,2026-03-05,5,9794.49,73.3
667,Customer 00667,Consumer,South,2026-06-17,5,12642.69,60.3
668,Customer 00668,SMB,West,2026-09-21,9,19954.17,28.7
669,Customer 00669,Consumer,Central,2026-08-30,8,5401.77,63.1
670,Customer 00670,Consumer,East,2026-08-31,7,11399.55,27.1
671,Customer 00671,Enterprise,North,2026-07-18,4,8515.52,97.1
672,Customer 00672,Consumer,East,2026-04-21,6,11714.68,59.0
673,Customer 00673,Consumer,West,2026-03-05,7,8551.28,42.8
674,Customer 00674,SMB,West,2026-08-24,9,11963.17,37.6
675,Customer 00675,SMB,Central,2026-03-10,3,7718.5,88.4
676,Customer 00676,Consumer,Central,2026-09-06,8,10034.54,44.4
677,Customer 00677,Consumer,Central,2026-04-01,4,2560.9,91.2
678,Customer 00678,Enterprise,East,2026-07-07,5,4536.79,62.6
679,Customer 00679,Consumer,West,2026-07-06,3,6239.18,78.5
680,Customer 00680,Consumer,East,2026-06-11,2,8024.83,100.0
681,Customer 00681,Consumer,East,2026-09-18,3,52763.369999999995,80.7
682,Customer 00682,Consumer,East,2026-03-19,7,14977.56,35.8
683,Customer 00683,Consumer,South,2026-04-05,8,11388.52,25.6
684,Customer 00684,Consumer,South,2026-04-08,5,8130.78,68.9
685,Customer 00685,Consumer,West,2026-07-15,6,4937.7,65.9
686,Customer 00686,SMB,North,2026-03-15,8,20588.6,52.6
687,Customer 00687,Consumer,Central,2026-03-14,3,35364.59,67.2
688,Customer 00688,SMB,West,2026-07-14,4,17711.63,85.5
689,Customer 00689,Consumer,East,2026-07-26,5,24303.4,61.4
690,Customer 00690,Consumer,Central,2026-06-23,9,22129.33,45.0
691,Customer 00691,Consumer,West,2026-04-20,7,3126.42,35.9
692,Customer 00692,Consumer,South,2026-05-27,6,3150.78,59.5
693,Customer 00693,Consumer,North,2026-05-10,7,9504.34,45.0
694,Customer 00694,Enterprise,East,2026-07-08,7,14588.81,67.0
695,Customer 00695,Consumer,North,2026-09-26,9,194294.54,36.6
696,Customer 00696,Consumer,Central,2026-08-23,2,8477.17,93.6
697,Customer 00697,Consumer,South,2026-09-16,10,13520.93,11.8
698,Customer 00698,Enterprise,East,2026-08-20,8,7248.42,47.9
699,Customer 00699,Consumer,South,2026-09-16,8,14248.34,71.6
700,Customer 00700,SMB,South,2026-09-17,6,15657.07,69.5
701,Customer 00701,Consumer,Central,2026-09-08,11,11264.150000000001,30.3
702,Customer 00702,Consumer,East,2026-05-11,7,17278.66,52.9
703,Customer 00703,Consumer,South,2026-09-30,7,77098.51,74.4
704,Customer 00704,Consumer,South,2026-08-18,5,4506.06,54.1
705,Customer 00705,Consumer,East,2026-04-10,5,11126.79,52.4
706,Customer 00706,SMB,South,2026-03-09,8,6520.94,27.3
707,Customer 00707,Consumer,Central,2026-09-04,8,20759.92,70.2
708,Customer 00708,SMB,North,2026-07-12,7,8487.5,46.1
709,Customer 00709,Consumer,East,2026-09-09,12,17898.11,25.2
710,Customer 00710,Consumer,North,2026-09-28,4,18735.88,84.3
711,Customer 00711,Consumer,Central,2026-07-16,4,15429.69,66.0
712,Customer 00712,Enterprise,West,2026-05-09,7,19172.68,51.8
713,Customer 00713,Consumer,Central,2026-08-20,5,9053.67,78.7
714,Customer 00714,Consumer,North,2026-09-30,9,63396.58,71.3
715,Customer 00715,Consumer,South,2026-07-18,4,13531.63,72.9
716,Customer 00716,Consumer,Central,2026-09-20,8,44792.66,53.7
717,Customer 00717,SMB,South,2026-04-23,7,21006.67,68.7
718,Customer 00718,Consumer,North,2026-09-20,10,20495.78,32.6
719,Customer 00719,SMB,East,2026-09-25,5,16268.02,63.9
720,Customer 00720,Consumer,South,2026-06-21,8,2685.55,28.4
721,Customer 00721,SMB,Central,2026-04-15,2,14143.71,79.6
722,Customer 00722,SMB,Central,2026-07-25,5,31212.08,67.3
723,Customer 00723,Consumer,South,2026-09-18,3,190196.63999999998,87.0
724,Customer 00724,Consumer,South,2026-09-07,4,44463.66,92.6
725,Customer 00725,Consumer,East,2026-03-19,11,7930.32,12.4
726,Customer 00726,Consumer,North,2026-04-10,4,7956.04,95.4
727,Customer 00727,Consumer,Central,2026-09-24,6,41570.59,64.7
728,Customer 00728,Consumer,East,2026-04-21,7,16895.24,40.7
729,Customer 00729,Enterprise,East,2026-08-23,13,8527.16,18.1
730,Customer 00730,SMB,South,2026-09-08,8,7941.6900000000005,39.9
731,Customer 00731,Consumer,West,2026-07-16,3,17875.13,65.3
732,Customer 00732,Consumer,South,2026-06-03,5,16007.94,61.9
733,Customer 00733,Enterprise,West,2026-03-19,6,3852.82,51.1
734,Customer 00734,Consumer,West,2026-09-01,5,8763.41,66.9
735,Customer 00735,SMB,West,2026-03-21,4,10980.09,72.2
736,Customer 00736,Consumer,East,2026-06-27,2,15627.36,55.8
737,Customer 00737,Consumer,North,2026-03-07,8,2780.79,32.5
738,Customer 00738,Consumer,West,2026-09-25,7,89602.07,71.2
739,Customer 00739,Consumer,South,2026-03-23,8,8546.99,54.1
740,Customer 00740,Consumer,South,2026-07-17,4,6403.72,64.9
741,Customer 00741,Consumer,East,2026-06-14,2,10014.49,80.9
742,Customer 00742,Consumer,North,2026-03-18,3,26404.1,94.1
743,Customer 00743,SMB,South,2026-03-12,10,6083.79,56.5
744,Customer 00744,Consumer,Central,2026-04-27,6,5559.61,47.8
745,Customer 00745,Consumer,North,2026-09-29,6,27141.21,54.6
746,Customer 00746,SMB,North,2026-03-08,6,4059.33,53.7
747,Customer 00747,SMB,East,2026-07-31,4,15929.65,91.8
748,Customer 00748,Enterprise,Central,2026-05-19,6,9813.09,58.8
749,Customer 00749,Enterprise,West,2026-06-05,4,16960.62,79.2
750,Customer 00750,Consumer,Central,2026-04-19,8,16784.95,50.0
751,Customer 00751,SMB,Central,2026-03-25,10,3660.48,47.0
752,Customer 00752,Consumer,Central,2026-05-23,8,11564.63,37.1
753,Customer 00753,Consumer,North,2026-09-15,8,19941.96,66.7
754,Customer 00754,Consumer,South,2026-06-19,3,5269.59,68.9
755,Customer 00755,Enterprise,North,2026-04-18,8,2334.72,38.0
756,Customer 00756,Consumer,West,2026-09-20,11,26483.92,58.9
757,Customer 00757,SMB,East,2026-07-12,3,2809.15,70.2
758,Customer 00758,Enterprise,East,2026-05-13,10,17413.58,27.4
759,Customer 00759,Consumer,Central,2026-03-15,9,6206.41,27.8
760,Customer 00760,Consumer,North,2026-09-02,8,70399.65,48.8
761,Customer 00761,Enterprise,East,2026-04-01,7,4075.81,42.6
762,Customer 00762,Consumer,West,2026-09-14,10,205978.31,44.2
763,Customer 00763,Consumer,Central,2026-06-10,3,9631.14,66.1
764,Customer 00764,Enterprise,West,2026-07-26,7,3655.03,42.5
765,Customer 00765,Enterprise,South,2026-07-03,5,9005.78,76.3
766,Customer 00766,Enterprise,East,2026-06-16,8,13368.65,24.4
767,Customer 00767,Consumer,West,2026-08-10,5,6510.06,75.4
768,Customer 00768,Consumer,South,2026-03-23,3,19966.09,72.7
769,Customer 00769,Enterprise,East,2026-09-30,5,54596.03,67.1
770,Customer 00770,Consumer,East,2026-08-03,7,25912.58,54.1
771,Customer 00771,Consumer,South,2026-06-15,3,6484.32,58.5
772,Customer 00772,Consumer,Central,2026-07-28,4,9958.66,74.3
773,Customer 00773,SMB,East,2026-03-18,7,4675.84,54.5
774,Customer 00774,Consumer,South,2026-09-09,9,71607.73000000001,34.1
775,Customer 00775,SMB,Central,2026-09-11,8,107948.01000000001,59.7
776,Customer 00776,SMB,Central,2026-09-16,9,129453.37,29.0
777,Customer 00777,Consumer,South,2026-07-29,4,9094.97,60.0
778,Customer 00778,Consumer,South,2026-07-19,7,7528.04,57.3
779,Customer 00779,SMB,West,2026-03-24,7,11494.98,50.8
780,Customer 00780,SMB,South,2026-04-29,5,23150.83,77.2
781,Customer 00781,Consumer,North,2026-05-30,10,7971.56,39.8
782,Customer 00782,Consumer,West,2026-09-30,11,17987.91,24.5
783,Customer 00783,Consumer,North,2026-05-11,2,22229.36,62.2
784,Customer 00784,SMB,South,2026-05-05,4,9673.07,75.6
785,Customer 00785,Consumer,North,2026-03-26,6,9251.65,61.0
786,Customer 00786,Consumer,East,2026-08-26,6,16795.44,64.5
787,Customer 00787,Consumer,East,2026-06-20,4,16821.53,84.3
788,Customer 00788,Consumer,Central,2026-09-23,8,23596.739999999998,66.1
789,Customer 00789,Consumer,South,2026-09-18,7,79544.15000000001,90.2
790,Customer 00790,Consumer,North,2026-09-13,8,31834.36,60.4
791,Customer 00791,Enterprise,East,2026-04-06,4,11707.51,67.4
792,Customer 00792,Consumer,North,2026-06-20,6,2016.17,59.6
793,Customer 00793,Consumer,North,2026-07-28,4,4044.81,43.6
794,Customer 00794,Consumer,North,2026-08-17,5,5573.39,52.1
795,Customer 00795,Consumer,North,2026-09-14,8,294861.0,57.7
796,Customer 00796,Consumer,West,2026-05-18,5,4098.46,65.7
797,Customer 00797,Consumer,South,2026-07-17,6,14140.76,51.7
798,Customer 00798,Consumer,South,2026-08-29,4,19893.47,74.3
799,Customer 00799,Consumer,West,2026-09-21,7,7028.79,58.4
800,Customer 00800,SMB,West,2026-09-27,5,78165.49,75.0
801,Customer 00801,Consumer,East,2026-07-12,5,7192.28,64.6
802,Customer 00802,SMB,West,2026-06-06,2,9570.65,99.7
803,Customer 00803,Consumer,East,2026-05-10,6,12497.63,65.9
804,Customer 00804,Consumer,East,2026-06-04,4,29168.97,68.4
805,Customer 00805,Consumer,South,2026-08-14,5,12146.19,55.0
806,Customer 00806,Consumer,South,2026-04-16,4,11087.34,55.3
807,Customer 00807,Consumer,Central,2026-09-20,8,17093.52,62.0
808,Customer 00808,Consumer,South,2026-07-21,6,15024.83,71.8
809,Customer 00809,Consumer,Central,2026-09-03,8,11386.75,54.6
810,Customer 00810,Consumer,South,2026-03-05,7,23554.22,27.8
811,Customer 00811,Consumer,East,2026-09-06,8,20519.83,46.9
812,Customer 00812,Consumer,South,2026-07-11,6,7773.14,73.4
813,Customer 00813,Consumer,West,2026-09-23,4,25602.33,61.9
814,Customer 00814,Consumer,East,2026-03-18,4,7680.3,58.4
815,Customer 00815,SMB,West,2026-08-02,7,11457.4,39.3
816,Customer 00816,Consumer,Central,2026-07-19,4,4773.49,86.9
817,Customer 00817,Consumer,South,2026-09-22,6,130434.62,46.4
818,Customer 00818,SMB,Central,2026-04-25,7,9005.67,32.6
819,Customer 00819,Consumer,East,2026-04-01,7,11156.06,49.3
820,Customer 00820,SMB,South,2026-04-23,2,36204.23,76.2
821,Customer 00821,Consumer,South,2026-04-10,4,12370.58,51.3
822,Customer 00822,SMB,North,2026-06-07,8,7591.13,54.0
823,Customer 00823,Consumer,West,2026-09-30,7,145514.66999999998,64.9
824,Customer 00824,Consumer,West,2026-07-07,4,9528.95,73.6
825,Customer 00825,Consumer,North,2026-05-20,4,12431.96,71.8
826,Customer 00826,SMB,East,2026-08-23,5,3295.16,71.8
827,Customer 00827,Consumer,North,2026-04-12,6,3979.63,79.5
828,Customer 00828,Consumer,South,2026-09-05,5,78734.92,98.8
829,Customer 00829,Consumer,East,2026-07-03,4,19520.54,96.0
830,Customer 00830,Consumer,South,2026-09-15,7,71284.99,57.3
831,Customer 00831,Consumer,North,2026-09-02,6,15937.810000000001,76.9
832,Customer 00832,SMB,East,2026-08-14,12,2875.72,0.0
833,Customer 00833,SMB,South,2026-05-25,5,47704.17,44.9
834,Customer 00834,Consumer,Central,2026-06-14,4,5672.43,65.8
835,Customer 00835,Consumer,North,2026-04-22,10,6782.7,38.9
836,Customer 00836,Consumer,South,2026-07-03,6,7284.42,45.1
837,Customer 00837,Consumer,West,2026-07-04,6,9897.38,73.0
838,Customer 00838,Enterprise,Central,2026-08-17,4,9045.82,92.2
839,Customer 00839,Consumer,Central,2026-07-27,7,13627.91,59.3
840,Customer 00840,Consumer,Central,2026-03-21,4,13904.73,62.4
841,Customer 00841,Consumer,Central,2026-09-21,7,44273.38,45.9
842,Customer 00842,Enterprise,North,2026-08-17,5,1991.36,80.1
843,Customer 00843,Consumer,East,2026-06-25,6,4332.41,40.6
844,Customer 00844,Consumer,Central,2026-09-03,5,22060.329999999998,74.3
845,Customer 00845,SMB,North,2026-08-11,7,8131.52,57.5
846,Customer 00846,Consumer,North,2026-04-30,4,22834.69,66.5
847,Customer 00847,Consumer,South,2026-06-06,3,3671.57,95.7
848,Customer 00848,SMB,Central,2026-03-11,6,22805.14,52.9
849,Customer 00849,Consumer,Central,2026-03-31,10,10580.89,32.1
850,Customer 00850,Consumer,South,2026-09-30,9,10943.15,33.3
851,Customer 00851,SMB,Central,2026-06-29,4,3593.82,70.5
852,Customer 00852,Consumer,North,2026-06-06,5,8641.24,76.8
853,Customer 00853,Consumer,West,2026-07-23,5,11598.92,60.7
854,Customer 00854,Consumer,North,2026-06-30,9,11282.68,36.5
855,Customer 00855,Consumer,South,2026-07-03,6,4367.33,53.5
856,Customer 00856,Consumer,Central,2026-09-26,8,118572.51,59.5
857,Customer 00857,Consumer,West,2026-05-10,5,4354.84,61.3
858,Customer 00858,Consumer,East,2026-09-28,6,67784.89,67.9
859,Customer 00859,Consumer,South,2026-09-06,6,99490.51999999999,54.2
860,Customer 00860,Consumer,West,2026-09-20,8,107268.78,64.2
861,Customer 00861,Consumer,North,2026-08-09,8,4538.97,54.6
862,Customer 00862,Consumer,Central,2026-06-17,11,16138.02,9.8
863,Customer 00863,Consumer,Central,2026-06-24,2,21792.32,98.4
864,Customer 00864,Consumer,West,2026-07-27,9,16131.64,45.6
865,Customer 00865,Consumer,North,2026-08-02,4,13669.98,67.1
866,Customer 00866,SMB,Central,2026-04-29,8,22014.87,52.7
867,Customer 00867,SMB,East,2026-08-29,4,16762.45,82.8
868,Customer 00868,Consumer,South,2026-09-16,7,27903.199999999997,61.6
869,Customer 00869,Enterprise,East,2026-04-10,9,16886.57,41.7
870,Customer 00870,Consumer,West,2026-09-17,11,39223.16,36.3
871,Customer 00871,Consumer,North,2026-08-30,5,14099.22,53.4
872,Customer 00872,SMB,South,2026-06-28,5,4743.54,81.1
873,Customer 00873,Consumer,South,2026-08-30,4,1881.19,67.7
874,Customer 00874,Consumer,West,2026-09-25,11,205422.59,37.9
875,Customer 00875,Consumer,East,2026-09-27,7,29447.42,65.1
876,Customer 00876,SMB,Central,2026-06-07,7,24487.17,30.7
877,Customer 00877,Consumer,North,2026-07-30,9,11941.48,49.4
878,Customer 00878,SMB,South,2026-08-03,13,10740.17,24.7
879,Customer 00879,SMB,West,2026-09-22,8,24914.589999999997,70.4
880,Customer 00880,Consumer,South,2026-08-24,8,13169.04,52.6
881,Customer 00881,Consumer,Central,2026-04-20,5,11658.77,80.5
882,Customer 00882,Consumer,South,2026-03-14,6,2878.7,66.2
883,Customer 00883,Consumer,South,2026-09-05,9,55037.45,54.6
884,Customer 00884,SMB,East,2026-03-12,5,28897.9,53.2
885,Customer 00885,Consumer,Central,2026-06-24,5,6485.67,57.8
886,Customer 00886,SMB,North,2026-04-13,6,9195.54,44.8
887,Customer 00887,Consumer,South,2026-08-03,5,2859.38,56.6
888,Customer 00888,Consumer,South,2026-03-05,4,15684.48,91.9
889,Customer 00889,Consumer,North,2026-08-01,9,25780.27,37.9
890,Customer 00890,Consumer,North,2026-07-08,7,7621.03,55.5
891,Customer 00891,SMB,Central,2026-05-31,7,4298.63,63.5
892,Customer 00892,Consumer,South,2026-09-01,7,35061.1,76.2
893,Customer 00893,SMB,West,2026-09-26,5,10125.35,62.7
894,Customer 00894,Consumer,South,2026-09-27,9,41417.39,45.5
895,Customer 00895,Consumer,South,2026-08-16,5,6464.25,61.5
896,Customer 00896,Consumer,East,2026-09-17,6,82541.13,85.3
897,Customer 00897,Consumer,Central,2026-04-21,7,22669.7,72.3
898,Customer 00898,SMB,North,2026-04-17,6,7712.95,44.2
899,Customer 00899,Consumer,East,2026-05-27,7,21935.77,29.4
900,Customer 00900,Consumer,South,2026-09-28,4,69455.65,88.2
901,Customer 00901,Consumer,Central,2026-07-08,6,30381.6,77.2
902,Customer 00902,Consumer,South,2026-09-22,6,26474.02,60.4
903,Customer 00903,Consumer,East,2026-06-04,6,19756.31,44.1
904,Customer 00904,Enterprise,South,2026-07-18,4,2323.34,75.3
905,Customer 00905,Consumer,Central,2026-04-12,8,18314.02,48.2
906,Customer 00906,SMB,West,2026-08-10,6,8863.16,53.8
907,Customer 00907,Consumer,Central,2026-05-09,7,7519.04,52.5
908,Customer 00908,SMB,South,2026-04-30,7,10408.45,48.1
909,Customer 00909,Enterprise,North,2026-06-13,9,9453.92,49.6
910,Customer 00910,SMB,South,2026-04-23,6,6467.16,54.4
911,Customer 00911,SMB,Central,2026-09-29,8,208839.63,65.1
912,Customer 00912,SMB,North,2026-09-26,2,397430.51,100.0
913,Customer 00913,Consumer,East,2026-06-22,3,27593.54,73.7
914,Customer 00914,Consumer,North,2026-09-24,11,12183.57,24.6
915,Customer 00915,SMB,North,2026-07-14,7,13772.82,53.7
916,Customer 00916,Consumer,West,2026-03-12,8,7698.59,39.5
917,Customer 00917,SMB,West,2026-08-09,5,22276.48,65.8
918,Customer 00918,Enterprise,East,2026-06-04,10,31963.39,29.3
919,Customer 00919,Consumer,South,2026-08-04,9,23927.9,37.7
920,Customer 00920,Consumer,West,2026-04-10,6,8951.43,62.2
921,Customer 00921,SMB,West,2026-07-23,5,7606.52,68.9
922,Customer 00922,Consumer,Central,2026-06-14,7,17849.38,56.7
923,Customer 00923,Consumer,East,2026-09-18,6,201811.6,76.4
924,Customer 00924,Consumer,North,2026-08-01,8,5595.47,40.7
925,Customer 00925,Consumer,North,2026-03-13,4,3796.73,87.7
926,Customer 00926,Consumer,North,2026-06-01,5,12318.47,68.3
927,Customer 00927,SMB,North,2026-03-05,5,20357.21,79.1
928,Customer 00928,Consumer,South,2026-09-24,10,62209.87,42.8
929,Customer 00929,SMB,West,2026-04-10,10,7726.09,22.0
930,Customer 00930,Consumer,West,2026-03-15,3,46912.09,69.2
931,Customer 00931,Consumer,South,2026-04-21,8,8125.86,34.9
932,Customer 00932,Consumer,North,2026-09-18,7,191852.16,54.7
933,Customer 00933,SMB,Central,2026-09-25,5,66176.79,75.7
934,Customer 00934,Consumer,West,2026-09-05,11,16073.929999999998,30.9
935,Customer 00935,SMB,East,2026-06-26,1,29195.84,86.0
936,Customer 00936,Consumer,West,2026-07-31,6,9775.8,51.9
937,Customer 00937,Consumer,Central,2026-06-28,7,7383.65,65.8
938,Customer 00938,Enterprise,West,2026-03-07,4,24168.1,60.7
939,Customer 00939,SMB,South,2026-08-06,6,17843.49,54.0
940,Customer 00940,Consumer,West,2026-03-30,7,4459.64,46.4
941,Customer 00941,Consumer,East,2026-04-08,7,27547.46,30.3
942,Customer 00942,Consumer,South,2026-08-16,6,2926.66,57.5
943,Customer 00943,Consumer,South,2026-03-11,5,11786.38,70.9
944,Customer 00944,Enterprise,East,2026-05-26,6,9772.48,62.4
945,Customer 00945,Consumer,Central,2026-04-02,8,11897.94,69.6
946,Customer 00946,Consumer,West,2026-06-08,5,7148.56,66.7
947,Customer 00947,Consumer,South,2026-03-07,6,9863.26,58.4
948,Customer 00948,Consumer,West,2026-09-16,7,47857.409999999996,62.5
949,Customer 00949,Consumer,South,2026-09-28,6,24671.93,66.5
950,Customer 00950,Consumer,West,2026-06-07,6,8539.22,67.0
951,Customer 00951,Consumer,West,2026-07-27,7,2205.75,32.5
952,Customer 00952,Consumer,West,2026-08-04,4,30921.0,62.8
953,Customer 00953,SMB,South,2026-08-18,4,5569.6,63.6
954,Customer 00954,Consumer,West,2026-06-08,9,4472.79,17.8
955,Customer 00955,Consumer,East,2026-07-18,7,88664.16,62.6
956,Customer 00956,SMB,Central,2026-09-03,8,44119.61,74.9
957,Customer 00957,Enterprise,South,2026-09-10,8,106166.18999999999,73.5
958,Customer 00958,Consumer,East,2026-06-30,6,17520.44,50.3
959,Customer 00959,Consumer,South,2026-03-18,5,8210.49,60.9
960,Customer 00960,Consumer,Central,2026-07-09,4,6929.51,71.9
961,Customer 00961,Consumer,Central,2026-07-24,8,32637.06,51.8
962,Customer 00962,Consumer,East,2026-06-16,7,6484.2,66.7
963,Customer 00963,Consumer,East,2026-03-20,4,9643.79,64.6
964,Customer 00964,Consumer,North,2026-09-23,6,21847.63,80.8
965,Customer 00965,Consumer,North,2026-07-27,3,25383.04,70.2
966,Customer 00966,Consumer,Central,2026-06-23,7,8119.48,70.0
967,Customer 00967,Consumer,East,2026-07-10,9,18907.1,52.6
968,Customer 00968,Consumer,East,2026-08-11,6,6182.41,50.2
969,Customer 00969,Consumer,South,2026-05-11,7,13301.25,50.8
970,Customer 00970,Consumer,East,2026-08-27,4,15586.95,61.3
971,Customer 00971,Consumer,Central,2026-09-04,8,224110.34,26.2
972,Customer 00972,Enterprise,West,2026-08-14,5,7421.16,78.2
973,Customer 00973,Consumer,West,2026-05-22,2,6238.55,81.9
974,Customer 00974,Consumer,North,2026-07-19,7,19436.59,45.7
975,Customer 00975,Consumer,North,2026-03-11,6,12302.7,66.2
976,Customer 00976,SMB,East,2026-04-02,3,23522.61,91.0
977,Customer 00977,SMB,West,2026-09-27,8,31010.82,67.2
978,Customer 00978,Consumer,North,2026-08-10,2,2866.21,86.2
979,Customer 00979,Enterprise,East,2026-09-04,9,78039.90000000001,39.7
980,Customer 00980,SMB,Central,2026-06-23,6,4632.53,54.3
981,Customer 00981,Enterprise,Central,2026-09-15,6,239095.46000000002,55.5
982,Customer 00982,SMB,Central,2026-03-31,5,6190.08,69.0
983,Customer 00983,SMB,West,2026-09-27,4,199267.08,70.0
984,Customer 00984,Consumer,Central,2026-07-19,8,63026.11,37.7
985,Customer 00985,Enterprise,Central,2026-04-24,2,12941.84,90.3
986,Customer 00986,Consumer,East,2026-09-16,6,6368.21,77.1
987,Customer 00987,Consumer,West,2026-05-22,5,11397.46,51.4
988,Customer 00988,Consumer,South,2026-04-23,5,16134.58,45.3
989,Customer 00989,Consumer,South,2026-03-12,6,5324.38,34.2
990,Customer 00990,Consumer,West,2026-09-05,5,27268.64,78.0
991,Customer 00991,Consumer,Central,2026-04-24,5,10906.5,84.8
992,Customer 00992,Consumer,Central,2026-08-04,7,11653.57,55.4
993,Customer 00993,Consumer,Central,2026-04-18,5,5673.7,70.0
994,Customer 00994,Consumer,North,2026-03-06,6,5101.46,71.6
995,Customer 00995,SMB,North,2026-09-24,9,60167.740000000005,48.6
996,Customer 00996,Consumer,West,2026-09-13,5,40071.229999999996,81.1
997,Customer 00997,Consumer,South,2026-07-09,2,8160.43,92.2
998,Customer 00998,Enterprise,South,2026-04-14,4,1695.09,58.0
999,Customer 00999,SMB,Central,2026-05-26,7,8948.46,55.7
1000,Customer 01000,SMB,North,2026-04-18,8,6003.77,47.8
1001,Customer 01001,SMB,South,2026-09-10,8,10630.57,34.9
1002,Customer 01002,SMB,Central,2026-09-30,6,22746.07,67.8
1003,Customer 01003,Consumer,North,2026-07-01,5,15338.34,51.6
1004,Customer 01004,Consumer,South,2026-03-05,5,9933.98,56.1
1005,Customer 01005,Consumer,Central,2026-09-08,9,615119.36,41.3
1006,Customer 01006,Consumer,North,2026-05-25,3,28282.9,77.1
1007,Customer 01007,Consumer,South,2026-08-26,3,6935.99,92.2
1008,Customer 01008,Consumer,South,2026-05-09,8,15290.96,43.9
1009,Customer 01009,SMB,North,2026-08-08,7,8212.86,59.4
1010,Customer 01010,Enterprise,East,2026-08-08,6,3236.37,74.6
1011,Customer 01011,Consumer,North,2026-07-31,11,15153.81,13.1
1012,Customer 01012,SMB,North,2026-07-26,6,8370.45,52.7
1013,Customer 01013,Consumer,South,2026-03-10,5,33166.6,67.6
1014,Customer 01014,SMB,Central,2026-09-09,10,13805.75,29.0
1015,Customer 01015,SMB,Central,2026-09-26,4,68618.77,100.0
1016,Customer 01016,Consumer,East,2026-04-02,7,10707.48,52.9
1017,Customer 01017,Enterprise,North,2026-04-26,5,15252.05,55.2
1018,Customer 01018,Consumer,East,2026-04-16,5,37948.96,64.3
1019,Customer 01019,Enterprise,South,2026-09-07,5,18903.6,76.5
1020,Customer 01020,Consumer,Central,2026-07-30,8,28063.86,52.0
1021,Customer 01021,Consumer,East,2026-09-04,7,224253.26,59.7
1022,Customer 01022,SMB,South,2026-09-10,7,29411.71,55.2
1023,Customer 01023,Enterprise,Central,2026-08-21,6,23496.97,64.0
1024,Customer 01024,Enterprise,Central,2026-06-11,8,3552.59,38.3
1025,Customer 01025,Consumer,North,2026-05-24,9,6051.89,47.5
1026,Customer 01026,Consumer,West,2026-03-09,7,9024.2,42.2
1027,Customer 01027,Consumer,East,2026-03-19,5,9293.84,73.3
1028,Customer 01028,SMB,North,2026-07-02,6,6029.24,57.1
1029,Customer 01029,Consumer,South,2026-03-14,3,19700.29,92.4
1030,Customer 01030,Consumer,West,2026-05-24,5,9258.53,67.7
1031,Customer 01031,Consumer,East,2026-09-14,6,30364.399999999998,55.6
1032,Customer 01032,Consumer,South,2026-06-04,5,8623.67,75.7
1033,Customer 01033,SMB,Central,2026-07-25,6,6654.28,71.7
1034,Customer 01034,Consumer,East,2026-09-11,8,27024.16,47.7
1035,Customer 01035,Consumer,West,2026-05-19,3,17339.17,86.0
1036,Customer 01036,Consumer,East,2026-08-10,9,4648.84,53.1
1037,Customer 01037,Consumer,South,2026-09-12,7,15901.779999999999,46.9
1038,Customer 01038,SMB,Central,2026-05-06,7,15302.61,56.1
1039,Customer 01039,SMB,East,2026-04-01,3,17223.27,76.8
1040,Customer 01040,Consumer,Central,2026-05-24,5,7150.39,63.2
1041,Customer 01041,Consumer,South,2026-07-20,1,11858.45,87.3
1042,Customer 01042,Consumer,West,2026-05-10,8,40097.65,36.7
1043,Customer 01043,Enterprise,South,2026-08-05,7,9019.92,51.6
1044,Customer 01044,Consumer,Central,2026-03-16,7,5511.32,38.9
1045,Customer 01045,Enterprise,South,2026-06-10,6,5810.14,54.6
1046,Customer 01046,SMB,South,2026-09-30,4,24647.77,96.0
1047,Customer 01047,SMB,Central,2026-09-20,7,19692.89,79.0
1048,Customer 01048,Enterprise,North,2026-07-26,5,31375.13,78.6
1049,Customer 01049,SMB,South,2026-08-10,6,13363.58,42.6
1050,Customer 01050,Consumer,South,2026-05-19,8,34840.92,31.1
1051,Customer 01051,Enterprise,Central,2026-07-21,7,22837.81,60.7
1052,Customer 01052,SMB,West,2026-09-18,8,30108.96,59.5
1053,Customer 01053,SMB,North,2026-07-22,7,7550.15,26.9
1054,Customer 01054,Consumer,Central,2026-09-13,7,15794.05,65.8
1055,Customer 01055,SMB,South,2026-07-03,2,3741.95,57.2
1056,Customer 01056,Enterprise,East,2026-03-26,6,6338.56,68.1
1057,Customer 01057,Consumer,South,2026-05-15,4,4708.79,58.8
1058,Customer 01058,Consumer,South,2026-05-02,7,11566.65,40.6
1059,Customer 01059,Enterprise,North,2026-03-30,6,9186.0,51.8
1060,Customer 01060,SMB,Central,2026-09-17,5,11560.36,55.8
1061,Customer 01061,Consumer,West,2026-06-04,6,13522.6,32.7
1062,Customer 01062,Enterprise,West,2026-08-11,10,13144.67,25.7
1063,Customer 01063,Consumer,East,2026-09-11,7,28318.33,52.3
1064,Customer 01064,Consumer,East,2026-09-28,6,78030.47,62.8
1065,Customer 01065,Consumer,North,2026-09-04,8,67538.44,50.4
1066,Customer 01066,Enterprise,East,2026-09-10,7,18257.72,72.5
1067,Customer 01067,Consumer,East,2026-09-15,5,60390.62,87.7
1068,Customer 01068,SMB,Central,2026-04-20,2,21297.14,81.8
1069,Customer 01069,Consumer,East,2026-07-10,5,14689.08,64.0
1070,Customer 01070,Consumer,North,2026-08-20,5,11904.66,70.5
1071,Customer 01071,Consumer,West,2026-04-06,4,5530.94,49.0
1072,Customer 01072,Consumer,Central,2026-09-23,6,10960.25,50.8
1073,Customer 01073,Consumer,North,2026-07-12,8,7277.47,58.8
1074,Customer 01074,Consumer,North,2026-06-22,6,60673.11,51.6
1075,Customer 01075,SMB,East,2026-08-01,9,5421.05,21.0
1076,Customer 01076,SMB,South,2026-03-20,9,4810.56,22.9
1077,Customer 01077,Enterprise,Central,2026-09-07,8,63068.420000000006,48.5
1078,Customer 01078,Consumer,South,2026-03-31,6,9135.13,44.6
1079,Customer 01079,Consumer,North,2026-09-10,8,187704.59000000003,48.9
1080,Customer 01080,Consumer,Central,2026-03-31,6,20672.24,86.9
1081,Customer 01081,Consumer,North,2026-09-12,7,19949.53,49.1
1082,Customer 01082,Consumer,Central,2026-07-07,5,4753.3,62.7
1083,Customer 01083,Consumer,West,2026-05-26,6,21485.6,44.6
1084,Customer 01084,Consumer,Central,2026-05-18,5,1875.45,51.4
1085,Customer 01085,Consumer,Central,2026-09-29,10,31004.0,50.7
1086,Customer 01086,Consumer,East,2026-04-11,7,17476.17,55.2
1087,Customer 01087,Consumer,North,2026-09-14,8,23222.78,58.0
1088,Customer 01088,Enterprise,South,2026-05-17,5,13332.65,73.5
1089,Customer 01089,SMB,Central,2026-07-04,7,12055.63,57.6
1090,Customer 01090,Consumer,East,2026-09-08,4,39404.100000000006,68.1
1091,Customer 01091,Consumer,West,2026-09-27,6,44160.590000000004,53.8
1092,Customer 01092,Consumer,East,2026-05-24,1,4106.72,93.9
1093,Customer 01093,Consumer,North,2026-04-23,6,15923.21,44.6
1094,Customer 01094,SMB,Central,2026-04-22,6,26135.39,73.4
1095,Customer 01095,Consumer,West,2026-03-24,8,11968.83,29.7
1096,Customer 01096,Consumer,South,2026-03-19,4,11240.35,84.4
1097,Customer 01097,Consumer,West,2026-06-08,6,7651.13,62.8
1098,Customer 01098,Consumer,South,2026-07-23,5,9829.96,78.0
1099,Customer 01099,SMB,West,2026-08-22,8,16665.79,42.5
1100,Customer 01100,Consumer,South,2026-09-28,10,469838.02999999997,41.6
1101,Customer 01101,Consumer,South,2026-09-30,7,8550.89,78.4
1102,Customer 01102,Consumer,North,2026-04-05,10,8728.29,32.2
1103,Customer 01103,Consumer,South,2026-03-24,6,18147.03,30.4
1104,Customer 01104,SMB,North,2026-04-07,8,8714.19,31.4
1105,Customer 01105,Consumer,South,2026-03-24,4,7956.22,70.1
1106,Customer 01106,SMB,West,2026-04-13,5,7898.96,80.8
1107,Customer 01107,SMB,Central,2026-09-27,9,89664.25,53.5
1108,Customer 01108,Consumer,East,2026-09-01,6,20296.719999999998,61.2
1109,Customer 01109,Consumer,South,2026-04-23,5,6024.61,66.8
1110,Customer 01110,SMB,South,2026-07-07,7,6342.64,69.9
1111,Customer 01111,Consumer,Central,2026-04-25,6,5449.99,43.3
1112,Customer 01112,SMB,West,2026-04-01,8,14283.86,31.2
1113,Customer 01113,SMB,South,2026-03-07,4,6852.85,78.8
1114,Customer 01114,Consumer,South,2026-09-12,4,44507.15,81.6
1115,Customer 01115,SMB,North,2026-08-12,5,14737.76,51.9
1116,Customer 01116,Consumer,Central,2026-09-21,5,148780.33000000002,64.9
1117,Customer 01117,Consumer,South,2026-08-06,7,13523.46,48.9
1118,Customer 01118,SMB,West,2026-06-24,7,1860.28,68.7
1119,Customer 01119,SMB,East,2026-09-26,10,31601.87,24.0
1120,Customer 01120,Consumer,East,2026-04-07,3,5715.5,68.5
1121,Customer 01121,SMB,West,2026-04-27,3,27047.73,81.0
1122,Customer 01122,Consumer,West,2026-09-06,4,17498.15,79.9
1123,Customer 01123,Consumer,East,2026-08-09,4,5104.56,64.7
1124,Customer 01124,Consumer,South,2026-09-19,8,368322.66,57.2
1125,Customer 01125,Consumer,Central,2026-08-26,3,19722.35,91.2
1126,Customer 01126,SMB,Central,2026-09-10,7,75773.53,58.8
1127,Customer 01127,Consumer,East,2026-06-09,4,10456.34,94.3
1128,Customer 01128,SMB,North,2026-08-06,8,20496.14,37.9
1129,Customer 01129,SMB,North,2026-07-14,7,43651.2,17.4
1130,Customer 01130,Consumer,Central,2026-03-24,7,23192.79,55.4
1131,Customer 01131,SMB,North,2026-03-26,8,12933.98,40.7
1132,Customer 01132,SMB,East,2026-08-09,7,6566.4,33.7
1133,Customer 01133,Consumer,North,2026-04-07,8,17550.31,47.8
1134,Customer 01134,Enterprise,North,2026-07-31,5,28906.31,61.8
1135,Customer 01135,SMB,South,2026-08-02,5,9233.61,76.2
1136,Customer 01136,Enterprise,Central,2026-04-06,4,34605.4,60.8
1137,Customer 01137,SMB,West,2026-07-02,6,13160.03,52.4
1138,Customer 01138,Consumer,Central,2026-06-20,6,14702.05,67.1
1139,Customer 01139,Consumer,South,2026-08-27,4,33030.57,72.9
1140,Customer 01140,Consumer,West,2026-06-19,4,40866.94,85.1
1141,Customer 01141,Consumer,North,2026-08-31,9,9353.19,44.9
1142,Customer 01142,Consumer,North,2026-03-26,7,27646.49,50.2
1143,Customer 01143,Consumer,North,2026-09-14,6,15395.810000000001,72.7
1144,Customer 01144,Consumer,East,2026-07-03,5,5488.58,79.8
1145,Customer 01145,Consumer,South,2026-07-04,5,18490.17,68.7
1146,Customer 01146,Enterprise,East,2026-09-22,8,8145.59,67.7
1147,Customer 01147,SMB,Central,2026-03-07,7,2681.55,36.3
1148,Customer 01148,SMB,North,2026-09-26,7,17423.78,74.1
1149,Customer 01149,Consumer,South,2026-08-12,3,12655.19,85.0
1150,Customer 01150,Consumer,West,2026-06-07,6,13722.8,42.5
1151,Customer 01151,SMB,South,2026-04-30,3,4194.56,77.7
1152,Customer 01152,Consumer,North,2026-06-11,4,22812.89,88.9
1153,Customer 01153,Consumer,Central,2026-09-23,4,9024.13,71.8
1154,Customer 01154,Consumer,South,2026-08-23,6,9640.16,50.2
1155,Customer 01155,SMB,West,2026-04-18,6,4252.08,41.1
1156,Customer 01156,Consumer,Central,2026-06-11,6,7464.9,53.4
1157,Customer 01157,SMB,North,2026-03-30,6,5967.83,49.5
1158,Customer 01158,Enterprise,South,2026-03-28,6,5177.48,54.1
1159,Customer 01159,Consumer,North,2026-04-20,5,6400.35,59.9
1160,Customer 01160,SMB,North,2026-09-11,9,4452.360000000001,71.0
1161,Customer 01161,SMB,Central,2026-09-01,7,24101.1,53.4
1162,Customer 01162,Consumer,Central,2026-09-20,9,10925.380000000001,56.4
1163,Customer 01163,Consumer,South,2026-07-08,8,8721.58,37.2
1164,Customer 01164,Consumer,Central,2026-09-26,5,155611.77,91.5
1165,Customer 01165,Consumer,South,2026-08-22,10,9366.96,25.2
1166,Customer 01166,Consumer,North,2026-05-11,5,24123.21,84.1
1167,Customer 01167,Enterprise,North,2026-07-16,3,7587.71,93.7
1168,Customer 01168,SMB,South,2026-05-27,4,4036.03,79.1
1169,Customer 01169,Consumer,East,2026-07-12,7,6493.59,54.8
1170,Customer 01170,Consumer,South,2026-04-14,5,4954.96,65.8
1171,Customer 01171,Consumer,North,2026-06-17,5,12200.73,55.9
1172,Customer 01172,Consumer,South,2026-09-28,6,29114.690000000002,76.6
1173,Customer 01173,Consumer,West,2026-09-02,8,25003.39,69.9
1174,Customer 01174,Consumer,West,2026-04-03,9,8100.21,39.2
1175,Customer 01175,SMB,Central,2026-05-18,7,16402.07,69.0
1176,Customer 01176,Consumer,North,2026-04-24,5,6599.46,57.2
1177,Customer 01177,SMB,East,2026-05-01,5,8796.89,84.4
1178,Customer 01178,SMB,South,2026-05-28,3,5666.31,54.1
1179,Customer 01179,SMB,West,2026-09-04,7,41176.479999999996,50.9
1180,Customer 01180,Consumer,West,2026-06-05,3,7953.13,93.6
1181,Customer 01181,Consumer,West,2026-03-08,3,23291.28,81.7
1182,Customer 01182,SMB,West,2026-07-16,5,9036.16,59.0
1183,Customer 01183,Consumer,West,2026-05-10,3,41925.27,82.7
1184,Customer 01184,Enterprise,Central,2026-08-22,7,8443.08,63.8
1185,Customer 01185,Consumer,South,2026-09-15,10,56686.969999999994,36.5
1186,Customer 01186,Consumer,Central,2026-09-28,5,34721.78,80.5
1187,Customer 01187,Consumer,East,2026-09-01,8,12031.08,50.7
1188,Customer 01188,Consumer,North,2026-08-21,2,6740.68,77.7
1189,Customer 01189,Consumer,East,2026-05-22,5,24161.89,68.6
1190,Customer 01190,SMB,East,2026-08-25,8,6344.14,37.2
1191,Customer 01191,SMB,East,2026-04-22,9,3074.43,61.4
1192,Customer 01192,SMB,North,2026-09-06,6,22835.46,54.9
1193,Customer 01193,Consumer,West,2026-09-15,9,69620.0,60.9
1194,Customer 01194,Consumer,East,2026-05-28,5,11306.21,64.7
1195,Customer 01195,Consumer,West,2026-05-27,4,5397.22,79.3
1196,Customer 01196,Consumer,East,2026-09-20,8,16132.029999999999,75.2
1197,Customer 01197,Consumer,North,2026-08-05,8,11429.98,43.1
1198,Customer 01198,Consumer,South,2026-08-28,4,5251.87,64.1
1199,Customer 01199,Consumer,South,2026-09-23,6,45884.4,64.3
1200,Customer 01200,Enterprise,South,2026-04-13,4,10863.59,82.0
1201,Customer 01201,Enterprise,Central,2026-04-04,2,6597.94,71.5
1202,Customer 01202,Consumer,Central,2026-09-11,7,50885.93,37.9
1203,Customer 01203,Enterprise,East,2026-04-23,7,14843.98,46.1
1204,Customer 01204,Consumer,Central,2026-04-06,6,6377.01,56.1
1205,Customer 01205,SMB,South,2026-06-16,3,10032.87,56.5
1206,Customer 01206,Enterprise,South,2026-05-15,8,15852.36,51.5
1207,Customer 01207,Consumer,South,2026-06-14,4,9671.72,55.5
1208,Customer 01208,Consumer,South,2026-03-16,4,4080.3,71.6
1209,Customer 01209,Consumer,East,2026-04-27,9,14333.64,41.9
1210,Customer 01210,Enterprise,Central,2026-09-19,8,42288.020000000004,73.8
1211,Customer 01211,Consumer,South,2026-08-15,3,18925.74,78.7
1212,Customer 01212,Enterprise,South,2026-09-04,6,18215.3,81.3
1213,Customer 01213,Consumer,South,2026-07-19,5,6300.62,55.5
1214,Customer 01214,Consumer,Central,2026-09-04,6,121926.24,30.3
1215,Customer 01215,Consumer,East,2026-06-02,6,6478.83,60.8
1216,Customer 01216,Consumer,East,2026-05-10,8,3025.1,25.8
1217,Customer 01217,SMB,South,2026-08-29,5,14708.99,69.3
1218,Customer 01218,SMB,South,2026-06-25,4,2630.89,56.1
1219,Customer 01219,SMB,South,2026-09-28,9,55668.1,38.7
1220,Customer 01220,Consumer,Central,2026-08-13,4,44100.53,64.8
1221,Customer 01221,Consumer,West,2026-09-15,11,55183.8,33.2
1222,Customer 01222,SMB,East,2026-07-15,6,9419.2,44.0
1223,Customer 01223,SMB,West,2026-05-29,8,8405.33,38.5
1224,Customer 01224,Consumer,West,2026-06-09,13,14598.69,16.4
1225,Customer 01225,SMB,East,2026-05-04,6,33599.69,68.9
1226,Customer 01226,Consumer,East,2026-07-21,3,7301.48,54.8
1227,Customer 01227,Consumer,South,2026-09-08,8,52593.07,52.2
1228,Customer 01228,Consumer,Central,2026-06-29,7,5513.1,31.6
1229,Customer 01229,Consumer,East,2026-09-27,5,21431.03,74.2
1230,Customer 01230,Consumer,North,2026-09-03,7,16172.97,59.5
1231,Customer 01231,Consumer,South,2026-04-20,7,9046.7,20.4
1232,Customer 01232,Enterprise,West,2026-09-04,6,21968.43,64.1
1233,Customer 01233,SMB,North,2026-08-17,6,25086.86,62.1
1234,Customer 01234,SMB,East,2026-09-12,8,68493.44,40.3
1235,Customer 01235,Consumer,South,2026-03-11,8,16217.78,35.8
1236,Customer 01236,Consumer,East,2026-07-27,7,16804.13,62.7
1237,Customer 01237,Consumer,South,2026-09-17,7,37893.09,78.5
1238,Customer 01238,Enterprise,North,2026-09-11,6,51021.44,73.9
1239,Customer 01239,Consumer,East,2026-09-06,12,19536.690000000002,15.7
1240,Customer 01240,Consumer,North,2026-09-08,7,12526.509999999998,70.2
1241,Customer 01241,Consumer,South,2026-08-23,7,3792.93,47.7
1242,Customer 01242,Consumer,North,2026-09-02,8,14757.18,46.9
1243,Customer 01243,SMB,East,2026-06-05,5,8935.33,71.7
1244,Customer 01244,Consumer,South,2026-09-06,9,348976.42,51.5
1245,Customer 01245,Consumer,West,2026-08-27,8,15786.63,45.9
1246,Customer 01246,Consumer,North,2026-09-21,3,30411.06,98.5
1247,Customer 01247,SMB,West,2026-08-23,5,29641.51,73.2
1248,Customer 01248,Consumer,Central,2026-03-23,10,10316.08,41.4
1249,Customer 01249,Consumer,South,2026-09-18,13,56928.71000000001,18.5
1250,Customer 01250,Consumer,Central,2026-04-02,2,9229.82,69.4
1251,Customer 01251,Consumer,East,2026-07-11,4,31463.88,86.1
1252,Customer 01252,Consumer,North,2026-03-13,8,61474.0,38.5
1253,Customer 01253,Consumer,South,2026-05-31,4,20965.79,67.9
1254,Customer 01254,Consumer,North,2026-07-06,4,4938.29,67.0
1255,Customer 01255,Consumer,South,2026-09-08,9,12700.74,69.3
1256,Customer 01256,SMB,North,2026-06-08,4,44815.17,59.2
1257,Customer 01257,Consumer,South,2026-06-07,9,9489.81,40.5
1258,Customer 01258,Consumer,Central,2026-09-25,6,18417.36,81.7
1259,Customer 01259,SMB,North,2026-06-25,7,10217.17,53.4
1260,Customer 01260,Consumer,South,2026-08-14,7,7336.52,58.0
1261,Customer 01261,Consumer,North,2026-09-12,7,435515.31,64.9
1262,Customer 01262,Consumer,East,2026-07-07,8,6428.85,49.3
1263,Customer 01263,Consumer,East,2026-09-12,4,30968.59,87.5
1264,Customer 01264,Consumer,East,2026-09-30,7,427069.99,73.8
1265,Customer 01265,Consumer,West,2026-09-08,6,8607.34,74.1
1266,Customer 01266,SMB,East,2026-09-04,8,17098.79,36.1
1267,Customer 01267,Consumer,South,2026-06-14,7,3846.14,61.0
1268,Customer 01268,Consumer,South,2026-05-02,8,4283.47,52.7
1269,Customer 01269,Consumer,East,2026-03-30,7,9302.6,56.4
1270,Customer 01270,Consumer,Central,2026-09-05,5,76616.65,78.8
1271,Customer 01271,Consumer,West,2026-06-05,2,20366.36,88.0
1272,Customer 01272,Consumer,North,2026-03-25,6,8923.45,50.4
1273,Customer 01273,SMB,Central,2026-07-18,4,5704.53,57.0
1274,Customer 01274,Consumer,East,2026-07-03,8,9733.02,41.1
1275,Customer 01275,Consumer,West,2026-09-25,10,43364.84,48.1
1276,Customer 01276,Enterprise,South,2026-05-02,5,6534.08,72.4
1277,Customer 01277,Consumer,West,2026-06-01,2,11997.37,100.0
1278,Customer 01278,Consumer,South,2026-05-01,4,34782.83,76.6
1279,Customer 01279,Consumer,South,2026-06-09,8,11206.96,42.2
1280,Customer 01280,SMB,South,2026-07-14,5,31960.13,68.1
1281,Customer 01281,Enterprise,North,2026-09-05,9,75065.79000000001,54.3
1282,Customer 01282,Consumer,Central,2026-06-11,9,16453.45,15.2
1283,Customer 01283,SMB,Central,2026-05-19,5,3932.36,60.7
1284,Customer 01284,Consumer,North,2026-09-27,7,27691.86,61.5
1285,Customer 01285,Consumer,North,2026-05-16,5,19814.01,51.6
1286,Customer 01286,Enterprise,South,2026-06-13,8,2993.18,33.9
1287,Customer 01287,Consumer,South,2026-07-17,4,9645.45,79.2
1288,Customer 01288,Consumer,Central,2026-05-09,6,3731.54,60.8
1289,Customer 01289,Consumer,South,2026-04-21,7,20713.91,41.5
1290,Customer 01290,SMB,West,2026-04-04,5,27033.79,76.5
1291,Customer 01291,Consumer,Central,2026-09-14,7,58471.399999999994,60.4
1292,Customer 01292,Consumer,East,2026-09-09,7,24291.699999999997,50.7
1293,Customer 01293,SMB,North,2026-04-16,5,12310.5,54.5
1294,Customer 01294,SMB,East,2026-09-20,5,48089.83,83.2
1295,Customer 01295,Consumer,East,2026-05-22,5,30025.88,49.2
1296,Customer 01296,Enterprise,Central,2026-05-14,5,4509.2,70.4
1297,Customer 01297,Consumer,South,2026-09-27,3,6219.21,70.0
1298,Customer 01298,Consumer,South,2026-09-01,3,202394.25,93.4
1299,Customer 01299,Enterprise,North,2026-04-05,6,9233.62,41.4
1300,Customer 01300,Consumer,East,2026-07-29,12,8717.58,27.4
1301,Customer 01301,Consumer,East,2026-07-28,6,7932.49,40.1
1302,Customer 01302,Consumer,East,2026-04-11,3,4906.55,57.7
1303,Customer 01303,Consumer,East,2026-08-27,11,4193.65,33.4
1304,Customer 01304,Consumer,East,2026-06-21,3,2098.36,90.3
1305,Customer 01305,Enterprise,South,2026-05-20,4,11803.16,65.9
1306,Customer 01306,SMB,Central,2026-09-29,8,9027.9,49.5
1307,Customer 01307,Enterprise,East,2026-06-21,8,10107.1,53.1
1308,Customer 01308,SMB,South,2026-06-25,8,17120.95,42.3
1309,Customer 01309,Consumer,South,2026-08-19,5,6691.11,48.6
1310,Customer 01310,SMB,Central,2026-09-17,8,149662.45,60.1
1311,Customer 01311,Consumer,East,2026-03-20,2,14731.26,84.3
1312,Customer 01312,Enterprise,Central,2026-07-07,7,6169.12,36.2
1313,Customer 01313,Consumer,West,2026-06-03,4,10765.15,61.2
1314,Customer 01314,SMB,North,2026-06-21,5,6258.66,60.8
1315,Customer 01315,SMB,West,2026-09-08,6,25886.989999999998,73.9
1316,Customer 01316,SMB,South,2026-09-11,7,9393.14,75.8
1317,Customer 01317,SMB,West,2026-03-05,4,2807.02,85.9
1318,Customer 01318,SMB,East,2026-08-17,5,19945.1,66.4
1319,Customer 01319,SMB,Central,2026-07-24,3,8842.39,81.6
1320,Customer 01320,Consumer,East,2026-03-26,6,7562.45,48.1
1321,Customer 01321,Consumer,North,2026-09-24,11,404532.92,25.1
1322,Customer 01322,SMB,Central,2026-09-09,5,61202.29,53.4
1323,Customer 01323,SMB,Central,2026-09-17,9,344383.51999999996,59.6
1324,Customer 01324,SMB,West,2026-04-30,3,6392.79,94.2
1325,Customer 01325,Consumer,North,2026-03-06,6,2919.88,39.9
1326,Customer 01326,Consumer,South,2026-07-31,2,4852.16,100.0
1327,Customer 01327,SMB,North,2026-08-16,5,4362.23,68.4
1328,Customer 01328,SMB,Central,2026-06-10,6,6503.29,57.5
1329,Customer 01329,Consumer,South,2026-05-26,7,15155.6,45.0
1330,Customer 01330,SMB,South,2026-08-20,5,18610.27,53.9
1331,Customer 01331,Consumer,North,2026-04-14,9,11210.68,48.6
1332,Customer 01332,Enterprise,West,2026-08-11,6,7384.46,65.1
1333,Customer 01333,SMB,North,2026-05-27,6,13648.74,65.8
1334,Customer 01334,Consumer,South,2026-06-15,2,18724.67,79.8
1335,Customer 01335,Consumer,East,2026-04-22,5,9203.15,65.6
1336,Customer 01336,Enterprise,East,2026-08-28,5,15384.65,72.9
1337,Customer 01337,SMB,North,2026-06-07,6,2252.84,48.3
1338,Customer 01338,Consumer,North,2026-09-30,7,538668.59,43.4
1339,Customer 01339,Consumer,East,2026-06-21,9,17965.7,47.1
1340,Customer 01340,Consumer,Central,2026-06-21,3,20590.81,68.9
1341,Customer 01341,Consumer,East,2026-09-19,7,18872.51,61.5
1342,Customer 01342,Consumer,East,2026-09-28,9,30661.31,36.5
1343,Customer 01343,SMB,West,2026-04-13,5,6879.76,69.9
1344,Customer 01344,Consumer,East,2026-09-11,6,66729.54000000001,56.4
1345,Customer 01345,Consumer,Central,2026-08-31,6,14651.83,58.8
1346,Customer 01346,Consumer,North,2026-06-04,8,4734.1,59.1
1347,Customer 01347,Consumer,Central,2026-04-22,5,13445.96,46.6
1348,Customer 01348,SMB,North,2026-09-23,8,37885.66,66.0
1349,Customer 01349,Consumer,East,2026-03-10,5,7190.8,51.0
1350,Customer 01350,Consumer,East,2026-07-19,7,9937.99,40.8
1351,Customer 01351,SMB,West,2026-09-29,9,349102.12000000005,73.4
1352,Customer 01352,Consumer,Central,2026-06-19,5,23304.47,63.8
1353,Customer 01353,Consumer,West,2026-04-15,6,15424.29,59.9
1354,Customer 01354,SMB,North,2026-06-06,6,14357.83,63.3
1355,Customer 01355,Consumer,East,2026-04-03,6,4502.59,68.9
1356,Customer 01356,Enterprise,North,2026-05-23,6,9781.09,61.3
1357,Customer 01357,SMB,Central,2026-06-24,7,9481.58,39.7
1358,Customer 01358,Consumer,Central,2026-04-05,10,11561.11,39.6
1359,Customer 01359,SMB,East,2026-03-21,5,28164.87,63.2
1360,Customer 01360,Enterprise,North,2026-09-11,8,11235.47,54.9
1361,Customer 01361,Consumer,North,2026-09-06,5,17576.19,62.6
1362,Customer 01362,Consumer,Central,2026-03-25,2,15703.38,99.3
1363,Customer 01363,Consumer,East,2026-07-19,7,4051.43,64.7
1364,Customer 01364,Consumer,West,2026-08-22,3,16224.48,76.5
1365,Customer 01365,Consumer,North,2026-08-07,5,6504.48,53.4
1366,Customer 01366,SMB,North,2026-09-16,5,235198.47999999998,88.3
1367,Customer 01367,Consumer,Central,2026-08-06,6,7603.05,58.4
1368,Customer 01368,Consumer,North,2026-08-16,7,5108.19,53.7
1369,Customer 01369,Consumer,Central,2026-09-02,10,40728.9,30.1
1370,Customer 01370,SMB,North,2026-04-01,4,6843.26,81.0
1371,Customer 01371,Consumer,Central,2026-06-16,8,6940.37,52.0
1372,Customer 01372,Consumer,North,2026-08-01,3,10388.8,58.1
1373,Customer 01373,Consumer,East,2026-07-08,9,4153.14,40.5
1374,Customer 01374,Consumer,South,2026-08-25,8,13626.91,48.5
1375,Customer 01375,Consumer,North,2026-08-02,6,5624.87,69.2
1376,Customer 01376,Consumer,West,2026-08-18,7,8602.56,30.0
1377,Customer 01377,Consumer,West,2026-09-26,7,156145.6,70.5
1378,Customer 01378,Consumer,North,2026-07-09,7,6029.42,68.9
1379,Customer 01379,Consumer,South,2026-05-18,6,7472.68,55.4
1380,Customer 01380,Enterprise,Central,2026-04-19,4,6190.13,73.8
1381,Customer 01381,Consumer,South,2026-05-12,10,18733.35,38.5
1382,Customer 01382,Enterprise,South,2026-03-28,4,9572.56,84.5
1383,Customer 01383,Consumer,North,2026-08-22,2,7542.46,74.6
1384,Customer 01384,SMB,East,2026-07-15,3,15606.79,62.1
1385,Customer 01385,Enterprise,East,2026-06-14,4,20912.58,68.0
1386,Customer 01386,Consumer,East,2026-05-26,5,14065.54,63.5
1387,Customer 01387,Consumer,South,2026-07-21,3,7505.01,71.7
1388,Customer 01388,Consumer,North,2026-08-29,2,3691.68,79.2
1389,Customer 01389,SMB,West,2026-09-27,8,25071.36,21.5
1390,Customer 01390,SMB,West,2026-03-13,4,22298.52,80.9
1391,Customer 01391,Consumer,East,2026-05-18,7,3311.06,46.4
1392,Customer 01392,Consumer,West,2026-09-22,8,335949.26,42.1
1393,Customer 01393,SMB,West,2026-05-09,4,12160.38,84.7
1394,Customer 01394,Consumer,South,2026-06-28,8,13866.54,30.9
1395,Customer 01395,Consumer,North,2026-05-03,8,5604.53,24.4
1396,Customer 01396,Consumer,North,2026-04-11,6,15352.33,69.2
1397,Customer 01397,Consumer,Central,2026-05-27,11,10231.4,32.6
1398,Customer 01398,Consumer,North,2026-03-09,2,23874.35,80.9
1399,Customer 01399,Enterprise,Central,2026-04-08,8,13957.61,14.9
1400,Customer 01400,Consumer,East,2026-08-30,5,23843.09,85.4
1401,Customer 01401,SMB,West,2026-09-29,11,114244.75,31.9
1402,Customer 01402,Consumer,South,2026-04-08,6,9189.06,51.7
1403,Customer 01403,Consumer,East,2026-05-23,5,3683.99,69.4
1404,Customer 01404,Consumer,North,2026-06-29,3,12725.02,95.5
1405,Customer 01405,SMB,North,2026-03-05,5,19541.91,70.9
1406,Customer 01406,Consumer,West,2026-03-15,6,30462.81,68.5
1407,Customer 01407,Consumer,North,2026-03-05,7,5825.56,60.5
1408,Customer 01408,Consumer,East,2026-09-30,12,37565.99,21.8
1409,Customer 01409,Enterprise,East,2026-06-14,6,10057.87,56.2
1410,Customer 01410,SMB,North,2026-06-25,9,10094.16,26.4
1411,Customer 01411,Consumer,West,2026-09-02,6,261667.46,76.5
1412,Customer 01412,Consumer,North,2026-07-08,8,20867.42,31.0
1413,Customer 01413,Consumer,Central,2026-07-18,8,5387.34,54.1
1414,Customer 01414,Consumer,East,2026-09-10,6,45280.02,48.1
1415,Customer 01415,Consumer,North,2026-07-30,8,6586.62,33.7
1416,Customer 01416,Consumer,Central,2026-03-11,9,3486.95,50.0
1417,Customer 01417,SMB,West,2026-09-18,8,37757.0,53.6
1418,Customer 01418,SMB,North,2026-09-25,11,44545.46,33.2
1419,Customer 01419,SMB,East,2026-09-22,8,284693.07,49.1
1420,Customer 01420,Enterprise,South,2026-09-19,8,159581.66,72.1
1421,Customer 01421,Consumer,Central,2026-09-23,6,76601.76999999999,55.6
1422,Customer 01422,Consumer,West,2026-04-06,8,2755.58,59.7
1423,Customer 01423,SMB,South,2026-05-15,7,10723.25,49.3
1424,Customer 01424,Consumer,West,2026-05-24,10,3081.57,33.5
1425,Customer 01425,SMB,North,2026-09-21,5,31086.96,73.0
1426,Customer 01426,Consumer,South,2026-05-02,6,7298.88,77.4
1427,Customer 01427,Consumer,Central,2026-04-26,5,8531.35,55.4
1428,Customer 01428,Consumer,North,2026-03-16,6,6794.47,85.9
1429,Customer 01429,Consumer,East,2026-08-19,3,2408.46,80.3
1430,Customer 01430,Consumer,West,2026-06-11,3,6632.62,93.7
1431,Customer 01431,SMB,Central,2026-08-21,5,9291.36,55.7
1432,Customer 01432,Enterprise,East,2026-09-27,10,580597.18,44.0
1433,Customer 01433,Consumer,South,2026-07-05,7,6686.63,61.7
1434,Customer 01434,Consumer,West,2026-09-15,4,218542.72,90.4
1435,Customer 01435,Consumer,East,2026-03-31,5,6636.12,57.2
1436,Customer 01436,SMB,East,2026-09-26,8,117073.99,62.0
1437,Customer 01437,Consumer,South,2026-04-04,9,7570.52,25.7
1438,Customer 01438,Consumer,East,2026-05-04,6,3300.9,78.3
1439,Customer 01439,Consumer,North,2026-05-22,6,6081.36,65.5
1440,Customer 01440,Consumer,East,2026-07-25,5,5977.48,63.6
1441,Customer 01441,Consumer,North,2026-09-12,7,83461.67,43.4
1442,Customer 01442,SMB,South,2026-05-26,7,16034.97,54.2
1443,Customer 01443,Consumer,South,2026-09-20,6,28929.54,75.2
1444,Customer 01444,SMB,East,2026-09-29,5,19163.64,68.7
1445,Customer 01445,Consumer,East,2026-07-24,5,11996.72,78.7
1446,Customer 01446,SMB,Central,2026-04-06,4,26663.83,82.5
1447,Customer 01447,Enterprise,West,2026-08-13,5,8794.15,69.8
1448,Customer 01448,Consumer,West,2026-07-24,9,9136.27,31.0
1449,Customer 01449,SMB,South,2026-07-08,5,15417.61,85.0
1450,Customer 01450,Consumer,South,2026-05-14,4,9806.44,73.2
1451,Customer 01451,Enterprise,North,2026-04-03,7,4815.2,65.7
1452,Customer 01452,Enterprise,South,2026-06-14,9,10151.84,15.0
1453,Customer 01453,Consumer,East,2026-07-06,4,15766.98,60.2
1454,Customer 01454,SMB,South,2026-06-26,5,5102.09,85.7
1455,Customer 01455,SMB,West,2026-08-09,3,2078.07,71.2
1456,Customer 01456,Consumer,South,2026-06-09,4,8698.49,68.1
1457,Customer 01457,SMB,South,2026-09-16,6,43950.84,66.6
1458,Customer 01458,Consumer,West,2026-04-03,5,4691.06,68.1
1459,Customer 01459,Consumer,Central,2026-04-21,5,3069.67,85.1
1460,Customer 01460,Consumer,West,2026-05-04,6,10797.4,61.4
1461,Customer 01461,SMB,East,2026-04-10,6,10130.75,64.5
1462,Customer 01462,SMB,Central,2026-09-02,6,7948.42,66.9
1463,Customer 01463,Consumer,South,2026-03-26,4,3674.16,66.8
1464,Customer 01464,SMB,East,2026-07-02,4,17676.94,64.8
1465,Customer 01465,Enterprise,North,2026-09-14,8,79737.46,35.9
1466,Customer 01466,Consumer,South,2026-04-11,6,7475.77,68.3
1467,Customer 01467,Consumer,South,2026-08-14,5,12333.89,44.3
1468,Customer 01468,SMB,East,2026-09-24,7,20967.71,46.6
1469,Customer 01469,SMB,South,2026-08-01,5,14477.91,77.6
1470,Customer 01470,Consumer,North,2026-07-22,5,9887.47,59.5
1471,Customer 01471,Consumer,East,2026-09-17,6,64516.64,78.3
1472,Customer 01472,Consumer,East,2026-09-19,8,137801.54,85.2
1473,Customer 01473,Consumer,West,2026-07-13,4,11328.46,95.3
1474,Customer 01474,Consumer,East,2026-06-21,7,22702.1,27.1
1475,Customer 01475,Enterprise,South,2026-04-07,7,5412.61,44.4
1476,Customer 01476,Enterprise,South,2026-04-05,6,10453.86,51.4
1477,Customer 01477,Consumer,North,2026-04-01,2,4369.43,71.8
1478,Customer 01478,Consumer,East,2026-09-21,6,545597.84,62.4
1479,Customer 01479,Consumer,West,2026-09-03,4,378006.35,93.3
1480,Customer 01480,SMB,North,2026-04-19,7,6709.13,31.1
1481,Customer 01481,Consumer,North,2026-07-25,5,15930.6,51.6
1482,Customer 01482,SMB,West,2026-09-30,10,33698.270000000004,37.4
1483,Customer 01483,Consumer,Central,2026-09-04,11,16119.34,43.2
1484,Customer 01484,Consumer,Central,2026-08-16,5,6820.09,69.4
1485,Customer 01485,SMB,North,2026-05-25,9,14454.65,37.0
1486,Customer 01486,Consumer,West,2026-04-01,6,9658.15,63.5
1487,Customer 01487,SMB,East,2026-06-25,6,10212.77,53.5
1488,Customer 01488,SMB,West,2026-07-06,5,24826.19,71.7
1489,Customer 01489,SMB,East,2026-06-27,4,14126.22,89.9
1490,Customer 01490,Consumer,North,2026-05-21,4,16734.5,67.3
1491,Customer 01491,Consumer,South,2026-05-28,4,12497.58,65.6
1492,Customer 01492,SMB,West,2026-09-29,5,50160.45999999999,58.6
1493,Customer 01493,Enterprise,Central,2026-08-10,8,28836.8,44.1
1494,Customer 01494,Consumer,East,2026-03-25,7,20946.95,57.5
1495,Customer 01495,Consumer,East,2026-09-11,8,40163.850000000006,52.1
1496,Customer 01496,Consumer,East,2026-05-23,5,8055.59,59.4
1497,Customer 01497,Enterprise,South,2026-07-28,2,12527.77,84.1
1498,Customer 01498,Consumer,East,2026-03-12,9,18185.18,6.5
1499,Customer 01499,SMB,West,2026-08-18,8,43133.98,32.7
1500,Customer 01500,SMB,West,2026-03-19,13,2141.2,10.3
1501,Customer 01501,Consumer,West,2026-06-30,5,19783.33,47.9
1502,Customer 01502,SMB,East,2026-09-19,5,30712.07,79.8
1503,Customer 01503,Consumer,North,2026-05-27,10,9998.94,26.1
1504,Customer 01504,Consumer,South,2026-06-10,6,33179.78,63.6
1505,Customer 01505,Consumer,South,2026-06-05,8,30135.23,40.1
1506,Customer 01506,Consumer,West,2026-07-30,5,9567.07,75.5
1507,Customer 01507,SMB,North,2026-05-23,8,8762.54,49.6
1508,Customer 01508,Consumer,Central,2026-05-21,6,5571.9,32.5
1509,Customer 01509,Consumer,South,2026-05-29,8,19456.83,35.8
1510,Customer 01510,Consumer,West,2026-06-14,7,3270.72,46.8
1511,Customer 01511,Consumer,West,2026-07-03,7,10221.3,40.2
1512,Customer 01512,SMB,East,2026-05-23,12,15014.01,5.8
1513,Customer 01513,Consumer,East,2026-05-25,7,3861.8,68.1
1514,Customer 01514,Consumer,North,2026-09-29,10,433875.61999999994,49.2
1515,Customer 01515,Consumer,West,2026-09-01,6,27752.670000000002,51.5
1516,Customer 01516,Consumer,East,2026-09-11,5,11105.95,79.5
1517,Customer 01517,SMB,South,2026-05-01,6,7328.54,53.7
1518,Customer 01518,Consumer,Central,2026-09-01,10,32832.75,57.7
1519,Customer 01519,Consumer,South,2026-09-23,8,240238.88,65.2
1520,Customer 01520,SMB,West,2026-03-18,8,2792.67,39.6
1521,Customer 01521,SMB,West,2026-05-03,6,11484.16,50.3
1522,Customer 01522,SMB,East,2026-08-30,4,9306.7,76.5
1523,Customer 01523,Consumer,West,2026-03-18,3,14965.02,73.0
1524,Customer 01524,SMB,North,2026-04-04,6,30114.04,45.7
1525,Customer 01525,Consumer,East,2026-08-16,10,6910.54,37.8
1526,Customer 01526,SMB,West,2026-09-21,5,99702.89,83.4
1527,Customer 01527,SMB,North,2026-08-11,2,5560.11,92.5
1528,Customer 01528,SMB,South,2026-03-13,7,5506.73,50.6
1529,Customer 01529,Enterprise,East,2026-05-30,4,9827.05,68.9
1530,Customer 01530,Consumer,South,2026-09-09,7,319242.48,70.1
1531,Customer 01531,Enterprise,Central,2026-07-08,5,11030.95,64.9
1532,Customer 01532,Consumer,Central,2026-08-07,9,5521.06,39.8
1533,Customer 01533,SMB,South,2026-07-04,4,13703.18,93.7
1534,Customer 01534,Consumer,West,2026-06-19,5,3289.46,47.5
1535,Customer 01535,Consumer,West,2026-05-05,6,9347.93,49.0
1536,Customer 01536,SMB,Central,2026-07-28,3,5604.37,77.0
1537,Customer 01537,Enterprise,South,2026-03-07,6,14151.19,53.3
1538,Customer 01538,Consumer,South,2026-07-03,6,11186.29,63.6
1539,Customer 01539,SMB,South,2026-06-30,8,2204.97,9.3
1540,Customer 01540,Consumer,West,2026-06-06,5,3948.63,71.4
1541,Customer 01541,Consumer,West,2026-03-08,5,14129.72,70.8
1542,Customer 01542,SMB,West,2026-09-12,5,35535.19,57.2
1543,Customer 01543,Consumer,Central,2026-05-06,5,10948.33,81.6
1544,Customer 01544,Enterprise,Central,2026-09-16,5,28018.48,72.4
1545,Customer 01545,Consumer,North,2026-05-12,8,5805.74,39.4
1546,Customer 01546,Consumer,Central,2026-03-31,6,8518.36,48.0
1547,Customer 01547,Consumer,East,2026-07-14,6,6175.39,61.7
1548,Customer 01548,Enterprise,North,2026-08-05,3,7987.46,77.7
1549,Customer 01549,SMB,North,2026-06-11,6,12322.73,58.8
1550,Customer 01550,Consumer,Central,2026-07-12,7,12542.87,64.5
1551,Customer 01551,SMB,North,2026-09-18,5,21349.32,84.6
1552,Customer 01552,Consumer,West,2026-09-30,8,43896.64,58.6
1553,Customer 01553,SMB,West,2026-03-24,3,3337.35,76.4
1554,Customer 01554,SMB,East,2026-09-13,8,47808.81,50.5
1555,Customer 01555,Consumer,West,2026-09-04,12,129965.56,47.5
1556,Customer 01556,Consumer,North,2026-06-17,5,6034.58,54.0
1557,Customer 01557,SMB,East,2026-09-23,6,44656.59,35.8
1558,Customer 01558,SMB,Central,2026-09-25,5,465568.38,73.5
1559,Customer 01559,Consumer,West,2026-06-18,5,8565.09,70.4
1560,Customer 01560,Consumer,West,2026-06-17,4,13015.56,69.8
1561,Customer 01561,Enterprise,Central,2026-04-25,5,13333.13,49.1
1562,Customer 01562,Consumer,West,2026-04-18,5,7570.01,68.2
1563,Customer 01563,Enterprise,West,2026-05-03,4,23154.11,52.6
1564,Customer 01564,Consumer,Central,2026-09-15,7,407273.57999999996,91.4
1565,Customer 01565,Consumer,West,2026-09-29,9,38345.090000000004,43.9
1566,Customer 01566,Consumer,South,2026-08-05,5,12755.99,53.2
1567,Customer 01567,Consumer,South,2026-07-20,9,9274.4,43.8
1568,Customer 01568,SMB,North,2026-09-04,8,25556.66,63.1
1569,Customer 01569,Consumer,South,2026-09-23,9,294364.47000000003,45.6
1570,Customer 01570,Consumer,West,2026-09-05,9,36203.969999999994,41.5
1571,Customer 01571,Consumer,Central,2026-08-25,5,74371.49,74.9
1572,Customer 01572,Consumer,South,2026-09-13,7,16998.879999999997,70.6
1573,Customer 01573,Consumer,Central,2026-03-30,4,6350.27,68.9
1574,Customer 01574,Consumer,North,2026-09-12,8,392905.48,34.0
1575,Customer 01575,Consumer,West,2026-09-30,10,67259.11,59.6
1576,Customer 01576,Consumer,West,2026-09-24,7,451964.51000000007,70.7
1577,Customer 01577,Consumer,East,2026-05-26,4,5164.74,71.6
1578,Customer 01578,Consumer,South,2026-03-25,7,3486.77,27.1
1579,Customer 01579,Enterprise,Central,2026-07-14,8,20207.74,46.8
1580,Customer 01580,Consumer,West,2026-09-05,6,75927.09,66.3
1581,Customer 01581,Consumer,Central,2026-09-28,6,190421.23,57.5
1582,Customer 01582,SMB,Central,2026-06-11,7,15789.31,39.6
1583,Customer 01583,SMB,Central,2026-09-25,5,95957.05,65.5
1584,Customer 01584,Consumer,West,2026-08-10,5,5808.1,66.0
1585,Customer 01585,Consumer,North,2026-07-09,7,39209.12,53.4
1586,Customer 01586,Consumer,Central,2026-07-31,6,12187.76,36.1
1587,Customer 01587,Consumer,South,2026-05-31,5,5297.22,45.4
1588,Customer 01588,Consumer,West,2026-05-12,6,16726.29,83.2
1589,Customer 01589,Consumer,Central,2026-06-07,3,5881.62,80.4
1590,Customer 01590,Consumer,Central,2026-09-27,11,374296.53,46.4
1591,Customer 01591,Consumer,West,2026-09-07,5,57765.020000000004,67.2
1592,Customer 01592,Consumer,North,2026-08-05,6,8437.98,81.8
1593,Customer 01593,Consumer,South,2026-09-07,10,24197.84,18.5
1594,Customer 01594,Enterprise,South,2026-08-26,3,11252.02,87.6
1595,Customer 01595,Consumer,South,2026-09-13,5,63242.06,67.5
1596,Customer 01596,Consumer,North,2026-06-20,5,7062.94,63.8
1597,Customer 01597,Consumer,West,2026-06-24,8,5574.14,25.8
1598,Customer 01598,Consumer,West,2026-03-09,3,15928.21,58.1
1599,Customer 01599,Consumer,East,2026-07-03,5,5843.88,63.6
1600,Customer 01600,Consumer,West,2026-03-31,6,24673.7,57.9
1601,Customer 01601,Consumer,Central,2026-09-26,7,32108.85,23.4
1602,Customer 01602,Enterprise,West,2026-08-29,6,10048.92,47.2
1603,Customer 01603,Enterprise,Central,2026-04-04,6,10072.47,61.8
1604,Customer 01604,Consumer,East,2026-08-26,3,1462.83,61.5
1605,Customer 01605,Consumer,North,2026-04-09,6,7049.52,70.6
1606,Customer 01606,Consumer,Central,2026-07-30,6,5812.81,71.7
1607,Customer 01607,Consumer,West,2026-04-17,7,18417.48,55.3
1608,Customer 01608,SMB,South,2026-06-02,6,7104.58,55.5
1609,Customer 01609,Consumer,South,2026-05-07,6,12165.46,68.2
1610,Customer 01610,SMB,West,2026-05-08,7,6178.8,75.6
1611,Customer 01611,Consumer,East,2026-04-20,6,14188.18,66.1
1612,Customer 01612,Consumer,South,2026-09-26,8,40332.020000000004,58.0
1613,Customer 01613,Consumer,West,2026-04-04,5,12686.56,78.2
1614,Customer 01614,Consumer,South,2026-04-06,2,34575.16,70.4
1615,Customer 01615,Consumer,West,2026-08-20,4,25566.02,80.5
1616,Customer 01616,Consumer,North,2026-04-29,7,4231.7,57.4
1617,Customer 01617,Consumer,South,2026-09-03,7,22539.949999999997,69.4
1618,Customer 01618,Enterprise,West,2026-09-12,10,13645.650000000001,45.8
1619,Customer 01619,Consumer,South,2026-09-09,8,7338.72,54.0
1620,Customer 01620,Consumer,West,2026-08-25,5,3647.75,70.9
1621,Customer 01621,Consumer,West,2026-09-01,11,19125.93,40.0
1622,Customer 01622,Consumer,Central,2026-07-30,5,3990.77,61.6
1623,Customer 01623,Consumer,Central,2026-06-25,3,17202.09,69.6
1624,Customer 01624,Enterprise,Central,2026-04-05,6,14363.31,60.0
1625,Customer 01625,Consumer,South,2026-03-17,5,4650.71,60.8
1626,Customer 01626,Consumer,North,2026-07-27,4,9078.0,74.2
1627,Customer 01627,SMB,Central,2026-07-01,8,6368.92,54.6
1628,Customer 01628,Consumer,East,2026-04-13,6,22650.18,54.1
1629,Customer 01629,Consumer,South,2026-09-30,5,171975.1,74.7
1630,Customer 01630,Enterprise,South,2026-04-01,6,6671.71,34.5
1631,Customer 01631,SMB,West,2026-09-20,8,37165.95,55.6
1632,Customer 01632,Consumer,Central,2026-06-19,8,6548.95,31.5
1633,Customer 01633,Consumer,Central,2026-03-20,10,12695.34,32.9
1634,Customer 01634,Consumer,South,2026-04-27,9,5424.45,27.6
1635,Customer 01635,Enterprise,West,2026-05-11,2,15573.08,84.4
1636,Customer 01636,SMB,South,2026-09-24,4,212669.08,71.8
1637,Customer 01637,Consumer,Central,2026-09-03,5,24377.84,84.3
1638,Customer 01638,SMB,West,2026-07-07,4,29086.92,60.9
1639,Customer 01639,Consumer,West,2026-09-21,6,59462.490000000005,72.7
1640,Customer 01640,Consumer,North,2026-09-20,8,8839.15,46.3
1641,Customer 01641,Enterprise,East,2026-07-20,8,9436.38,54.7
1642,Customer 01642,Consumer,Central,2026-06-29,6,12254.75,58.1
1643,Customer 01643,SMB,North,2026-04-11,2,6794.04,78.1
1644,Customer 01644,Enterprise,West,2026-06-03,5,16038.6,74.9
1645,Customer 01645,Consumer,North,2026-08-17,7,18488.18,58.6
1646,Customer 01646,Consumer,North,2026-03-14,8,23659.65,36.1
1647,Customer 01647,Consumer,South,2026-03-16,7,3564.53,65.8
1648,Customer 01648,Consumer,West,2026-06-03,8,18497.36,71.3
1649,Customer 01649,Enterprise,Central,2026-05-12,3,13652.92,72.7
1650,Customer 01650,Consumer,North,2026-05-31,5,8817.85,66.9
1651,Customer 01651,Consumer,North,2026-06-05,6,2741.22,74.2
1652,Customer 01652,SMB,North,2026-06-06,7,27194.46,43.6
1653,Customer 01653,Consumer,West,2026-09-15,4,68085.49,76.5
1654,Customer 01654,SMB,South,2026-07-02,8,2448.8,47.1
1655,Customer 01655,Enterprise,East,2026-03-26,4,8904.14,73.0
1656,Customer 01656,Enterprise,East,2026-07-24,5,6774.62,77.9
1657,Customer 01657,SMB,North,2026-03-15,7,32349.94,53.4
1658,Customer 01658,Consumer,Central,2026-09-05,8,37006.799999999996,57.5
1659,Customer 01659,Consumer,East,2026-04-14,10,14708.93,26.2
1660,Customer 01660,Consumer,West,2026-04-09,2,2214.77,96.5
1661,Customer 01661,Consumer,West,2026-06-03,4,8627.14,71.7
1662,Customer 01662,SMB,North,2026-07-14,3,14815.5,90.3
1663,Customer 01663,Consumer,East,2026-09-23,7,44064.96000000001,53.8
1664,Customer 01664,Consumer,East,2026-09-12,6,405314.02999999997,34.6
1665,Customer 01665,Consumer,North,2026-09-15,9,42206.04,46.5
1666,Customer 01666,SMB,North,2026-06-03,7,1935.96,52.3
1667,Customer 01667,Consumer,Central,2026-09-03,10,96557.56999999999,56.4
1668,Customer 01668,Consumer,West,2026-04-16,5,22916.98,92.3
1669,Customer 01669,Consumer,South,2026-05-05,6,7320.49,43.7
1670,Customer 01670,Enterprise,North,2026-09-19,9,359929.76,48.3
1671,Customer 01671,Consumer,Central,2026-09-12,6,14602.83,47.4
1672,Customer 01672,Consumer,East,2026-08-22,5,22743.63,62.6
1673,Customer 01673,Consumer,South,2026-05-10,12,9143.89,40.1
1674,Customer 01674,Consumer,West,2026-07-17,4,6668.04,50.2
1675,Customer 01675,SMB,South,2026-03-23,2,7593.78,72.3
1676,Customer 01676,Enterprise,East,2026-03-25,8,11862.6,22.2
1677,Customer 01677,SMB,North,2026-05-30,14,6447.48,0.0
1678,Customer 01678,Consumer,East,2026-09-19,8,40965.08,62.3
1679,Customer 01679,Consumer,West,2026-09-20,9,27576.08,52.3
1680,Customer 01680,Consumer,West,2026-07-17,5,14126.46,52.2
1681,Customer 01681,SMB,Central,2026-09-10,6,67171.5,59.9
1682,Customer 01682,Consumer,West,2026-08-02,4,13687.09,82.2
1683,Customer 01683,Consumer,North,2026-03-27,6,16814.49,50.5
1684,Customer 01684,Enterprise,Central,2026-03-27,8,11531.36,43.8
1685,Customer 01685,Consumer,North,2026-06-04,4,10395.22,52.3
1686,Customer 01686,Consumer,South,2026-08-02,5,4529.28,59.3
1687,Customer 01687,Consumer,South,2026-06-24,7,3663.66,62.5
1688,Customer 01688,SMB,Central,2026-06-25,5,6315.33,67.2
1689,Customer 01689,SMB,East,2026-05-24,6,3152.82,53.7
1690,Customer 01690,Consumer,West,2026-08-19,3,2136.07,73.4
1691,Customer 01691,SMB,Central,2026-07-15,5,14839.34,89.9
1692,Customer 01692,Consumer,North,2026-03-28,5,9133.63,58.9
1693,Customer 01693,SMB,West,2026-09-16,4,54312.94,59.3
1694,Customer 01694,Consumer,South,2026-04-05,6,9005.64,59.2
1695,Customer 01695,Consumer,Central,2026-04-08,5,7827.18,80.1
1696,Customer 01696,Consumer,North,2026-09-04,6,51270.990000000005,71.3
1697,Customer 01697,Consumer,East,2026-08-06,9,40880.92,46.6
1698,Customer 01698,Consumer,South,2026-06-02,12,6981.83,23.6
1699,Customer 01699,Consumer,South,2026-07-17,3,22030.04,83.7
1700,Customer 01700,Consumer,West,2026-07-30,5,7346.63,73.2
1701,Customer 01701,Consumer,West,2026-04-16,8,15149.47,54.9
1702,Customer 01702,Consumer,North,2026-09-05,11,14229.52,27.5
1703,Customer 01703,Consumer,South,2026-07-15,5,4701.63,63.9
1704,Customer 01704,SMB,South,2026-05-17,8,29113.99,17.4
1705,Customer 01705,Consumer,West,2026-08-22,8,6792.17,58.7
1706,Customer 01706,Enterprise,West,2026-08-14,5,5626.74,39.5
1707,Customer 01707,Consumer,Central,2026-09-20,11,25911.73,25.0
1708,Customer 01708,Consumer,North,2026-03-26,8,8309.68,29.5
1709,Customer 01709,Consumer,West,2026-07-11,10,3276.25,37.8
1710,Customer 01710,Consumer,South,2026-04-18,4,12582.97,75.8
1711,Customer 01711,Consumer,West,2026-03-10,7,5420.52,58.0
1712,Customer 01712,Consumer,East,2026-05-15,9,7863.0,18.9
1713,Customer 01713,Consumer,North,2026-07-27,5,35177.02,56.1
1714,Customer 01714,Consumer,East,2026-04-15,1,4517.49,89.3
1715,Customer 01715,SMB,West,2026-04-15,5,11989.12,89.9
1716,Customer 01716,Consumer,West,2026-08-28,10,8566.41,57.3
1717,Customer 01717,Consumer,South,2026-03-25,10,7543.38,39.4
1718,Customer 01718,Consumer,Central,2026-09-16,5,132731.80000000002,74.4
1719,Customer 01719,SMB,South,2026-09-07,5,78681.7,88.4
1720,Customer 01720,SMB,North,2026-09-14,6,52707.479999999996,63.3
1721,Customer 01721,Consumer,East,2026-07-05,10,3388.94,19.5
1722,Customer 01722,Consumer,North,2026-03-17,7,12309.13,57.4
1723,Customer 01723,Consumer,South,2026-09-23,4,24887.36,70.7
1724,Customer 01724,SMB,East,2026-04-28,11,11332.44,43.8
1725,Customer 01725,Consumer,North,2026-09-02,3,33264.07,76.8
1726,Customer 01726,Consumer,West,2026-09-30,12,248796.56,56.3
1727,Customer 01727,Consumer,West,2026-07-03,4,45459.33,77.9
1728,Customer 01728,Consumer,North,2026-04-28,4,14446.75,57.6
1729,Customer 01729,Consumer,South,2026-08-04,9,3879.73,25.7
1730,Customer 01730,SMB,Central,2026-04-26,7,4856.91,57.0
1731,Customer 01731,Consumer,South,2026-03-27,3,8301.38,80.6
1732,Customer 01732,Consumer,East,2026-05-01,2,8243.01,97.2
1733,Customer 01733,Consumer,North,2026-04-15,7,27571.91,51.1
1734,Customer 01734,Consumer,West,2026-05-13,5,18554.94,73.9
1735,Customer 01735,Consumer,West,2026-08-18,10,5191.65,35.9
1736,Customer 01736,Consumer,Central,2026-03-28,5,12034.63,83.3
1737,Customer 01737,Consumer,West,2026-07-31,4,9389.77,65.0
1738,Customer 01738,SMB,Central,2026-08-01,4,6083.61,62.6
1739,Customer 01739,SMB,East,2026-09-17,6,14250.93,74.7
1740,Customer 01740,Consumer,West,2026-08-12,7,6351.8,43.1
1741,Customer 01741,Consumer,West,2026-05-27,6,9027.72,58.0
1742,Customer 01742,Consumer,Central,2026-07-14,3,8001.45,66.3
1743,Customer 01743,Enterprise,East,2026-06-26,3,11955.47,60.2
1744,Customer 01744,Consumer,South,2026-04-23,4,11137.87,64.4
1745,Customer 01745,Consumer,South,2026-06-02,4,11157.2,68.9
1746,Customer 01746,Consumer,Central,2026-03-09,4,10084.73,93.7
1747,Customer 01747,SMB,Central,2026-07-14,7,10081.53,38.0
1748,Customer 01748,SMB,East,2026-07-28,4,12239.92,46.7
1749,Customer 01749,Consumer,North,2026-05-03,5,7462.84,65.5
1750,Customer 01750,SMB,Central,2026-03-22,9,4124.09,26.3
1751,Customer 01751,SMB,East,2026-03-23,7,2865.97,53.4
1752,Customer 01752,Enterprise,South,2026-04-29,2,18654.78,89.9
1753,Customer 01753,Consumer,North,2026-06-30,5,21628.85,60.2
1754,Customer 01754,Consumer,North,2026-05-20,6,5438.12,50.6
1755,Customer 01755,Consumer,Central,2026-09-05,7,13715.669999999998,48.5
1756,Customer 01756,Consumer,West,2026-08-29,7,10451.52,43.1
1757,Customer 01757,SMB,North,2026-09-15,8,127555.93000000001,60.7
1758,Customer 01758,Consumer,South,2026-03-27,8,15880.44,64.2
1759,Customer 01759,SMB,South,2026-07-05,4,9302.19,70.5
1760,Customer 01760,SMB,North,2026-04-16,11,10334.95,21.8
1761,Customer 01761,Consumer,South,2026-09-14,6,218798.87999999998,74.1
1762,Customer 01762,Consumer,West,2026-04-04,9,10010.85,37.9
1763,Customer 01763,SMB,Central,2026-04-07,5,8307.0,61.5
1764,Customer 01764,Consumer,South,2026-05-05,9,9066.59,37.0
1765,Customer 01765,Consumer,North,2026-08-01,6,13430.33,46.1
1766,Customer 01766,Consumer,South,2026-05-23,6,4080.76,47.8
1767,Customer 01767,Consumer,South,2026-04-03,6,9840.94,38.9
1768,Customer 01768,Consumer,North,2026-03-05,10,8839.59,13.1
1769,Customer 01769,SMB,Central,2026-03-19,7,26324.58,75.5
1770,Customer 01770,Consumer,West,2026-09-17,8,25812.04,68.6
1771,Customer 01771,SMB,East,2026-09-13,9,75276.18,32.6
1772,Customer 01772,Consumer,East,2026-04-22,7,9308.9,71.8
1773,Customer 01773,Consumer,West,2026-07-20,8,6408.72,52.1
1774,Customer 01774,Consumer,North,2026-07-30,5,3316.66,79.2
1775,Customer 01775,SMB,North,2026-09-18,7,47227.22,64.8
1776,Customer 01776,SMB,South,2026-09-13,6,57680.14,61.1
1777,Customer 01777,SMB,Central,2026-07-18,7,3784.46,51.2
1778,Customer 01778,SMB,East,2026-05-27,7,22572.86,50.5
1779,Customer 01779,Consumer,Central,2026-06-03,8,16879.48,44.5
1780,Customer 01780,Consumer,East,2026-04-14,8,23357.01,38.0
1781,Customer 01781,Consumer,South,2026-07-30,4,3854.22,55.5
1782,Customer 01782,Consumer,West,2026-08-06,5,11000.76,51.3
1783,Customer 01783,Consumer,East,2026-04-21,8,17913.38,59.8
1784,Customer 01784,Consumer,West,2026-05-18,5,7459.32,49.4
1785,Customer 01785,Consumer,South,2026-03-28,3,5847.57,81.7
1786,Customer 01786,SMB,South,2026-09-07,7,21111.16,67.0
1787,Customer 01787,Enterprise,North,2026-09-08,7,23946.62,58.3
1788,Customer 01788,Consumer,North,2026-03-16,6,10145.77,63.8
1789,Customer 01789,Consumer,Central,2026-09-14,3,17888.2,91.5
1790,Customer 01790,Consumer,West,2026-07-12,4,19791.04,67.6
1791,Customer 01791,Consumer,North,2026-04-22,10,13919.43,40.9
1792,Customer 01792,Consumer,East,2026-03-26,8,15720.33,38.4
1793,Customer 01793,Enterprise,South,2026-03-05,4,36461.47,88.1
1794,Customer 01794,SMB,West,2026-06-28,11,49927.95,32.2
1795,Customer 01795,Consumer,North,2026-05-15,7,25709.59,49.6
1796,Customer 01796,Consumer,West,2026-05-10,10,14704.04,32.7
1797,Customer 01797,Consumer,North,2026-09-30,6,17948.47,82.6
1798,Customer 01798,SMB,North,2026-08-04,2,15101.35,75.4
1799,Customer 01799,Consumer,North,2026-07-29,6,3079.42,85.0
1800,Customer 01800,Consumer,West,2026-09-15,9,79616.59,40.1
1801,Customer 01801,Consumer,East,2026-05-24,3,10947.45,80.0
1802,Customer 01802,SMB,West,2026-04-03,6,11954.07,65.2
1803,Customer 01803,SMB,Central,2026-03-11,3,6702.48,64.3
1804,Customer 01804,Consumer,North,2026-05-11,9,5845.65,28.0
1805,Customer 01805,Consumer,South,2026-09-12,7,21749.769999999997,80.7
1806,Customer 01806,Consumer,North,2026-09-25,9,323824.99,59.0
1807,Customer 01807,Consumer,Central,2026-07-28,4,23757.02,52.0
1808,Customer 01808,Consumer,Central,2026-09-18,7,129675.42,51.2
1809,Customer 01809,SMB,South,2026-03-18,8,5142.01,50.7
1810,Customer 01810,Consumer,Central,2026-09-28,8,22183.949999999997,58.4
1811,Customer 01811,Consumer,South,2026-06-19,10,3924.26,6.1
1812,Customer 01812,SMB,East,2026-07-20,8,19989.75,57.3
1813,Customer 01813,Consumer,West,2026-08-15,5,9157.77,31.5
1814,Customer 01814,SMB,Central,2026-05-27,5,6650.64,82.1
1815,Customer 01815,SMB,North,2026-04-30,6,20636.81,55.3
1816,Customer 01816,Consumer,Central,2026-03-08,5,3791.27,55.4
1817,Customer 01817,SMB,West,2026-09-28,7,65168.04,63.0
1818,Customer 01818,Consumer,West,2026-03-13,4,7856.75,92.0
1819,Customer 01819,Consumer,East,2026-08-26,6,12130.77,64.9
1820,Customer 01820,Consumer,West,2026-09-09,9,263263.04,34.4
1821,Customer 01821,Enterprise,West,2026-05-26,9,20004.96,22.5
1822,Customer 01822,Consumer,South,2026-08-25,6,15009.82,51.8
1823,Customer 01823,SMB,East,2026-09-13,11,39952.86,0.0
1824,Customer 01824,Consumer,South,2026-08-06,3,15995.22,94.0
1825,Customer 01825,Consumer,North,2026-09-24,9,405275.66,58.5
1826,Customer 01826,SMB,South,2026-06-20,7,4708.39,51.5
1827,Customer 01827,Consumer,East,2026-09-22,12,147745.93,26.1
1828,Customer 01828,Consumer,West,2026-09-08,7,6025.389999999999,54.1
1829,Customer 01829,Consumer,North,2026-09-27,6,41186.36,80.8
1830,Customer 01830,Consumer,West,2026-05-26,7,4578.48,29.7
1831,Customer 01831,Consumer,North,2026-09-19,7,26334.359999999997,51.7
1832,Customer 01832,SMB,West,2026-06-26,7,3937.68,57.7
1833,Customer 01833,Consumer,South,2026-05-25,4,16012.45,59.2
1834,Customer 01834,Consumer,East,2026-03-16,4,8304.85,71.5
1835,Customer 01835,Consumer,North,2026-06-07,4,8485.43,59.4
1836,Customer 01836,SMB,Central,2026-09-22,7,17211.649999999998,63.6
1837,Customer 01837,Consumer,Central,2026-09-28,5,39035.66,72.9
1838,Customer 01838,Consumer,North,2026-07-30,6,3810.13,60.9
1839,Customer 01839,Consumer,East,2026-08-14,7,12744.12,55.9
1840,Customer 01840,SMB,Central,2026-07-09,10,4884.47,30.4
1841,Customer 01841,Consumer,West,2026-07-20,1,12292.07,91.9
1842,Customer 01842,Consumer,Central,2026-04-09,4,7758.98,79.3
1843,Customer 01843,SMB,East,2026-08-22,5,15220.82,70.6
1844,Customer 01844,Consumer,North,2026-09-21,4,42347.85,67.4
1845,Customer 01845,Consumer,Central,2026-04-27,7,10758.21,69.9
1846,Customer 01846,SMB,South,2026-06-05,7,16160.63,45.5
1847,Customer 01847,SMB,South,2026-08-22,2,3130.43,96.0
1848,Customer 01848,Consumer,East,2026-06-19,9,5529.85,28.5
1849,Customer 01849,Consumer,South,2026-06-24,4,4657.47,75.4
1850,Customer 01850,Consumer,West,2026-07-28,9,3628.43,18.2
1851,Customer 01851,Consumer,South,2026-06-30,6,13682.84,37.5
1852,Customer 01852,SMB,South,2026-06-19,5,17830.53,65.9
1853,Customer 01853,SMB,West,2026-05-08,5,18901.21,88.8
1854,Customer 01854,Consumer,South,2026-08-20,9,7510.36,40.6
1855,Customer 01855,SMB,West,2026-06-16,4,21546.45,81.4
1856,Customer 01856,Consumer,West,2026-09-06,6,114292.56,55.2
1857,Customer 01857,SMB,North,2026-04-16,9,20448.62,46.1
1858,Customer 01858,Enterprise,East,2026-03-25,3,8731.78,87.1
1859,Customer 01859,Consumer,East,2026-04-15,5,5380.6,70.1
1860,Customer 01860,Consumer,East,2026-05-06,5,11729.8,74.0
1861,Customer 01861,SMB,South,2026-05-07,6,9329.19,61.9
1862,Customer 01862,Consumer,East,2026-09-02,7,364433.57,53.5
1863,Customer 01863,Consumer,East,2026-03-23,8,20031.1,56.4
1864,Customer 01864,Consumer,West,2026-09-28,8,72195.06999999999,74.8
1865,Customer 01865,Consumer,Central,2026-05-05,8,40307.26,44.3
1866,Customer 01866,Consumer,East,2026-05-06,7,9167.63,48.1
1867,Customer 01867,Enterprise,East,2026-09-08,11,21637.09,31.9
1868,Customer 01868,Consumer,North,2026-06-03,7,4864.86,56.6
1869,Customer 01869,Consumer,West,2026-09-02,8,8471.41,67.6
1870,Customer 01870,Consumer,North,2026-05-12,5,5359.7,75.4
1871,Customer 01871,SMB,East,2026-05-09,6,4615.77,50.7
1872,Customer 01872,Consumer,West,2026-03-20,9,4493.38,15.2
1873,Customer 01873,Consumer,South,2026-03-24,7,20081.21,52.5
1874,Customer 01874,Consumer,West,2026-09-21,5,112994.38,69.8
1875,Customer 01875,Consumer,North,2026-04-30,2,19020.64,99.2
1876,Customer 01876,Consumer,North,2026-09-17,8,16347.869999999999,53.8
1877,Customer 01877,Consumer,North,2026-03-23,5,20324.43,57.2
1878,Customer 01878,Consumer,South,2026-09-24,5,12043.890000000001,66.2
1879,Customer 01879,Consumer,Central,2026-08-24,10,7365.23,44.0
1880,Customer 01880,SMB,North,2026-09-28,7,15489.79,65.2
1881,Customer 01881,SMB,West,2026-06-29,3,3914.65,83.8
1882,Customer 01882,SMB,South,2026-03-10,9,9217.49,29.2
1883,Customer 01883,Consumer,North,2026-05-06,7,10740.64,19.4
1884,Customer 01884,Consumer,Central,2026-09-14,6,54685.31,78.8
1885,Customer 01885,Enterprise,South,2026-07-20,6,15756.4,38.5
1886,Customer 01886,Consumer,North,2026-08-22,6,17654.84,63.0
1887,Customer 01887,SMB,East,2026-05-15,5,9823.86,58.3
1888,Customer 01888,SMB,South,2026-07-29,4,9709.47,66.5
1889,Customer 01889,Consumer,West,2026-03-06,6,6488.1,48.3
1890,Customer 01890,Consumer,Central,2026-09-05,6,46606.36,57.3
1891,Customer 01891,Consumer,West,2026-08-23,7,4849.1,60.7
1892,Customer 01892,Consumer,West,2026-03-07,2,17357.44,88.4
1893,Customer 01893,Consumer,East,2026-06-08,6,4588.23,70.5
1894,Customer 01894,Consumer,Central,2026-09-17,8,45122.100000000006,64.2
1895,Customer 01895,Consumer,North,2026-04-01,4,7053.75,87.8
1896,Customer 01896,Enterprise,North,2026-06-10,6,12151.39,75.2
1897,Customer 01897,Consumer,South,2026-08-16,1,9635.88,100.0
1898,Customer 01898,Consumer,Central,2026-04-29,7,5697.44,57.1
1899,Customer 01899,Consumer,East,2026-05-06,6,2416.72,71.0
1900,Customer 01900,Consumer,North,2026-09-30,5,8035.67,63.7
1901,Customer 01901,Enterprise,South,2026-07-20,6,10880.38,56.5
1902,Customer 01902,SMB,East,2026-08-21,7,7098.22,43.6
1903,Customer 01903,Consumer,West,2026-05-12,7,16929.22,39.7
1904,Customer 01904,Consumer,Central,2026-03-24,8,6227.42,39.0
1905,Customer 01905,Consumer,West,2026-06-10,4,8350.06,68.5
1906,Customer 01906,Enterprise,South,2026-07-04,6,9074.16,61.3
1907,Customer 01907,Consumer,West,2026-09-08,4,13957.98,71.8
1908,Customer 01908,Enterprise,West,2026-09-04,7,28524.840000000004,57.6
1909,Customer 01909,Consumer,North,2026-06-15,8,8340.81,48.8
1910,Customer 01910,Consumer,North,2026-04-07,5,3340.43,67.8
1911,Customer 01911,SMB,North,2026-05-18,7,12563.58,45.4
1912,Customer 01912,SMB,North,2026-05-15,6,6295.98,48.9
1913,Customer 01913,Consumer,South,2026-07-15,5,8920.07,62.2
1914,Customer 01914,SMB,South,2026-03-10,5,3741.36,54.6
1915,Customer 01915,SMB,West,2026-05-07,4,5991.28,72.0
1916,Customer 01916,SMB,Central,2026-07-24,5,27856.96,55.3
1917,Customer 01917,SMB,Central,2026-03-28,10,8147.36,40.1
1918,Customer 01918,Consumer,Central,2026-06-09,6,17813.25,58.0
1919,Customer 01919,Consumer,East,2026-09-18,7,27427.410000000003,61.0
1920,Customer 01920,SMB,Central,2026-04-08,4,9259.55,77.5
1921,Customer 01921,Consumer,North,2026-05-28,7,7141.21,52.4
1922,Customer 01922,SMB,East,2026-09-01,5,24113.269999999997,79.9
1923,Customer 01923,SMB,West,2026-04-01,6,4096.58,72.0
1924,Customer 01924,Consumer,West,2026-04-01,6,33905.21,33.3
1925,Customer 01925,Consumer,North,2026-05-29,6,27014.54,50.3
1926,Customer 01926,SMB,North,2026-09-24,4,72182.78,93.4
1927,Customer 01927,SMB,West,2026-09-04,5,48971.21,67.6
1928,Customer 01928,Consumer,South,2026-04-05,6,5384.78,72.0
1929,Customer 01929,Enterprise,North,2026-09-27,9,45615.310000000005,58.0
1930,Customer 01930,Enterprise,East,2026-09-29,4,70156.75,95.7
1931,Customer 01931,Enterprise,South,2026-06-19,9,5123.4,41.4
1932,Customer 01932,SMB,South,2026-08-28,5,5055.51,63.2
1933,Customer 01933,Consumer,Central,2026-04-16,6,6577.97,70.7
1934,Customer 01934,Consumer,Central,2026-05-25,4,8166.95,70.7
1935,Customer 01935,SMB,Central,2026-04-08,11,4902.41,35.6
1936,Customer 01936,Enterprise,West,2026-09-15,8,151378.03000000003,71.8
1937,Customer 01937,Consumer,East,2026-06-15,6,8727.91,52.8
1938,Customer 01938,SMB,East,2026-06-20,5,12060.04,63.7
1939,Customer 01939,Consumer,South,2026-09-18,6,33426.74,57.3
1940,Customer 01940,SMB,North,2026-08-14,7,12750.78,40.4
1941,Customer 01941,SMB,North,2026-03-23,7,7691.25,58.8
1942,Customer 01942,Consumer,East,2026-04-27,8,35177.69,43.4
1943,Customer 01943,Consumer,East,2026-03-23,8,15269.76,56.1
1944,Customer 01944,Consumer,South,2026-06-22,12,29896.5,4.3
1945,Customer 01945,Consumer,East,2026-09-21,9,45877.92,57.3
1946,Customer 01946,SMB,East,2026-07-03,5,11840.63,73.9
1947,Customer 01947,SMB,South,2026-07-06,8,14232.66,68.1
1948,Customer 01948,Consumer,West,2026-08-18,10,17279.31,7.8
1949,Customer 01949,Consumer,North,2026-03-12,4,19169.17,54.9
1950,Customer 01950,Consumer,North,2026-06-17,7,6641.07,58.7
1951,Customer 01951,Consumer,Central,2026-09-19,8,39503.59,48.5
1952,Customer 01952,Consumer,West,2026-04-25,4,14115.88,76.3
1953,Customer 01953,Consumer,East,2026-09-12,8,11873.85,58.7
1954,Customer 01954,Consumer,East,2026-04-09,4,17728.66,98.6
1955,Customer 01955,Consumer,South,2026-04-16,2,15241.95,90.2
1956,Customer 01956,Consumer,South,2026-09-14,7,60400.72,37.1
1957,Customer 01957,Enterprise,South,2026-08-18,3,10106.8,87.6
1958,Customer 01958,Consumer,North,2026-09-05,10,50360.83,49.3
1959,Customer 01959,Consumer,West,2026-07-25,3,23948.69,76.6
1960,Customer 01960,Consumer,Central,2026-08-18,7,23473.34,38.6
1961,Customer 01961,Consumer,North,2026-04-03,6,21616.33,63.1
1962,Customer 01962,SMB,West,2026-09-09,7,20596.6,62.7
1963,Customer 01963,Consumer,North,2026-07-15,9,27004.92,35.0
1964,Customer 01964,Consumer,South,2026-04-14,6,49669.72,65.3
1965,Customer 01965,SMB,West,2026-09-17,7,20080.65,82.9
1966,Customer 01966,SMB,North,2026-05-06,5,26606.63,50.5
1967,Customer 01967,SMB,Central,2026-03-13,6,24329.05,58.6
1968,Customer 01968,Consumer,North,2026-06-14,8,3824.63,48.6
1969,Customer 01969,Consumer,Central,2026-03-25,4,9809.25,57.3
1970,Customer 01970,Consumer,South,2026-09-10,10,19790.75,39.0
1971,Customer 01971,Consumer,North,2026-06-14,3,3402.69,94.3
1972,Customer 01972,Enterprise,South,2026-09-08,8,11235.77,31.4
1973,Customer 01973,SMB,North,2026-03-14,8,10880.36,42.1
1974,Customer 01974,Consumer,Central,2026-03-05,6,13975.46,44.9
1975,Customer 01975,Consumer,Central,2026-05-06,6,12024.16,52.6
1976,Customer 01976,Enterprise,North,2026-09-24,7,29678.16,62.1
1977,Customer 01977,Consumer,West,2026-08-21,3,14182.51,85.2
1978,Customer 01978,Consumer,North,2026-07-16,5,47688.02,96.7
1979,Customer 01979,SMB,North,2026-03-19,3,16190.47,64.7
1980,Customer 01980,Consumer,East,2026-04-21,9,8288.91,14.1
1981,Customer 01981,Consumer,East,2026-03-20,7,15953.84,44.3
1982,Customer 01982,Consumer,West,2026-03-13,7,20896.01,44.2
1983,Customer 01983,Consumer,South,2026-03-05,8,15840.5,28.7
1984,Customer 01984,Consumer,South,2026-08-17,8,6175.74,51.4
1985,Customer 01985,Enterprise,Central,2026-03-24,5,12974.68,71.7
1986,Customer 01986,Consumer,Central,2026-04-28,5,20558.02,52.0
1987,Customer 01987,SMB,East,2026-05-01,8,10449.76,55.9
1988,Customer 01988,Consumer,West,2026-09-22,4,90994.69,85.3
1989,Customer 01989,SMB,South,2026-04-24,9,15036.11,42.2
1990,Customer 01990,Consumer,East,2026-04-01,3,9660.14,77.0
1991,Customer 01991,SMB,South,2026-07-06,5,8971.75,58.2
1992,Customer 01992,Consumer,Central,2026-07-27,10,10766.74,23.8
1993,Customer 01993,Consumer,North,2026-04-07,11,12089.8,48.2
1994,Customer 01994,Consumer,East,2026-04-02,13,6426.24,21.9
1995,Customer 01995,Consumer,South,2026-04-20,5,39679.5,80.8
1996,Customer 01996,Enterprise,South,2026-09-24,9,15807.68,23.2
1997,Customer 01997,SMB,West,2026-08-20,7,6750.13,38.0
1998,Customer 01998,Consumer,East,2026-05-31,5,11423.03,42.8
1999,Customer 01999,Consumer,East,2026-03-12,10,9540.22,8.1
2000,Customer 02000,Enterprise,West,2026-05-10,9,12171.68,50.6
2001,Customer 02001,Consumer,Central,2026-08-24,7,5173.57,49.9
2002,Customer 02002,SMB,East,2026-05-07,3,3668.21,65.5
2003,Customer 02003,Consumer,South,2026-05-09,7,17682.99,67.7
2004,Customer 02004,Consumer,West,2026-05-28,3,7998.58,54.3
2005,Customer 02005,Consumer,West,2026-05-03,5,56641.18,45.8
2006,Customer 02006,Consumer,North,2026-07-23,5,7545.83,72.8
2007,Customer 02007,SMB,Central,2026-05-18,6,3456.31,47.0
2008,Customer 02008,SMB,Central,2026-08-31,6,11143.68,49.2
2009,Customer 02009,Consumer,South,2026-06-03,6,6401.94,70.5
2010,Customer 02010,Consumer,South,2026-04-21,4,6591.53,63.1
2011,Customer 02011,SMB,East,2026-08-04,5,5549.62,38.8
2012,Customer 02012,Consumer,North,2026-07-31,2,16048.93,80.6
2013,Customer 02013,Consumer,West,2026-08-02,7,17985.32,48.6
2014,Customer 02014,Consumer,West,2026-05-02,7,11290.7,54.5
2015,Customer 02015,Enterprise,West,2026-03-20,6,12799.35,57.3
2016,Customer 02016,SMB,North,2026-09-24,6,32298.75,73.4
2017,Customer 02017,Consumer,Central,2026-09-19,8,41042.66,63.7
2018,Customer 02018,Consumer,Central,2026-04-23,6,6219.2,74.9
2019,Customer 02019,Consumer,South,2026-06-05,6,6000.98,56.6
2020,Customer 02020,SMB,South,2026-09-27,11,63857.53,19.1
2021,Customer 02021,SMB,East,2026-05-17,6,13651.9,42.2
2022,Customer 02022,SMB,South,2026-04-09,6,5366.53,45.8
2023,Customer 02023,Consumer,West,2026-06-26,9,13620.21,28.8
2024,Customer 02024,Consumer,Central,2026-06-05,8,6549.42,22.7
2025,Customer 02025,Consumer,South,2026-09-19,8,93965.06,66.7
2026,Customer 02026,Consumer,West,2026-06-22,1,6643.92,84.7
2027,Customer 02027,Consumer,East,2026-06-18,8,3727.6,50.0
2028,Customer 02028,Enterprise,West,2026-07-23,7,2202.11,57.9
2029,Customer 02029,Enterprise,West,2026-04-10,10,18574.67,23.3
2030,Customer 02030,SMB,West,2026-09-08,9,22670.04,27.5
2031,Customer 02031,Consumer,West,2026-03-24,6,3616.83,50.7
2032,Customer 02032,Consumer,East,2026-03-08,4,8581.77,63.9
2033,Customer 02033,SMB,North,2026-03-16,6,10983.13,72.1
2034,Customer 02034,Consumer,East,2026-06-20,7,13011.01,34.0
2035,Customer 02035,Consumer,Central,2026-06-20,4,20825.85,81.4
2036,Customer 02036,SMB,Central,2026-09-11,9,49098.119999999995,43.1
2037,Customer 02037,SMB,South,2026-07-18,3,12454.64,100.0
2038,Customer 02038,SMB,West,2026-04-24,4,15379.99,70.4
2039,Customer 02039,Consumer,South,2026-07-30,7,9507.36,36.5
2040,Customer 02040,Consumer,West,2026-03-21,7,7135.83,56.6
2041,Customer 02041,Consumer,East,2026-08-25,6,4118.83,33.3
2042,Customer 02042,Consumer,Central,2026-07-24,3,16668.35,76.9
2043,Customer 02043,Consumer,West,2026-07-18,4,3316.8,51.2
2044,Customer 02044,Consumer,East,2026-06-16,5,4618.83,68.7
2045,Customer 02045,Enterprise,North,2026-07-11,5,11097.89,57.7
2046,Customer 02046,Consumer,East,2026-04-23,4,23886.63,56.1
2047,Customer 02047,SMB,East,2026-07-08,6,17302.55,60.3
2048,Customer 02048,SMB,East,2026-03-11,5,25977.2,63.8
2049,Customer 02049,Consumer,Central,2026-08-17,3,13238.75,63.7
2050,Customer 02050,SMB,North,2026-09-10,5,363278.13,67.5
2051,Customer 02051,Consumer,North,2026-03-30,2,4570.51,90.4
2052,Customer 02052,Consumer,Central,2026-05-23,5,3616.61,73.5
2053,Customer 02053,SMB,South,2026-06-10,6,14154.73,46.2
2054,Customer 02054,SMB,East,2026-04-07,7,8874.0,54.7
2055,Customer 02055,Consumer,Central,2026-07-29,2,5516.32,97.3
2056,Customer 02056,Consumer,North,2026-08-20,9,1800.04,40.4
2057,Customer 02057,SMB,North,2026-05-08,6,17066.7,60.6
2058,Customer 02058,Consumer,Central,2026-08-12,6,3848.63,85.9
2059,Customer 02059,Consumer,West,2026-09-12,5,31453.589999999997,54.3
2060,Customer 02060,Consumer,North,2026-03-31,11,8651.06,9.7
2061,Customer 02061,Consumer,North,2026-09-04,6,41447.47,60.5
2062,Customer 02062,Consumer,East,2026-09-11,6,95567.79000000001,75.6
2063,Customer 02063,Consumer,West,2026-09-16,4,13883.880000000001,81.2
2064,Customer 02064,SMB,East,2026-09-08,5,14987.75,67.4
2065,Customer 02065,Consumer,North,2026-07-23,3,8637.21,100.0
2066,Customer 02066,SMB,West,2026-07-25,5,10234.84,84.2
2067,Customer 02067,Enterprise,South,2026-05-09,5,7592.92,77.3
2068,Customer 02068,Consumer,Central,2026-08-26,5,11472.3,67.5
2069,Customer 02069,Enterprise,East,2026-09-04,9,31289.739999999998,48.9
2070,Customer 02070,Consumer,East,2026-08-12,4,11229.89,64.6
2071,Customer 02071,Consumer,West,2026-07-18,7,11259.55,78.3
2072,Customer 02072,Consumer,East,2026-05-16,7,5431.46,45.4
2073,Customer 02073,Consumer,East,2026-06-16,6,11776.9,67.8
2074,Customer 02074,SMB,West,2026-08-22,9,27032.99,23.4
2075,Customer 02075,Consumer,East,2026-09-08,8,46986.87,51.3
2076,Customer 02076,Consumer,South,2026-04-06,5,13649.92,74.1
2077,Customer 02077,Consumer,South,2026-06-22,7,3876.81,44.8
2078,Customer 02078,Consumer,West,2026-06-20,12,8717.04,6.7
2079,Customer 02079,Consumer,West,2026-04-24,5,9579.1,58.4
2080,Customer 02080,SMB,West,2026-05-23,10,18755.98,24.9
2081,Customer 02081,SMB,West,2026-06-14,8,12517.78,24.9
2082,Customer 02082,SMB,North,2026-05-20,5,9323.95,49.2
2083,Customer 02083,Consumer,North,2026-06-19,5,17066.84,68.4
2084,Customer 02084,Consumer,Central,2026-03-30,2,13911.36,98.4
2085,Customer 02085,Consumer,Central,2026-03-23,7,8923.37,45.3
2086,Customer 02086,SMB,East,2026-07-16,9,8721.87,53.8
2087,Customer 02087,Enterprise,South,2026-07-05,4,30988.66,69.9
2088,Customer 02088,Consumer,Central,2026-09-20,8,66599.78,51.7
2089,Customer 02089,Consumer,North,2026-09-10,5,355956.16000000003,56.0
2090,Customer 02090,Consumer,East,2026-06-21,8,12112.88,31.7
2091,Customer 02091,SMB,Central,2026-08-03,5,8289.69,75.8
2092,Customer 02092,Consumer,East,2026-06-05,5,19673.0,60.7
2093,Customer 02093,Enterprise,Central,2026-09-14,7,30661.21,57.0
2094,Customer 02094,Consumer,Central,2026-06-18,7,7426.96,70.4
2095,Customer 02095,Consumer,West,2026-04-30,8,9058.54,37.1
2096,Customer 02096,Consumer,Central,2026-07-09,3,11047.26,70.3
2097,Customer 02097,SMB,Central,2026-06-17,8,12915.66,29.2
2098,Customer 02098,Consumer,Central,2026-08-11,4,7894.39,75.7
2099,Customer 02099,Enterprise,West,2026-09-28,5,185220.06,72.5
2100,Customer 02100,SMB,Central,2026-06-27,7,8205.94,63.5
2101,Customer 02101,Consumer,South,2026-09-04,6,40270.119999999995,79.2
2102,Customer 02102,SMB,East,2026-07-21,4,7875.91,68.5
2103,Customer 02103,SMB,North,2026-07-28,6,12120.63,36.6
2104,Customer 02104,Consumer,South,2026-08-30,8,25956.99,41.9
2105,Customer 02105,Enterprise,West,2026-08-20,7,16920.94,52.1
2106,Customer 02106,SMB,North,2026-08-22,13,4818.0,0.0
2107,Customer 02107,Consumer,East,2026-06-07,4,3118.76,72.1
2108,Customer 02108,SMB,Central,2026-05-04,4,9757.57,63.4
2109,Customer 02109,Consumer,South,2026-06-26,6,9074.99,71.1
2110,Customer 02110,Consumer,Central,2026-09-25,11,27858.89,40.4
2111,Customer 02111,Consumer,Central,2026-04-05,6,3986.63,68.9
2112,Customer 02112,SMB,South,2026-04-13,3,16664.39,76.3
2113,Customer 02113,SMB,South,2026-03-05,6,9911.44,70.9
2114,Customer 02114,SMB,East,2026-05-18,4,18470.94,93.7
2115,Customer 02115,Consumer,East,2026-09-22,6,140044.08000000002,60.4
2116,Customer 02116,Consumer,West,2026-07-13,9,7004.01,43.6
2117,Customer 02117,Consumer,West,2026-09-11,6,30138.49,61.0
2118,Customer 02118,Consumer,East,2026-03-27,7,12501.5,66.9
2119,Customer 02119,Consumer,Central,2026-08-26,7,22657.36,64.5
2120,Customer 02120,Consumer,Central,2026-09-05,3,10614.32,79.4
2121,Customer 02121,SMB,South,2026-05-08,6,5357.53,65.1
2122,Customer 02122,Enterprise,North,2026-09-19,10,71388.9,42.5
2123,Customer 02123,Consumer,North,2026-04-07,13,9305.52,1.1
2124,Customer 02124,SMB,Central,2026-03-13,8,31894.59,71.9
2125,Customer 02125,SMB,Central,2026-08-26,5,21053.36,71.8
2126,Customer 02126,Consumer,South,2026-09-24,9,138707.92,67.0
2127,Customer 02127,SMB,North,2026-04-28,9,5898.54,50.1
2128,Customer 02128,Consumer,North,2026-07-03,3,7611.98,99.3
2129,Customer 02129,Consumer,West,2026-07-25,7,21271.84,59.9
2130,Customer 02130,Consumer,North,2026-06-18,6,19507.64,66.5
2131,Customer 02131,Consumer,East,2026-05-31,4,16374.47,79.8
2132,Customer 02132,Consumer,West,2026-05-22,5,11056.99,46.4
2133,Customer 02133,Consumer,West,2026-09-08,9,15667.4,35.6
2134,Customer 02134,Consumer,South,2026-09-05,7,50564.11,43.3
2135,Customer 02135,Consumer,South,2026-03-21,5,8698.02,68.4
2136,Customer 02136,Consumer,South,2026-07-06,2,42767.59,50.9
2137,Customer 02137,Consumer,South,2026-04-23,8,7402.09,54.8
2138,Customer 02138,Consumer,North,2026-07-10,6,8983.57,58.5
2139,Customer 02139,Consumer,North,2026-09-15,15,317866.93,0.0
2140,Customer 02140,SMB,West,2026-08-16,4,32251.01,65.1
2141,Customer 02141,Consumer,Central,2026-09-01,7,260498.14,46.3
2142,Customer 02142,Consumer,North,2026-08-30,8,37111.82,42.0
2143,Customer 02143,SMB,East,2026-03-06,3,4331.92,87.5
2144,Customer 02144,Consumer,North,2026-05-30,3,12153.74,60.3
2145,Customer 02145,Consumer,North,2026-05-23,6,5053.54,55.4
2146,Customer 02146,Consumer,East,2026-05-18,4,15628.14,78.2
2147,Customer 02147,Enterprise,North,2026-04-05,3,9959.84,74.0
2148,Customer 02148,Consumer,West,2026-09-03,5,17876.56,65.3
2149,Customer 02149,Consumer,Central,2026-06-17,3,7045.3,76.0
2150,Customer 02150,Consumer,South,2026-06-21,4,21333.72,66.8
2151,Customer 02151,Consumer,Central,2026-09-02,10,36235.2,57.5
2152,Customer 02152,SMB,South,2026-05-06,6,16935.6,55.0
2153,Customer 02153,Enterprise,West,2026-08-29,4,7967.84,88.6
2154,Customer 02154,Consumer,West,2026-07-16,9,12040.79,12.4
2155,Customer 02155,Consumer,Central,2026-09-08,4,141878.65000000002,73.4
2156,Customer 02156,SMB,West,2026-08-23,5,11611.99,56.0
2157,Customer 02157,Consumer,South,2026-05-26,5,9193.44,55.1
2158,Customer 02158,Consumer,East,2026-06-30,4,5335.92,67.1
2159,Customer 02159,Consumer,West,2026-05-18,3,8359.17,71.9
2160,Customer 02160,SMB,South,2026-08-04,4,8523.4,61.4
2161,Customer 02161,Consumer,North,2026-07-19,7,19052.33,52.4
2162,Customer 02162,Consumer,Central,2026-07-23,8,12557.41,45.1
2163,Customer 02163,Consumer,Central,2026-06-17,5,10868.2,65.9
2164,Customer 02164,Consumer,East,2026-07-29,5,9245.59,81.8
2165,Customer 02165,SMB,South,2026-03-12,4,4819.94,75.1
2166,Customer 02166,Consumer,South,2026-09-08,6,4463.87,64.8
2167,Customer 02167,Consumer,North,2026-09-25,7,13465.84,47.6
2168,Customer 02168,Consumer,North,2026-07-03,6,9483.62,56.7
2169,Customer 02169,Consumer,North,2026-07-27,4,19098.28,82.1
2170,Customer 02170,Consumer,North,2026-09-15,9,544485.21,40.1
2171,Customer 02171,Consumer,North,2026-06-12,5,10281.9,63.8
2172,Customer 02172,Consumer,West,2026-09-27,7,75500.06,60.1
2173,Customer 02173,Consumer,South,2026-05-13,8,36797.76,33.2
2174,Customer 02174,Consumer,West,2026-05-09,8,9541.03,43.7
2175,Customer 02175,Consumer,East,2026-03-26,3,13149.1,96.2
2176,Customer 02176,Consumer,East,2026-08-31,5,5398.37,49.6
2177,Customer 02177,Consumer,West,2026-04-24,8,10497.87,56.1
2178,Customer 02178,Enterprise,North,2026-07-07,8,17885.26,39.0
2179,Customer 02179,Consumer,South,2026-05-04,4,16143.28,46.4
2180,Customer 02180,Consumer,North,2026-06-24,5,14619.79,81.4
2181,Customer 02181,SMB,South,2026-09-07,6,16030.720000000001,80.2
2182,Customer 02182,Consumer,South,2026-09-13,6,136886.66,33.7
2183,Customer 02183,Consumer,North,2026-04-22,8,5153.01,58.4
2184,Customer 02184,Consumer,East,2026-04-23,5,47576.02,69.0
2185,Customer 02185,Consumer,West,2026-05-18,4,28131.8,80.9
2186,Customer 02186,SMB,West,2026-07-19,4,14767.95,50.5
2187,Customer 02187,SMB,East,2026-07-07,11,9236.05,47.6
2188,Customer 02188,SMB,North,2026-06-27,5,3424.02,61.2
2189,Customer 02189,Consumer,East,2026-05-13,3,7629.81,71.4
2190,Customer 02190,SMB,North,2026-06-03,10,4491.64,7.8
2191,Customer 02191,SMB,West,2026-08-14,5,12123.29,59.2
2192,Customer 02192,Enterprise,Central,2026-03-25,6,6751.34,62.2
2193,Customer 02193,Enterprise,North,2026-04-20,5,9543.12,82.5
2194,Customer 02194,Consumer,South,2026-06-26,8,4142.62,47.8
2195,Customer 02195,Consumer,South,2026-08-12,5,13128.22,42.1
2196,Customer 02196,SMB,Central,2026-09-15,5,66095.76000000001,77.9
2197,Customer 02197,Consumer,Central,2026-09-05,3,30239.62,94.5
2198,Customer 02198,Consumer,East,2026-08-04,4,5239.45,79.6
2199,Customer 02199,SMB,South,2026-08-06,8,6785.95,18.1
2200,Customer 02200,Consumer,Central,2026-04-05,6,5122.81,56.4
2201,Customer 02201,Consumer,Central,2026-07-24,6,9611.76,66.5
2202,Customer 02202,Consumer,North,2026-04-19,6,9307.69,50.3
2203,Customer 02203,Consumer,West,2026-09-15,7,237032.72,63.5
2204,Customer 02204,Consumer,North,2026-09-12,8,30617.43,60.3
2205,Customer 02205,Consumer,East,2026-06-15,5,4982.22,45.4
2206,Customer 02206,Consumer,Central,2026-06-09,3,8418.45,96.6
2207,Customer 02207,Consumer,South,2026-07-13,7,33279.46,57.8
2208,Customer 02208,Consumer,South,2026-09-18,6,108247.26,77.0
2209,Customer 02209,Consumer,North,2026-04-05,8,5456.49,36.8
2210,Customer 02210,SMB,West,2026-09-14,12,24445.5,22.2
2211,Customer 02211,SMB,South,2026-06-01,4,5236.36,65.3
2212,Customer 02212,SMB,West,2026-06-30,6,34609.5,58.4
2213,Customer 02213,SMB,Central,2026-08-30,4,4942.94,72.9
2214,Customer 02214,Consumer,West,2026-05-18,6,8352.72,51.7
2215,Customer 02215,Enterprise,Central,2026-08-19,6,12287.77,70.8
2216,Customer 02216,Consumer,North,2026-08-02,7,12309.14,32.1
2217,Customer 02217,Consumer,West,2026-03-11,7,8526.71,58.8
2218,Customer 02218,Consumer,East,2026-08-20,8,22961.04,38.1
2219,Customer 02219,Consumer,West,2026-07-03,8,2607.78,51.6
2220,Customer 02220,SMB,Central,2026-06-09,10,3368.83,26.2
2221,Customer 02221,SMB,Central,2026-07-09,8,7759.65,46.1
2222,Customer 02222,Consumer,South,2026-09-10,4,27699.66,55.5
2223,Customer 02223,Enterprise,East,2026-07-22,4,6940.68,87.1
2224,Customer 02224,SMB,Central,2026-08-04,7,4301.45,46.6
2225,Customer 02225,Consumer,South,2026-09-25,6,7261.27,65.4
2226,Customer 02226,Consumer,North,2026-08-17,5,3489.85,53.9
2227,Customer 02227,SMB,East,2026-09-29,8,38877.69,55.8
2228,Customer 02228,SMB,Central,2026-07-17,7,13818.45,68.3
2229,Customer 02229,SMB,North,2026-06-08,6,7446.21,50.6
2230,Customer 02230,Consumer,South,2026-04-18,6,8721.98,65.0
2231,Customer 02231,Consumer,South,2026-06-23,13,5515.21,0.0
2232,Customer 02232,Consumer,South,2026-09-09,6,31755.61,60.6
2233,Customer 02233,SMB,East,2026-05-17,2,8606.28,91.1
2234,Customer 02234,Consumer,South,2026-03-19,8,15590.57,21.7
2235,Customer 02235,SMB,South,2026-07-16,7,31253.13,33.4
2236,Customer 02236,Consumer,West,2026-08-08,6,23997.75,57.1
2237,Customer 02237,Consumer,South,2026-04-06,6,14403.05,74.4
2238,Customer 02238,Consumer,Central,2026-09-10,5,40031.26,82.1
2239,Customer 02239,Consumer,West,2026-03-28,3,7220.22,73.4
2240,Customer 02240,Consumer,North,2026-08-02,9,16717.08,44.5
2241,Customer 02241,Enterprise,East,2026-06-16,4,4867.17,45.4
2242,Customer 02242,SMB,North,2026-09-21,5,150605.53,54.7
2243,Customer 02243,Consumer,East,2026-07-17,3,20883.27,85.5
2244,Customer 02244,Consumer,West,2026-08-27,6,2404.24,55.4
2245,Customer 02245,Consumer,West,2026-09-19,6,20882.96,59.1
2246,Customer 02246,Consumer,Central,2026-07-05,7,11164.19,58.2
2247,Customer 02247,Consumer,Central,2026-05-07,7,5310.59,59.2
2248,Customer 02248,Consumer,West,2026-03-14,6,45643.09,55.3
2249,Customer 02249,SMB,Central,2026-08-02,5,22711.42,41.9
2250,Customer 02250,Consumer,South,2026-03-06,7,5551.83,58.3
2251,Customer 02251,SMB,West,2026-04-15,8,12573.72,41.0
2252,Customer 02252,Consumer,South,2026-03-07,5,10982.33,66.6
2253,Customer 02253,SMB,Central,2026-06-21,4,6478.61,97.1
2254,Customer 02254,Consumer,East,2026-07-01,11,21483.5,26.6
2255,Customer 02255,Consumer,Central,2026-09-23,10,184827.02,60.0
2256,Customer 02256,Consumer,North,2026-05-12,6,63726.77,64.4
2257,Customer 02257,SMB,South,2026-08-19,5,67671.58,69.4
2258,Customer 02258,Consumer,Central,2026-09-05,4,39946.270000000004,72.9
2259,Customer 02259,Consumer,West,2026-03-27,3,4148.63,81.5
2260,Customer 02260,Consumer,West,2026-09-10,5,39464.600000000006,61.0
2261,Customer 02261,Enterprise,East,2026-07-31,5,9893.51,59.5
2262,Customer 02262,Consumer,North,2026-06-23,6,14407.57,62.3
2263,Customer 02263,Consumer,South,2026-03-19,4,6853.5,63.1
2264,Customer 02264,Consumer,North,2026-04-07,5,19764.42,54.4
2265,Customer 02265,SMB,East,2026-05-24,4,2411.83,74.0
2266,Customer 02266,SMB,West,2026-08-21,4,24020.44,100.0
2267,Customer 02267,Consumer,East,2026-09-08,5,30851.27,72.9
2268,Customer 02268,Consumer,North,2026-04-01,6,6880.97,71.7
2269,Customer 02269,Consumer,Central,2026-04-16,6,11016.02,48.9
2270,Customer 02270,Consumer,West,2026-09-07,10,48855.96,29.8
2271,Customer 02271,Consumer,West,2026-09-26,5,502692.7,88.6
2272,Customer 02272,Consumer,South,2026-08-11,3,8960.66,100.0
2273,Customer 02273,Consumer,South,2026-05-08,5,5709.93,64.9
2274,Customer 02274,Consumer,North,2026-03-07,7,13598.91,50.4
2275,Customer 02275,Consumer,Central,2026-07-26,8,21188.28,32.9
2276,Customer 02276,Consumer,North,2026-06-20,3,1672.82,77.7
2277,Customer 02277,Consumer,North,2026-03-20,5,2772.57,65.0
2278,Customer 02278,Enterprise,West,2026-08-26,8,9130.97,46.1
2279,Customer 02279,Consumer,South,2026-04-12,5,14342.73,71.0
2280,Customer 02280,Consumer,South,2026-03-19,7,7738.5,48.1
2281,Customer 02281,Consumer,North,2026-07-03,5,12910.17,67.8
2282,Customer 02282,SMB,South,2026-09-01,6,58137.41,75.2
2283,Customer 02283,SMB,East,2026-08-17,5,8425.98,44.3
2284,Customer 02284,Consumer,North,2026-04-11,6,5377.1,57.1
2285,Customer 02285,Consumer,East,2026-04-27,9,32994.0,58.2
2286,Customer 02286,Enterprise,East,2026-07-09,6,9437.67,64.6
2287,Customer 02287,Enterprise,Central,2026-07-04,6,4279.93,81.2
2288,Customer 02288,Consumer,South,2026-08-27,4,9917.65,96.4
2289,Customer 02289,Consumer,West,2026-06-17,5,1342.72,65.3
2290,Customer 02290,Enterprise,East,2026-09-21,6,13263.93,77.1
2291,Customer 02291,SMB,Central,2026-09-19,11,23307.19,31.7
2292,Customer 02292,Consumer,North,2026-06-22,7,5284.37,53.0
2293,Customer 02293,Consumer,North,2026-08-21,8,16402.27,56.0
2294,Customer 02294,Consumer,Central,2026-08-06,8,4456.63,27.4
2295,Customer 02295,Consumer,South,2026-05-13,5,6107.16,52.8
2296,Customer 02296,SMB,West,2026-06-25,6,14297.19,47.5
2297,Customer 02297,Consumer,Central,2026-08-03,5,10683.63,84.3
2298,Customer 02298,Consumer,West,2026-09-22,13,142589.97999999998,3.7
2299,Customer 02299,Consumer,West,2026-04-26,2,9587.66,97.8
2300,Customer 02300,Enterprise,West,2026-09-25,7,17435.92,50.3
2301,Customer 02301,SMB,East,2026-09-10,8,17562.07,42.6
2302,Customer 02302,SMB,South,2026-09-17,6,49114.53,61.5
2303,Customer 02303,Consumer,North,2026-08-13,6,28345.36,71.7
2304,Customer 02304,SMB,South,2026-05-22,7,7685.15,73.9
2305,Customer 02305,Consumer,West,2026-04-07,2,10476.45,60.2
2306,Customer 02306,SMB,Central,2026-05-30,3,10683.45,66.9
2307,Customer 02307,Enterprise,Central,2026-03-18,7,4882.25,49.2
2308,Customer 02308,Consumer,West,2026-09-19,6,38511.17,52.8
2309,Customer 02309,Consumer,East,2026-05-19,8,24396.73,51.3
2310,Customer 02310,Consumer,North,2026-04-02,8,5626.68,41.4
2311,Customer 02311,SMB,West,2026-03-05,2,6813.86,92.4
2312,Customer 02312,Consumer,Central,2026-07-31,7,25996.59,27.6
2313,Customer 02313,SMB,North,2026-09-12,8,28121.739999999998,63.8
2314,Customer 02314,SMB,East,2026-07-01,7,37667.14,43.7
2315,Customer 02315,Consumer,West,2026-07-06,5,2900.76,69.3
2316,Customer 02316,Consumer,West,2026-09-10,9,39818.020000000004,35.8
2317,Customer 02317,Consumer,West,2026-04-12,3,4612.34,83.8
2318,Customer 02318,SMB,South,2026-04-02,7,12856.88,28.5
2319,Customer 02319,Consumer,East,2026-08-30,8,2247.91,50.7
2320,Customer 02320,SMB,West,2026-05-11,6,2086.77,51.1
2321,Customer 02321,Consumer,West,2026-05-10,7,1385.43,58.2
2322,Customer 02322,SMB,East,2026-03-28,7,12399.1,36.6
2323,Customer 02323,Consumer,East,2026-03-06,8,8335.53,48.1
2324,Customer 02324,Consumer,East,2026-03-30,6,28045.76,74.7
2325,Customer 02325,Consumer,South,2026-03-25,5,4770.38,66.3
2326,Customer 02326,Consumer,East,2026-07-28,10,13607.54,26.0
2327,Customer 02327,Consumer,North,2026-05-29,9,7884.3,32.1
2328,Customer 02328,Consumer,East,2026-03-31,8,8915.85,38.0
2329,Customer 02329,Consumer,South,2026-06-06,8,5642.81,45.7
2330,Customer 02330,Consumer,Central,2026-06-06,3,4786.98,86.9
2331,Customer 02331,Consumer,West,2026-09-27,10,151562.49,17.8
2332,Customer 02332,SMB,South,2026-09-01,8,41300.25,91.1
2333,Customer 02333,SMB,West,2026-04-16,4,5060.42,55.2
2334,Customer 02334,SMB,East,2026-09-22,4,221190.4,73.0
2335,Customer 02335,Consumer,South,2026-09-15,7,8087.13,32.6
2336,Customer 02336,Consumer,East,2026-04-01,10,27475.52,11.0
2337,Customer 02337,Consumer,North,2026-09-23,9,201725.2,35.4
2338,Customer 02338,Consumer,Central,2026-03-13,5,10267.7,41.4
2339,Customer 02339,Enterprise,North,2026-05-03,5,9192.85,66.7
2340,Customer 02340,Consumer,North,2026-07-30,4,4463.75,78.4
2341,Customer 02341,Consumer,East,2026-09-09,5,181904.58000000002,74.8
2342,Customer 02342,SMB,South,2026-09-28,7,12663.82,62.1
2343,Customer 02343,Consumer,South,2026-06-28,10,10968.0,42.2
2344,Customer 02344,Consumer,South,2026-06-16,7,10999.82,47.3
2345,Customer 02345,Consumer,North,2026-05-08,8,35388.85,58.1
2346,Customer 02346,Consumer,East,2026-05-18,4,16577.81,68.5
2347,Customer 02347,Consumer,East,2026-08-28,4,15914.3,93.7
2348,Customer 02348,Consumer,West,2026-06-21,5,4922.92,52.7
2349,Customer 02349,Consumer,South,2026-05-01,6,3382.74,49.7
2350,Customer 02350,Consumer,West,2026-08-08,10,6683.54,40.1
2351,Customer 02351,SMB,East,2026-08-03,4,3370.12,53.6
2352,Customer 02352,Consumer,North,2026-03-30,9,5442.21,49.7
2353,Customer 02353,Consumer,Central,2026-09-18,9,76667.49,60.5
2354,Customer 02354,Consumer,South,2026-03-26,5,4992.11,64.6
2355,Customer 02355,SMB,South,2026-06-24,8,20512.22,42.8
2356,Customer 02356,Consumer,East,2026-09-20,6,19767.28,46.8
2357,Customer 02357,Consumer,East,2026-04-17,4,4062.56,79.2
2358,Customer 02358,Enterprise,Central,2026-03-19,3,59193.69,63.1
2359,Customer 02359,Enterprise,Central,2026-08-20,8,9132.61,46.9
2360,Customer 02360,Consumer,Central,2026-06-24,5,8454.93,55.3
2361,Customer 02361,SMB,Central,2026-05-31,3,6195.48,76.8
2362,Customer 02362,Consumer,North,2026-07-16,6,5216.45,49.5
2363,Customer 02363,Enterprise,East,2026-09-12,6,25942.719999999998,58.8
2364,Customer 02364,Consumer,North,2026-05-30,8,23889.61,55.1
2365,Customer 02365,Consumer,North,2026-09-24,10,105695.28,33.7
2366,Customer 02366,SMB,East,2026-09-18,10,35517.42,43.7
2367,Customer 02367,Consumer,West,2026-07-31,3,5898.49,89.4
2368,Customer 02368,Consumer,East,2026-03-26,7,12083.97,70.9
2369,Customer 02369,Consumer,West,2026-09-14,7,10131.26,41.4
2370,Customer 02370,Consumer,Central,2026-09-15,7,32565.64,63.5
2371,Customer 02371,Consumer,East,2026-09-08,16,94072.91,6.0
2372,Customer 02372,Enterprise,South,2026-07-13,6,8187.2,61.6
2373,Customer 02373,Consumer,South,2026-09-28,10,24731.420000000002,54.5
2374,Customer 02374,SMB,North,2026-08-23,6,9478.49,80.2
2375,Customer 02375,SMB,West,2026-05-17,5,7063.67,75.3
2376,Customer 02376,Consumer,North,2026-09-19,6,46251.56,72.0
2377,Customer 02377,Consumer,West,2026-04-04,3,18270.2,65.8
2378,Customer 02378,Consumer,South,2026-04-30,4,10052.0,87.1
2379,Customer 02379,Consumer,Central,2026-08-12,11,17949.89,0.5
2380,Customer 02380,SMB,Central,2026-08-26,7,6692.3,54.1
2381,Customer 02381,Consumer,East,2026-05-06,4,4744.51,66.1
2382,Customer 02382,Consumer,East,2026-09-02,11,30774.32,32.1
2383,Customer 02383,Consumer,Central,2026-08-22,11,23369.83,51.3
2384,Customer 02384,Consumer,South,2026-06-29,7,12468.65,51.1
2385,Customer 02385,Consumer,South,2026-05-23,8,11538.8,49.3
2386,Customer 02386,Consumer,South,2026-06-07,6,20157.3,49.9
2387,Customer 02387,SMB,Central,2026-05-05,4,12501.26,84.4
2388,Customer 02388,Consumer,East,2026-09-24,6,19923.2,55.8
2389,Customer 02389,Consumer,West,2026-08-29,10,2525.88,23.0
2390,Customer 02390,SMB,West,2026-07-11,7,12978.47,46.5
2391,Customer 02391,Consumer,Central,2026-09-25,9,11809.06,61.0
2392,Customer 02392,Consumer,South,2026-09-09,6,25927.25,76.7
2393,Customer 02393,SMB,North,2026-07-17,4,19645.87,81.3
2394,Customer 02394,Consumer,Central,2026-05-08,9,8489.5,33.2
2395,Customer 02395,Consumer,East,2026-05-02,7,4508.37,60.4
2396,Customer 02396,Consumer,Central,2026-08-19,8,6702.8,39.8
2397,Customer 02397,Consumer,West,2026-08-26,6,20453.66,57.1
2398,Customer 02398,Consumer,North,2026-09-06,5,11719.759999999998,60.0
2399,Customer 02399,SMB,West,2026-04-28,6,15711.35,59.7
2400,Customer 02400,Consumer,Central,2026-06-27,5,14516.14,66.9
2401,Customer 02401,Consumer,North,2026-06-16,5,3659.18,67.5
2402,Customer 02402,Consumer,West,2026-07-03,7,7125.93,43.1
2403,Customer 02403,SMB,North,2026-04-08,4,1604.64,94.9
2404,Customer 02404,Consumer,East,2026-06-28,5,9124.65,63.6
2405,Customer 02405,Consumer,Central,2026-09-01,6,47713.29,77.3
2406,Customer 02406,Consumer,West,2026-06-16,3,17572.51,85.4
2407,Customer 02407,Consumer,East,2026-03-25,7,8873.22,40.8
2408,Customer 02408,Consumer,East,2026-09-06,9,18955.18,33.2
2409,Customer 02409,SMB,West,2026-08-29,6,8328.25,88.9
2410,Customer 02410,SMB,West,2026-08-02,8,14139.5,45.2
2411,Customer 02411,SMB,Central,2026-05-08,8,18494.04,31.7
2412,Customer 02412,Consumer,East,2026-08-11,3,9958.41,77.3
2413,Customer 02413,SMB,East,2026-06-10,10,7152.31,45.9
2414,Customer 02414,Consumer,South,2026-08-03,6,2362.67,41.9
2415,Customer 02415,Consumer,South,2026-03-14,4,2718.74,61.4
2416,Customer 02416,Consumer,West,2026-07-30,9,2580.16,38.7
2417,Customer 02417,Consumer,East,2026-03-26,7,10804.3,42.6
2418,Customer 02418,Consumer,East,2026-05-08,8,34847.7,43.9
2419,Customer 02419,Consumer,South,2026-07-26,6,6150.42,67.5
2420,Customer 02420,Consumer,South,2026-04-20,9,11592.19,38.6
2421,Customer 02421,SMB,North,2026-08-14,8,27166.83,51.7
2422,Customer 02422,Consumer,East,2026-07-26,3,21160.43,82.6
2423,Customer 02423,Consumer,Central,2026-06-01,7,16363.27,48.0
2424,Customer 02424,Consumer,North,2026-07-17,7,9682.98,56.5
2425,Customer 02425,Consumer,West,2026-09-15,6,10713.77,48.1
2426,Customer 02426,SMB,Central,2026-06-21,6,16857.59,36.5
2427,Customer 02427,Consumer,West,2026-07-08,10,13060.11,32.2
2428,Customer 02428,Consumer,West,2026-07-29,8,7097.89,37.8
2429,Customer 02429,Consumer,West,2026-09-02,8,10409.78,49.1
2430,Customer 02430,Consumer,North,2026-09-09,6,115693.43,61.5
2431,Customer 02431,Consumer,East,2026-04-25,7,17209.43,56.0
2432,Customer 02432,Consumer,West,2026-09-18,8,7803.25,50.4
2433,Customer 02433,Consumer,East,2026-04-04,3,16088.88,100.0
2434,Customer 02434,Consumer,West,2026-09-14,6,28370.760000000002,56.5
2435,Customer 02435,Consumer,East,2026-07-31,9,10114.59,18.8
2436,Customer 02436,SMB,East,2026-09-28,4,25939.989999999998,100.0
2437,Customer 02437,Consumer,West,2026-08-07,6,2780.12,64.7
2438,Customer 02438,SMB,South,2026-09-14,6,26605.230000000003,69.1
2439,Customer 02439,Consumer,North,2026-08-03,8,40102.25,48.6
2440,Customer 02440,Consumer,East,2026-06-29,4,14652.33,73.0
2441,Customer 02441,Consumer,Central,2026-07-11,8,5347.62,44.8
2442,Customer 02442,Consumer,East,2026-06-26,4,12400.53,50.6
2443,Customer 02443,Consumer,West,2026-09-17,10,235482.22,37.1
2444,Customer 02444,Consumer,South,2026-08-30,6,7169.63,49.6
2445,Customer 02445,Consumer,Central,2026-04-26,5,10988.39,60.5
2446,Customer 02446,Enterprise,West,2026-04-14,10,6780.16,36.1
2447,Customer 02447,Consumer,West,2026-06-20,3,41082.1,86.9
2448,Customer 02448,Consumer,South,2026-08-12,6,8192.64,68.4
2449,Customer 02449,SMB,South,2026-09-13,8,46562.99,61.3
2450,Customer 02450,SMB,East,2026-03-30,4,5834.08,64.4
2451,Customer 02451,Consumer,South,2026-04-13,1,5537.88,99.2
2452,Customer 02452,SMB,Central,2026-05-03,13,35057.5,20.3
2453,Customer 02453,SMB,Central,2026-04-25,5,6840.59,47.0
2454,Customer 02454,Consumer,East,2026-04-21,7,9263.65,39.7
2455,Customer 02455,Consumer,West,2026-05-09,6,18003.67,43.8
2456,Customer 02456,Consumer,West,2026-09-21,5,56957.229999999996,62.1
2457,Customer 02457,Enterprise,East,2026-06-28,6,27891.65,86.9
2458,Customer 02458,SMB,South,2026-09-28,7,10727.01,76.3
2459,Customer 02459,Consumer,West,2026-07-26,8,7977.56,50.2
2460,Customer 02460,Enterprise,Central,2026-04-30,3,3872.54,80.6
2461,Customer 02461,Consumer,West,2026-07-02,7,3177.4,48.6
2462,Customer 02462,Consumer,East,2026-03-31,7,3678.5,46.8
2463,Customer 02463,SMB,South,2026-04-28,3,4903.61,70.7
2464,Customer 02464,Consumer,Central,2026-05-08,7,3579.92,59.7
2465,Customer 02465,Consumer,North,2026-06-21,7,8788.31,41.5
2466,Customer 02466,Consumer,West,2026-05-10,7,8221.22,61.0
2467,Customer 02467,Consumer,South,2026-07-13,13,3495.51,0.0
2468,Customer 02468,Consumer,Central,2026-05-24,5,6127.19,62.1
2469,Customer 02469,Consumer,Central,2026-06-07,4,26082.79,52.6
2470,Customer 02470,Consumer,North,2026-03-29,1,8178.82,90.0
2471,Customer 02471,SMB,East,2026-05-05,9,12415.87,23.3
2472,Customer 02472,Enterprise,East,2026-04-19,8,8458.19,60.1
2473,Customer 02473,Consumer,Central,2026-04-16,9,18993.56,51.5
2474,Customer 02474,SMB,North,2026-08-31,10,13626.09,64.4
2475,Customer 02475,SMB,South,2026-05-22,8,5349.65,42.7
2476,Customer 02476,Enterprise,North,2026-06-26,4,6074.88,71.3
2477,Customer 02477,SMB,East,2026-03-19,10,3305.73,9.5
2478,Customer 02478,Consumer,South,2026-03-16,6,10290.65,49.8
2479,Customer 02479,SMB,North,2026-07-13,7,3031.7,47.9
2480,Customer 02480,SMB,East,2026-05-24,4,24605.79,76.2
2481,Customer 02481,Enterprise,Central,2026-08-18,9,14583.77,36.8
2482,Customer 02482,SMB,West,2026-07-15,7,5688.45,50.9
2483,Customer 02483,Enterprise,West,2026-07-04,8,5121.62,23.0
2484,Customer 02484,Consumer,East,2026-08-11,5,9891.46,46.7
2485,Customer 02485,Consumer,West,2026-09-15,5,35123.85,59.9
2486,Customer 02486,Consumer,West,2026-09-21,8,23666.77,86.0
2487,Customer 02487,Consumer,North,2026-04-08,11,3267.42,12.3
2488,Customer 02488,Consumer,Central,2026-05-13,10,49817.38,30.7
2489,Customer 02489,Consumer,Central,2026-05-14,5,23383.7,36.0
2490,Customer 02490,SMB,Central,2026-08-23,2,7177.44,78.1
2491,Customer 02491,Consumer,East,2026-08-04,12,20781.49,13.7
2492,Customer 02492,SMB,West,2026-06-27,4,7102.18,91.2
2493,Customer 02493,Consumer,Central,2026-06-01,8,7495.19,39.7
2494,Customer 02494,Enterprise,South,2026-09-15,6,70996.06,74.8
2495,Customer 02495,Consumer,North,2026-08-14,6,6231.64,56.8
2496,Customer 02496,Consumer,North,2026-09-27,8,35774.41,41.0
2497,Customer 02497,SMB,Central,2026-07-16,4,2403.73,66.1
2498,Customer 02498,SMB,North,2026-09-09,6,127444.56,57.1
2499,Customer 02499,SMB,North,2026-03-07,6,7336.67,64.8
2500,Customer 02500,Consumer,North,2026-06-03,5,2049.75,70.7
2501,Customer 02501,Consumer,South,2026-03-08,6,12317.19,71.3
2502,Customer 02502,SMB,South,2026-09-25,7,141677.77000000002,73.0
2503,Customer 02503,Consumer,West,2026-05-12,4,17685.21,86.6
2504,Customer 02504,Enterprise,North,2026-08-04,6,20375.82,55.8
2505,Customer 02505,SMB,North,2026-03-24,7,3200.1,54.0
2506,Customer 02506,SMB,West,2026-03-30,8,20265.18,43.1
2507,Customer 02507,Enterprise,West,2026-04-28,7,5280.87,48.2
2508,Customer 02508,Consumer,East,2026-04-15,4,11082.48,68.9
2509,Customer 02509,Enterprise,Central,2026-06-04,4,14104.51,59.6
2510,Customer 02510,Consumer,East,2026-08-21,6,5499.45,54.5
2511,Customer 02511,SMB,South,2026-03-12,5,12178.78,50.6
2512,Customer 02512,Enterprise,West,2026-09-26,6,15961.349999999999,67.4
2513,Customer 02513,Consumer,West,2026-07-26,3,7418.85,73.4
2514,Customer 02514,Consumer,West,2026-08-13,8,8170.64,43.4
2515,Customer 02515,Consumer,East,2026-06-17,10,2341.09,30.7
2516,Customer 02516,Consumer,East,2026-09-11,10,10755.0,17.4
2517,Customer 02517,SMB,West,2026-09-19,6,210144.65,59.5
2518,Customer 02518,Consumer,West,2026-07-05,7,9773.57,42.8
2519,Customer 02519,Consumer,West,2026-08-12,3,15709.15,81.5
2520,Customer 02520,SMB,South,2026-06-18,8,7302.21,67.6
2521,Customer 02521,Consumer,North,2026-03-20,4,8856.73,61.6
2522,Customer 02522,Consumer,South,2026-06-12,5,9920.82,57.3
2523,Customer 02523,SMB,West,2026-07-10,6,5226.9,42.9
2524,Customer 02524,Consumer,East,2026-04-16,6,5882.92,53.3
2525,Customer 02525,Consumer,South,2026-08-19,3,12643.51,68.5
2526,Customer 02526,SMB,South,2026-06-23,5,14396.86,68.6
2527,Customer 02527,Enterprise,Central,2026-09-09,4,42805.2,74.6
2528,Customer 02528,Consumer,North,2026-04-12,6,54396.59,80.4
2529,Customer 02529,Consumer,South,2026-07-16,3,21913.59,85.4
2530,Customer 02530,Consumer,South,2026-09-20,12,47943.119999999995,36.1
2531,Customer 02531,Consumer,West,2026-03-10,3,15778.8,84.9
2532,Customer 02532,Consumer,South,2026-07-26,6,11909.4,81.2
2533,Customer 02533,SMB,Central,2026-04-14,3,16776.17,94.7
2534,Customer 02534,Consumer,North,2026-03-10,7,8535.12,40.7
2535,Customer 02535,Consumer,North,2026-07-25,11,7102.14,25.8
2536,Customer 02536,Consumer,South,2026-06-30,10,8162.03,28.5
2537,Customer 02537,Consumer,North,2026-09-04,3,42558.72,100.0
2538,Customer 02538,Consumer,East,2026-09-13,9,69313.13,44.2
2539,Customer 02539,Consumer,East,2026-07-19,8,5576.68,55.3
2540,Customer 02540,Consumer,North,2026-09-27,5,27074.38,72.2
2541,Customer 02541,Consumer,East,2026-05-11,5,2474.05,79.7
2542,Customer 02542,Consumer,East,2026-06-29,6,4416.62,73.3
2543,Customer 02543,Consumer,West,2026-04-12,5,12872.45,70.8
2544,Customer 02544,Consumer,East,2026-09-14,6,6624.34,53.3
2545,Customer 02545,Consumer,Central,2026-07-04,3,24041.96,77.6
2546,Customer 02546,SMB,South,2026-04-24,4,6868.34,59.7
2547,Customer 02547,Consumer,South,2026-08-18,3,19469.76,72.1
2548,Customer 02548,SMB,Central,2026-05-17,8,5647.91,55.8
2549,Customer 02549,SMB,North,2026-06-02,8,4494.1,33.6
2550,Customer 02550,SMB,East,2026-04-08,4,2178.36,86.2
2551,Customer 02551,SMB,South,2026-04-15,3,2869.21,81.6
2552,Customer 02552,Consumer,South,2026-09-30,9,43729.729999999996,61.7
2553,Customer 02553,Consumer,West,2026-04-06,10,12977.48,15.4
2554,Customer 02554,Consumer,North,2026-03-25,8,4004.14,37.2
2555,Customer 02555,Enterprise,North,2026-03-11,6,4918.18,49.2
2556,Customer 02556,Consumer,South,2026-04-11,5,15557.88,60.4
2557,Customer 02557,Consumer,North,2026-09-17,8,123930.70999999999,58.1
2558,Customer 02558,Consumer,North,2026-06-04,9,2975.46,42.2
2559,Customer 02559,Consumer,West,2026-09-19,5,27055.96,67.9
2560,Customer 02560,Consumer,South,2026-04-26,6,3123.99,49.5
2561,Customer 02561,SMB,South,2026-03-26,4,17623.34,77.4
2562,Customer 02562,Consumer,West,2026-08-15,6,27715.46,42.3
2563,Customer 02563,SMB,Central,2026-08-05,6,18912.5,48.0
2564,Customer 02564,Consumer,Central,2026-08-21,4,9659.93,72.4
2565,Customer 02565,Consumer,North,2026-03-16,7,7159.82,63.7
2566,Customer 02566,Consumer,South,2026-09-29,14,42218.33,0.0
2567,Customer 02567,Consumer,East,2026-09-01,5,71779.97,68.2
2568,Customer 02568,Consumer,North,2026-09-10,6,31767.9,62.4
2569,Customer 02569,SMB,East,2026-05-28,6,6835.25,55.4
2570,Customer 02570,Enterprise,South,2026-09-01,6,18629.06,76.7
2571,Customer 02571,SMB,North,2026-07-27,7,16872.03,56.0
2572,Customer 02572,Consumer,East,2026-09-12,5,99280.14,53.5
2573,Customer 02573,SMB,East,2026-09-27,5,186546.88,71.3
2574,Customer 02574,SMB,South,2026-03-14,7,5997.72,33.2
2575,Customer 02575,Consumer,South,2026-08-09,7,13907.77,58.4
2576,Customer 02576,SMB,West,2026-07-09,4,10536.55,65.9
2577,Customer 02577,SMB,West,2026-06-03,3,19982.12,81.8
2578,Customer 02578,Consumer,Central,2026-09-06,6,15256.14,75.5
2579,Customer 02579,Consumer,South,2026-04-11,7,14834.05,42.4
2580,Customer 02580,Consumer,North,2026-05-08,6,4524.94,62.0
2581,Customer 02581,SMB,North,2026-03-15,6,5009.43,64.5
2582,Customer 02582,Consumer,South,2026-04-01,5,15082.34,49.0
2583,Customer 02583,Consumer,South,2026-09-05,7,23658.68,51.7
2584,Customer 02584,Consumer,East,2026-08-31,8,4035.16,43.0
2585,Customer 02585,Consumer,South,2026-09-11,9,28326.92,54.6
2586,Customer 02586,Enterprise,Central,2026-09-23,6,134446.88,46.2
2587,Customer 02587,Consumer,North,2026-07-20,6,4078.49,73.3
2588,Customer 02588,SMB,North,2026-05-03,5,5315.54,65.2
2589,Customer 02589,Enterprise,North,2026-04-21,13,8984.94,0.0
2590,Customer 02590,Consumer,North,2026-08-31,5,11429.4,60.1
2591,Customer 02591,SMB,North,2026-09-05,4,23027.16,42.9
2592,Customer 02592,Consumer,East,2026-03-19,5,34105.54,78.1
2593,Customer 02593,Consumer,South,2026-09-13,4,32029.68,66.6
2594,Customer 02594,Enterprise,East,2026-05-26,6,10880.11,75.8
2595,Customer 02595,SMB,West,2026-08-06,7,14909.26,53.8
2596,Customer 02596,Consumer,East,2026-06-06,7,17564.17,43.6
2597,Customer 02597,SMB,Central,2026-05-15,5,2385.21,76.9
2598,Customer 02598,Consumer,East,2026-06-10,5,20617.86,60.2
2599,Customer 02599,Enterprise,North,2026-07-17,3,2945.53,75.1
2600,Customer 02600,Consumer,East,2026-06-18,8,16121.07,47.1
2601,Customer 02601,Consumer,South,2026-04-25,6,11600.48,62.5
2602,Customer 02602,Consumer,North,2026-07-20,10,11114.57,37.2
2603,Customer 02603,SMB,South,2026-05-10,8,1537.03,48.4
2604,Customer 02604,SMB,South,2026-09-29,9,41122.130000000005,37.8
2605,Customer 02605,Consumer,Central,2026-04-25,8,24371.22,55.8
2606,Customer 02606,Consumer,East,2026-05-22,5,6873.37,78.8
2607,Customer 02607,Consumer,North,2026-08-11,2,4599.03,97.9
2608,Customer 02608,Consumer,Central,2026-09-20,9,26965.160000000003,50.2
2609,Customer 02609,SMB,Central,2026-09-15,8,44674.68,41.6
2610,Customer 02610,SMB,West,2026-08-23,8,11162.48,51.7
2611,Customer 02611,Consumer,East,2026-09-09,5,12590.029999999999,71.6
2612,Customer 02612,Consumer,South,2026-09-20,10,35225.67,45.1
2613,Customer 02613,Enterprise,Central,2026-08-19,8,5428.12,50.6
2614,Customer 02614,Consumer,North,2026-04-28,5,8188.6,41.2
2615,Customer 02615,Consumer,North,2026-09-20,8,123571.9,34.2
2616,Customer 02616,Consumer,North,2026-09-02,6,18748.38,79.7
2617,Customer 02617,Consumer,South,2026-05-11,7,25428.33,80.3
2618,Customer 02618,Consumer,Central,2026-05-26,6,20323.99,32.8
2619,Customer 02619,Consumer,South,2026-07-18,8,18804.31,36.4
2620,Customer 02620,Consumer,East,2026-07-04,2,6452.57,70.4
2621,Customer 02621,Consumer,Central,2026-09-03,6,16556.62,80.7
2622,Customer 02622,Enterprise,Central,2026-06-14,10,7246.31,32.9
2623,Customer 02623,Consumer,South,2026-07-28,6,11789.76,71.0
2624,Customer 02624,SMB,North,2026-04-07,2,13436.33,65.6
2625,Customer 02625,Consumer,North,2026-08-18,6,31445.08,67.7
2626,Customer 02626,Consumer,North,2026-08-14,7,11197.91,31.6
2627,Customer 02627,Consumer,West,2026-06-04,10,11269.69,31.4
2628,Customer 02628,SMB,South,2026-07-11,5,10550.25,58.0
2629,Customer 02629,Consumer,Central,2026-08-05,7,6983.78,54.6
2630,Customer 02630,Consumer,South,2026-06-04,9,18934.77,28.9
2631,Customer 02631,Consumer,West,2026-05-30,7,4724.95,60.6
2632,Customer 02632,Consumer,Central,2026-05-22,6,5519.25,66.5
2633,Customer 02633,Consumer,East,2026-04-18,6,8248.21,51.3
2634,Customer 02634,Consumer,South,2026-08-06,4,7475.11,89.7
2635,Customer 02635,SMB,Central,2026-09-21,11,209935.1,69.7
2636,Customer 02636,SMB,West,2026-09-21,5,46476.5,60.8
2637,Customer 02637,Enterprise,Central,2026-04-10,6,13651.56,51.0
2638,Customer 02638,Consumer,North,2026-04-23,4,21581.05,60.1
2639,Customer 02639,Consumer,West,2026-08-19,6,22597.81,70.5
2640,Customer 02640,Consumer,Central,2026-09-20,8,21554.29,46.3
2641,Customer 02641,Consumer,North,2026-04-08,4,6443.6,65.5
2642,Customer 02642,Consumer,West,2026-04-26,6,11301.84,75.1
2643,Customer 02643,Consumer,Central,2026-09-17,8,13907.69,59.2
2644,Customer 02644,SMB,South,2026-05-17,5,4888.55,64.9
2645,Customer 02645,Consumer,Central,2026-05-24,8,11736.5,44.7
2646,Customer 02646,Consumer,South,2026-07-20,10,9434.63,37.6
2647,Customer 02647,Consumer,Central,2026-09-25,7,9191.2,72.5
2648,Customer 02648,Consumer,West,2026-09-13,6,13454.45,74.0
2649,Customer 02649,SMB,Central,2026-04-07,5,7359.52,96.5
2650,Customer 02650,Consumer,North,2026-06-15,4,7646.73,64.9
2651,Customer 02651,Consumer,West,2026-04-09,6,12463.45,47.1
2652,Customer 02652,Consumer,South,2026-03-16,7,3858.67,56.8
2653,Customer 02653,Enterprise,East,2026-03-08,7,22887.85,56.7
2654,Customer 02654,Consumer,West,2026-07-31,4,8516.89,66.3
2655,Customer 02655,Consumer,West,2026-06-07,5,4021.33,48.8
2656,Customer 02656,SMB,North,2026-03-28,4,4028.79,73.2
2657,Customer 02657,Consumer,South,2026-09-24,5,22540.559999999998,62.2
2658,Customer 02658,SMB,South,2026-09-09,10,25321.09,47.7
2659,Customer 02659,Consumer,Central,2026-07-27,5,14160.44,72.7
2660,Customer 02660,Consumer,South,2026-03-18,12,10642.51,26.8
2661,Customer 02661,Consumer,East,2026-06-12,5,4403.8,81.1
2662,Customer 02662,Consumer,South,2026-03-05,9,22606.71,30.5
2663,Customer 02663,SMB,North,2026-09-11,5,14406.4,85.1
2664,Customer 02664,Consumer,Central,2026-05-13,4,3602.0,66.9
2665,Customer 02665,Consumer,West,2026-04-07,4,38475.84,74.1
2666,Customer 02666,SMB,East,2026-08-07,4,9323.45,73.1
2667,Customer 02667,Enterprise,East,2026-06-22,11,8501.41,11.9
2668,Customer 02668,SMB,East,2026-05-11,6,1956.62,90.0
2669,Customer 02669,Enterprise,West,2026-06-29,6,6095.17,60.7
2670,Customer 02670,Consumer,North,2026-04-18,8,13161.43,16.7
2671,Customer 02671,Consumer,East,2026-09-14,9,79833.09,63.8
2672,Customer 02672,SMB,Central,2026-03-16,6,3882.35,69.7
2673,Customer 02673,Consumer,North,2026-06-16,11,14441.54,0.4
2674,Customer 02674,Consumer,South,2026-09-07,8,38628.89,59.9
2675,Customer 02675,Consumer,East,2026-03-18,5,15605.6,41.0
2676,Customer 02676,SMB,East,2026-03-05,6,14131.91,57.3
2677,Customer 02677,Enterprise,South,2026-09-18,8,154435.27,68.8
2678,Customer 02678,Enterprise,East,2026-09-28,9,93022.22,36.1
2679,Customer 02679,SMB,West,2026-05-26,7,7546.87,35.0
2680,Customer 02680,Consumer,North,2026-03-14,7,5576.38,64.9
2681,Customer 02681,SMB,Central,2026-07-18,9,2966.11,30.7
2682,Customer 02682,Enterprise,East,2026-08-18,7,5591.01,68.4
2683,Customer 02683,Consumer,East,2026-09-29,5,61732.7,77.7
2684,Customer 02684,SMB,North,2026-09-26,9,37930.39,57.4
2685,Customer 02685,Enterprise,Central,2026-09-25,7,122645.18,53.9
2686,Customer 02686,Consumer,South,2026-04-10,6,7408.86,53.6
2687,Customer 02687,SMB,South,2026-09-30,5,171182.95,67.9
2688,Customer 02688,Enterprise,West,2026-09-16,4,56287.630000000005,79.5
2689,Customer 02689,Consumer,East,2026-03-15,4,31398.72,59.5
2690,Customer 02690,SMB,South,2026-09-24,9,14943.73,46.1
2691,Customer 02691,SMB,East,2026-05-29,10,9649.8,10.8
2692,Customer 02692,Consumer,West,2026-07-01,1,2959.23,86.9
2693,Customer 02693,Consumer,South,2026-08-25,5,4906.14,73.1
2694,Customer 02694,Enterprise,Central,2026-07-02,7,13576.61,54.7
2695,Customer 02695,Consumer,East,2026-03-06,7,6217.64,57.4
2696,Customer 02696,Consumer,East,2026-06-21,4,7284.0,67.9
2697,Customer 02697,Consumer,South,2026-08-23,4,11592.44,89.0
2698,Customer 02698,Consumer,South,2026-09-09,7,16126.65,68.7
2699,Customer 02699,Consumer,Central,2026-03-18,7,30202.87,33.6
2700,Customer 02700,Consumer,West,2026-06-30,6,9838.3,60.6
2701,Customer 02701,SMB,West,2026-08-10,5,6560.55,72.8
2702,Customer 02702,Consumer,Central,2026-09-10,3,115504.07,73.8
2703,Customer 02703,Consumer,South,2026-06-27,3,6763.14,66.3
2704,Customer 02704,Consumer,North,2026-04-25,3,12074.01,82.8
2705,Customer 02705,Consumer,South,2026-09-27,7,229038.46,65.2
2706,Customer 02706,Consumer,West,2026-05-18,8,4732.04,38.6
2707,Customer 02707,Consumer,North,2026-03-21,5,18109.4,51.6
2708,Customer 02708,Enterprise,Central,2026-09-12,6,60187.94,67.5
2709,Customer 02709,SMB,Central,2026-04-06,6,6943.68,60.7
2710,Customer 02710,Consumer,North,2026-08-17,2,21229.59,95.6
2711,Customer 02711,SMB,East,2026-03-22,5,4823.41,54.2
2712,Customer 02712,SMB,North,2026-07-29,8,5707.85,33.8
2713,Customer 02713,Consumer,West,2026-08-23,5,21151.36,55.5
2714,Customer 02714,Consumer,East,2026-08-14,4,20761.64,76.5
2715,Customer 02715,Consumer,South,2026-09-18,6,23616.71,57.8
2716,Customer 02716,Consumer,West,2026-07-18,8,8674.26,31.5
2717,Customer 02717,SMB,West,2026-09-26,6,42199.57,64.3
2718,Customer 02718,SMB,North,2026-04-23,9,12719.41,59.3
2719,Customer 02719,Consumer,North,2026-07-09,4,5934.13,98.4
2720,Customer 02720,Consumer,West,2026-03-22,7,6155.05,38.2
2721,Customer 02721,Enterprise,Central,2026-04-24,9,6409.19,33.4
2722,Customer 02722,Consumer,East,2026-05-03,4,8157.7,77.5
2723,Customer 02723,Consumer,Central,2026-07-03,9,13075.51,23.6
2724,Customer 02724,Consumer,East,2026-08-29,6,6996.94,39.8
2725,Customer 02725,Consumer,North,2026-09-20,8,14455.64,77.6
2726,Customer 02726,Consumer,Central,2026-06-26,2,8567.87,75.5
2727,Customer 02727,Consumer,Central,2026-06-14,5,17453.43,75.9
2728,Customer 02728,Consumer,South,2026-06-01,6,12016.75,66.2
2729,Customer 02729,Consumer,West,2026-09-19,5,8038.360000000001,50.9
2730,Customer 02730,Enterprise,South,2026-05-13,4,2504.51,92.9
2731,Customer 02731,Enterprise,North,2026-05-03,8,42528.76,49.7
2732,Customer 02732,Consumer,East,2026-09-05,6,145538.75,70.6
2733,Customer 02733,SMB,Central,2026-09-16,11,30649.37,45.4
2734,Customer 02734,Consumer,West,2026-07-25,4,10723.69,66.4
2735,Customer 02735,Enterprise,North,2026-03-14,7,8268.87,41.1
2736,Customer 02736,Consumer,Central,2026-09-30,10,27629.04,9.8
2737,Customer 02737,Consumer,East,2026-09-22,7,42973.86,63.9
2738,Customer 02738,Consumer,South,2026-06-30,10,9221.23,40.1
2739,Customer 02739,Consumer,East,2026-07-19,6,10677.44,64.8
2740,Customer 02740,Consumer,West,2026-09-15,3,310763.14999999997,74.4
2741,Customer 02741,Consumer,East,2026-09-22,8,14592.58,64.4
2742,Customer 02742,Enterprise,North,2026-08-23,3,11853.73,77.3
2743,Customer 02743,Consumer,North,2026-08-16,5,10168.39,71.5
2744,Customer 02744,Consumer,West,2026-08-02,3,12344.9,97.0
2745,Customer 02745,SMB,South,2026-05-02,5,11255.88,66.6
2746,Customer 02746,SMB,Central,2026-05-22,7,6513.04,41.0
2747,Customer 02747,Consumer,North,2026-03-15,8,3135.85,46.9
2748,Customer 02748,Consumer,West,2026-09-21,6,30113.97,64.4
2749,Customer 02749,Consumer,South,2026-04-25,6,8707.59,57.3
2750,Customer 02750,Consumer,East,2026-07-18,3,13910.49,73.9
2751,Customer 02751,Consumer,Central,2026-07-08,9,11052.88,35.4
2752,Customer 02752,Consumer,East,2026-08-15,5,16363.09,78.4
2753,Customer 02753,SMB,East,2026-08-06,6,2631.94,55.2
2754,Customer 02754,Consumer,East,2026-05-04,3,21532.26,100.0
2755,Customer 02755,Enterprise,West,2026-04-09,7,8791.24,18.2
2756,Customer 02756,Consumer,Central,2026-05-12,2,4987.62,77.5
2757,Customer 02757,Enterprise,Central,2026-09-27,8,18374.36,40.7
2758,Customer 02758,SMB,South,2026-09-30,5,23070.83,90.2
2759,Customer 02759,Consumer,North,2026-03-10,5,10759.77,51.1
2760,Customer 02760,Consumer,East,2026-03-28,6,12545.12,36.3
2761,Customer 02761,Consumer,East,2026-05-10,7,14136.77,65.5
2762,Customer 02762,Consumer,South,2026-07-24,7,7740.93,52.2
2763,Customer 02763,Consumer,South,2026-03-25,7,2380.02,86.0
2764,Customer 02764,Consumer,North,2026-08-19,10,12522.27,41.6
2765,Customer 02765,Consumer,North,2026-03-10,4,18757.05,65.4
2766,Customer 02766,Consumer,Central,2026-06-22,5,4051.67,68.4
2767,Customer 02767,Enterprise,Central,2026-09-22,7,96784.48999999999,56.5
2768,Customer 02768,Consumer,East,2026-09-24,11,72207.09,23.5
2769,Customer 02769,Enterprise,Central,2026-06-17,6,18529.25,64.4
2770,Customer 02770,Consumer,Central,2026-05-03,5,9278.99,61.5
2771,Customer 02771,SMB,East,2026-09-23,5,63310.5,76.4
2772,Customer 02772,Consumer,South,2026-06-13,7,8477.55,77.7
2773,Customer 02773,SMB,Central,2026-09-04,7,24581.24,58.5
2774,Customer 02774,Consumer,West,2026-08-30,9,5873.44,33.5
2775,Customer 02775,SMB,West,2026-09-25,8,101893.31999999999,45.6
2776,Customer 02776,Consumer,North,2026-09-18,7,40629.98,46.2
2777,Customer 02777,SMB,North,2026-07-29,6,12637.91,63.6
2778,Customer 02778,Consumer,South,2026-09-16,9,22818.61,36.8
2779,Customer 02779,Consumer,South,2026-04-06,11,21683.04,27.6
2780,Customer 02780,Consumer,West,2026-04-22,5,35562.7,67.7
2781,Customer 02781,SMB,West,2026-03-12,6,10239.57,64.8
2782,Customer 02782,Consumer,North,2026-04-24,1,10692.58,78.5
2783,Customer 02783,Consumer,North,2026-03-26,7,3461.67,60.3
2784,Customer 02784,Consumer,Central,2026-03-27,7,17494.63,44.2
2785,Customer 02785,SMB,North,2026-08-17,5,15061.73,58.2
2786,Customer 02786,Consumer,North,2026-04-03,14,20228.44,4.7
2787,Customer 02787,Consumer,West,2026-07-26,5,9230.36,55.3
2788,Customer 02788,Consumer,Central,2026-09-26,4,59413.97,85.1
2789,Customer 02789,Consumer,Central,2026-06-24,6,24812.65,76.3
2790,Customer 02790,Consumer,North,2026-03-10,3,9759.13,91.2
2791,Customer 02791,SMB,East,2026-05-31,8,6870.88,43.7
2792,Customer 02792,Consumer,Central,2026-07-27,6,6463.17,54.7
2793,Customer 02793,Consumer,West,2026-09-08,10,45134.04,25.4
2794,Customer 02794,SMB,Central,2026-07-05,7,3300.62,49.0
2795,Customer 02795,Consumer,West,2026-07-17,6,9732.49,63.0
2796,Customer 02796,SMB,West,2026-08-24,6,29911.3,59.1
2797,Customer 02797,Consumer,Central,2026-04-18,12,6556.98,18.6
2798,Customer 02798,Consumer,South,2026-03-29,6,21106.25,56.5
2799,Customer 02799,Consumer,East,2026-03-12,10,4118.78,34.9
2800,Customer 02800,Consumer,South,2026-03-10,7,11055.08,41.7
2801,Customer 02801,Consumer,South,2026-03-25,6,8253.44,43.7
2802,Customer 02802,Consumer,North,2026-03-12,6,5263.46,49.8
2803,Customer 02803,SMB,East,2026-09-17,8,20291.26,49.4
2804,Customer 02804,SMB,South,2026-03-13,5,15541.04,61.4
2805,Customer 02805,Consumer,East,2026-09-18,4,94133.68000000001,77.1
2806,Customer 02806,Consumer,Central,2026-09-07,8,13005.92,20.8
2807,Customer 02807,Consumer,North,2026-04-07,4,5018.99,79.3
2808,Customer 02808,SMB,South,2026-09-06,8,410642.06,73.2
2809,Customer 02809,Consumer,South,2026-03-19,8,12872.09,34.2
2810,Customer 02810,Consumer,West,2026-09-10,4,13172.41,83.7
2811,Customer 02811,Consumer,East,2026-09-20,5,41868.47,72.0
2812,Customer 02812,SMB,West,2026-04-06,2,5333.38,83.3
2813,Customer 02813,Consumer,Central,2026-04-08,6,5067.45,49.7
2814,Customer 02814,Consumer,South,2026-05-01,7,24994.5,46.8
2815,Customer 02815,SMB,East,2026-05-22,4,6546.3,95.4
2816,Customer 02816,Consumer,East,2026-09-06,4,235484.77000000002,86.2
2817,Customer 02817,SMB,Central,2026-04-12,7,6700.19,52.1
2818,Customer 02818,Enterprise,South,2026-09-29,7,13373.46,64.1
2819,Customer 02819,SMB,South,2026-07-21,5,27920.32,65.9
2820,Customer 02820,Consumer,North,2026-05-14,7,5507.71,44.7
2821,Customer 02821,Consumer,East,2026-08-05,3,6338.26,98.5
2822,Customer 02822,Consumer,South,2026-06-02,4,10945.56,85.2
2823,Customer 02823,Consumer,North,2026-03-06,6,9451.19,47.4
2824,Customer 02824,Consumer,South,2026-03-05,4,4368.48,64.1
2825,Customer 02825,SMB,East,2026-08-24,3,11836.66,72.5
2826,Customer 02826,Consumer,West,2026-05-30,8,5184.16,45.5
2827,Customer 02827,SMB,Central,2026-08-14,10,15387.52,29.8
2828,Customer 02828,Enterprise,North,2026-07-11,4,4333.34,80.5
2829,Customer 02829,SMB,East,2026-06-15,9,7886.74,39.3
2830,Customer 02830,Consumer,Central,2026-07-16,8,9645.51,44.9
2831,Customer 02831,Consumer,South,2026-03-31,7,21745.9,66.2
2832,Customer 02832,SMB,North,2026-08-24,7,28343.16,69.1
2833,Customer 02833,SMB,Central,2026-09-22,4,19103.77,95.7
2834,Customer 02834,Consumer,North,2026-05-26,5,20819.12,80.7
2835,Customer 02835,Consumer,North,2026-09-19,8,46194.28999999999,68.9
2836,Customer 02836,SMB,North,2026-09-18,10,72487.86,36.3
2837,Customer 02837,Consumer,Central,2026-07-21,5,5758.29,67.0
2838,Customer 02838,Consumer,East,2026-09-12,5,9040.58,74.3
2839,Customer 02839,SMB,North,2026-08-24,7,11193.33,49.7
2840,Customer 02840,SMB,North,2026-07-03,8,19776.85,80.0
2841,Customer 02841,Consumer,North,2026-05-14,8,6015.06,59.7
2842,Customer 02842,SMB,North,2026-09-27,8,56699.11,44.2
2843,Customer 02843,Consumer,West,2026-09-03,7,4090.8500000000004,62.4
2844,Customer 02844,SMB,Central,2026-03-18,6,9629.98,71.3
2845,Customer 02845,SMB,East,2026-04-06,5,7759.53,83.8
2846,Customer 02846,SMB,Central,2026-07-21,5,15624.37,35.4
2847,Customer 02847,SMB,West,2026-09-30,7,15565.150000000001,70.9
2848,Customer 02848,Consumer,East,2026-07-05,5,14737.45,62.7
2849,Customer 02849,SMB,Central,2026-04-09,2,15761.65,79.5
2850,Customer 02850,Consumer,East,2026-03-14,4,28341.35,86.5
2851,Customer 02851,Enterprise,North,2026-04-01,6,21911.27,59.4
2852,Customer 02852,Consumer,South,2026-09-29,9,30289.879999999997,42.1
2853,Customer 02853,Consumer,North,2026-04-24,6,36265.81,36.7
2854,Customer 02854,Consumer,East,2026-09-02,8,34964.58,64.1
2855,Customer 02855,Consumer,East,2026-03-12,5,11768.45,91.5
2856,Customer 02856,Consumer,South,2026-04-07,12,29834.41,3.4
2857,Customer 02857,Consumer,East,2026-05-30,3,15633.65,76.5
2858,Customer 02858,Consumer,West,2026-08-05,5,7223.24,75.3
2859,Customer 02859,Consumer,Central,2026-04-21,5,18912.2,76.2
2860,Customer 02860,SMB,South,2026-03-25,5,27043.94,60.6
2861,Customer 02861,Consumer,Central,2026-09-28,6,28558.039999999997,77.9
2862,Customer 02862,Consumer,West,2026-03-11,3,8971.12,86.3
2863,Customer 02863,SMB,South,2026-09-16,5,101544.31,61.9
2864,Customer 02864,SMB,East,2026-06-18,8,9667.55,42.6
2865,Customer 02865,SMB,North,2026-09-07,11,64033.350000000006,18.4
2866,Customer 02866,SMB,South,2026-04-23,6,3053.2,84.5
2867,Customer 02867,Consumer,Central,2026-05-08,6,22219.86,49.9
2868,Customer 02868,Consumer,West,2026-09-13,7,87043.87,64.1
2869,Customer 02869,SMB,Central,2026-06-30,1,4479.8,91.6
2870,Customer 02870,Consumer,West,2026-08-14,2,12369.78,74.5
2871,Customer 02871,Consumer,North,2026-07-20,7,16742.59,45.2
2872,Customer 02872,Consumer,South,2026-08-10,5,1652.35,69.2
2873,Customer 02873,SMB,West,2026-04-16,11,16727.01,17.5
2874,Customer 02874,Enterprise,South,2026-09-03,10,11525.7,35.6
2875,Customer 02875,Enterprise,Central,2026-04-08,9,44679.93,32.8
2876,Customer 02876,SMB,West,2026-08-09,8,22054.28,38.3
2877,Customer 02877,SMB,West,2026-05-13,2,7080.49,86.7
2878,Customer 02878,Enterprise,Central,2026-05-13,6,4361.78,60.5
2879,Customer 02879,Consumer,Central,2026-05-24,6,9438.38,73.5
2880,Customer 02880,Consumer,South,2026-06-11,8,4774.99,61.0
2881,Customer 02881,Consumer,Central,2026-09-20,10,190807.98,64.4
2882,Customer 02882,Consumer,South,2026-04-25,8,8392.44,46.3
2883,Customer 02883,SMB,North,2026-08-10,8,8269.29,65.5
2884,Customer 02884,Consumer,West,2026-08-04,7,20259.58,40.4
2885,Customer 02885,SMB,West,2026-06-18,8,13196.37,39.5
2886,Customer 02886,Enterprise,West,2026-06-19,13,2339.39,0.0
2887,Customer 02887,Consumer,South,2026-09-04,5,244851.61,71.0
2888,Customer 02888,Consumer,South,2026-05-31,3,11776.29,93.9
2889,Customer 02889,Enterprise,East,2026-07-28,8,8516.12,41.3
2890,Customer 02890,Consumer,South,2026-05-14,9,5587.08,29.1
2891,Customer 02891,SMB,Central,2026-06-13,9,11661.44,35.1
2892,Customer 02892,SMB,South,2026-07-04,6,8284.07,52.0
2893,Customer 02893,SMB,East,2026-08-14,6,8325.26,73.3
2894,Customer 02894,Consumer,Central,2026-03-14,6,8913.78,67.5
2895,Customer 02895,Consumer,North,2026-04-28,3,12680.06,89.4
2896,Customer 02896,Consumer,East,2026-09-21,6,57591.0,68.2
2897,Customer 02897,SMB,East,2026-09-05,5,16384.670000000002,76.4
2898,Customer 02898,Consumer,West,2026-07-24,5,5023.55,55.4
2899,Customer 02899,Consumer,North,2026-04-05,7,4490.54,50.3
2900,Customer 02900,Consumer,Central,2026-08-01,10,6310.18,26.1
2901,Customer 02901,Consumer,South,2026-09-08,7,72993.57,71.6
2902,Customer 02902,Consumer,Central,2026-07-11,3,18039.41,78.0
2903,Customer 02903,Consumer,West,2026-07-05,9,4973.47,32.4
2904,Customer 02904,Consumer,West,2026-05-06,6,7545.25,55.4
2905,Customer 02905,Consumer,Central,2026-09-07,8,73046.65,30.3
2906,Customer 02906,Consumer,South,2026-03-14,2,8575.19,75.6
2907,Customer 02907,SMB,North,2026-07-14,6,6079.91,51.6
2908,Customer 02908,Consumer,North,2026-09-17,9,46609.86,34.7
2909,Customer 02909,Enterprise,South,2026-07-18,4,5495.09,71.8
2910,Customer 02910,Consumer,South,2026-09-24,7,368750.16000000003,71.1
2911,Customer 02911,Consumer,South,2026-05-08,10,10128.84,1.9
2912,Customer 02912,Consumer,South,2026-08-18,4,5398.23,46.9
2913,Customer 02913,Consumer,North,2026-07-16,5,14136.36,69.2
2914,Customer 02914,Consumer,West,2026-07-22,5,19709.68,51.7
2915,Customer 02915,Consumer,North,2026-08-28,9,15598.91,23.9
2916,Customer 02916,Enterprise,Central,2026-05-16,9,4125.4,45.8
2917,Customer 02917,Consumer,Central,2026-07-30,11,10335.93,19.6
2918,Customer 02918,Consumer,South,2026-09-30,7,31531.43,59.1
2919,Customer 02919,Enterprise,Central,2026-09-27,10,38084.85,38.3
2920,Customer 02920,SMB,East,2026-06-01,9,6141.85,60.3
2921,Customer 02921,Consumer,East,2026-07-04,5,21669.14,64.7
2922,Customer 02922,Consumer,West,2026-05-17,8,6059.34,43.0
2923,Customer 02923,Enterprise,South,2026-08-07,4,7017.26,79.2
2924,Customer 02924,SMB,West,2026-09-11,7,28814.480000000003,53.1
2925,Customer 02925,Consumer,West,2026-06-16,8,6847.67,35.9
2926,Customer 02926,Consumer,Central,2026-03-19,3,8681.12,95.6
2927,Customer 02927,Consumer,North,2026-04-20,5,10827.4,49.6
2928,Customer 02928,Consumer,South,2026-05-09,6,13982.55,77.6
2929,Customer 02929,Consumer,Central,2026-06-25,6,68592.28,58.4
2930,Customer 02930,SMB,South,2026-09-11,6,88822.59999999999,66.5
2931,Customer 02931,Consumer,Central,2026-09-17,8,12607.619999999999,47.3
2932,Customer 02932,Consumer,South,2026-05-29,7,8977.1,41.4
2933,Customer 02933,Consumer,East,2026-09-29,8,65158.78,43.4
2934,Customer 02934,Consumer,West,2026-09-25,6,52863.98,74.7
2935,Customer 02935,Consumer,West,2026-07-29,7,6696.65,54.3
2936,Customer 02936,Consumer,East,2026-06-03,4,5068.56,75.3
2937,Customer 02937,Consumer,East,2026-05-30,6,3955.25,46.2
2938,Customer 02938,Consumer,West,2026-05-24,7,2758.64,51.2
2939,Customer 02939,Consumer,West,2026-06-07,3,2078.27,82.9
2940,Customer 02940,Consumer,East,2026-09-06,7,40133.05,36.3
2941,Customer 02941,Consumer,West,2026-06-02,8,15949.18,51.2
2942,Customer 02942,Consumer,South,2026-09-21,7,31456.3,71.3
2943,Customer 02943,Consumer,West,2026-09-08,10,65688.65000000001,40.6
2944,Customer 02944,Consumer,West,2026-05-07,3,4440.65,92.4
2945,Customer 02945,Consumer,East,2026-08-19,5,7634.82,74.8
2946,Customer 02946,SMB,Central,2026-04-03,7,17319.37,47.1
2947,Customer 02947,Consumer,South,2026-06-21,8,27143.43,53.0
2948,Customer 02948,Consumer,South,2026-07-18,8,4993.06,44.0
2949,Customer 02949,Consumer,North,2026-05-04,4,4957.81,70.2
2950,Customer 02950,Consumer,Central,2026-09-04,7,18503.49,74.0
2951,Customer 02951,Consumer,South,2026-06-11,6,17321.61,59.5
2952,Customer 02952,Consumer,South,2026-07-23,7,9678.12,41.1
2953,Customer 02953,Consumer,East,2026-07-15,4,4704.63,80.9
2954,Customer 02954,Consumer,North,2026-04-23,5,6253.54,62.0
2955,Customer 02955,Consumer,West,2026-04-23,6,7465.66,57.1
2956,Customer 02956,SMB,West,2026-09-14,7,65050.11,51.2
2957,Customer 02957,SMB,West,2026-06-19,4,11637.38,59.4
2958,Customer 02958,SMB,South,2026-03-10,3,5968.02,46.0
2959,Customer 02959,Consumer,North,2026-06-14,5,2163.78,59.4
2960,Customer 02960,Consumer,South,2026-06-01,7,6780.92,57.0
2961,Customer 02961,Consumer,East,2026-04-08,6,18453.57,61.5
2962,Customer 02962,Consumer,East,2026-09-15,9,94824.23,42.9
2963,Customer 02963,Consumer,North,2026-05-25,5,14276.38,67.9
2964,Customer 02964,SMB,South,2026-06-30,7,12974.63,40.6
2965,Customer 02965,Consumer,South,2026-08-17,3,2238.47,72.7
2966,Customer 02966,Consumer,Central,2026-05-10,3,19126.0,100.0
2967,Customer 02967,Enterprise,South,2026-03-09,7,4491.99,41.6
2968,Customer 02968,Consumer,Central,2026-07-07,2,6898.25,85.5
2969,Customer 02969,Consumer,Central,2026-06-17,5,16893.73,81.5
2970,Customer 02970,SMB,North,2026-05-08,5,23444.77,69.0
2971,Customer 02971,Consumer,South,2026-05-17,6,23786.45,63.3
2972,Customer 02972,Consumer,East,2026-09-04,3,25824.629999999997,82.4
2973,Customer 02973,Consumer,North,2026-07-21,3,21358.64,75.7
2974,Customer 02974,SMB,West,2026-05-06,5,9255.62,70.1
2975,Customer 02975,Enterprise,West,2026-09-25,6,515936.55,63.0
2976,Customer 02976,Consumer,North,2026-09-22,16,69474.96,0.0
2977,Customer 02977,Consumer,Central,2026-05-16,8,5526.78,41.5
2978,Customer 02978,Consumer,Central,2026-05-20,6,15615.69,63.9
2979,Customer 02979,Consumer,East,2026-05-21,4,12872.25,66.0
2980,Customer 02980,SMB,North,2026-09-24,8,47175.56,48.5
2981,Customer 02981,Consumer,Central,2026-08-27,5,7038.38,76.8
2982,Customer 02982,Consumer,North,2026-04-17,5,11136.35,59.3
2983,Customer 02983,SMB,South,2026-08-12,3,5711.52,77.0
2984,Customer 02984,Consumer,South,2026-05-02,6,11668.15,58.7
2985,Customer 02985,Enterprise,South,2026-04-14,5,19768.92,67.9
2986,Customer 02986,Consumer,West,2026-09-14,2,120797.51,100.0
2987,Customer 02987,Consumer,West,2026-06-12,6,5066.62,53.0
2988,Customer 02988,Enterprise,South,2026-09-25,7,291916.56,49.2
2989,Customer 02989,Consumer,West,2026-04-03,4,5277.2,69.0
2990,Customer 02990,Consumer,South,2026-07-15,6,8208.52,76.8
2991,Customer 02991,SMB,South,2026-08-28,4,11234.87,63.5
2992,Customer 02992,SMB,South,2026-09-22,4,36053.09,97.1
2993,Customer 02993,SMB,Central,2026-08-21,3,6658.83,96.7
2994,Customer 02994,Consumer,North,2026-05-06,9,5147.54,41.6
2995,Customer 02995,Consumer,West,2026-09-24,10,294501.46,45.3
2996,Customer 02996,SMB,Central,2026-07-08,6,14763.16,56.4
2997,Customer 02997,Consumer,South,2026-09-19,7,315013.51,39.1
2998,Customer 02998,Consumer,Central,2026-09-25,7,70804.89,32.2
2999,Customer 02999,SMB,West,2026-08-09,7,11776.47,70.7
3000,Customer 03000,Consumer,North,2026-09-05,4,28544.449999999997,88.2
3001,Customer 03001,Enterprise,Central,2026-03-22,6,5589.88,39.5
3002,Customer 03002,SMB,South,2026-06-01,6,3012.83,58.1
3003,Customer 03003,Consumer,East,2026-05-29,7,9486.83,47.4
3004,Customer 03004,Consumer,East,2026-06-22,3,2185.85,83.0
3005,Customer 03005,Consumer,West,2026-09-18,4,237835.08000000002,80.0
3006,Customer 03006,SMB,East,2026-06-27,3,34368.26,70.0
3007,Customer 03007,SMB,Central,2026-06-17,4,9885.22,69.4
3008,Customer 03008,Consumer,West,2026-04-28,5,3629.64,66.8
3009,Customer 03009,SMB,Central,2026-09-27,7,58610.84,68.7
3010,Customer 03010,Consumer,West,2026-07-30,4,11346.95,84.3
3011,Customer 03011,Consumer,East,2026-07-16,7,14798.3,68.8
3012,Customer 03012,SMB,Central,2026-04-11,7,22730.89,52.4
3013,Customer 03013,Consumer,North,2026-06-05,8,7635.91,38.5
3014,Customer 03014,Consumer,Central,2026-05-21,5,8431.92,91.3
3015,Customer 03015,Consumer,Central,2026-05-29,11,21641.48,21.6
3016,Customer 03016,SMB,East,2026-08-25,10,2467.45,36.4
3017,Customer 03017,Consumer,Central,2026-07-29,5,5528.94,70.0
3018,Customer 03018,SMB,South,2026-03-09,6,12897.68,43.4
3019,Customer 03019,Consumer,South,2026-03-29,5,23425.42,78.9
3020,Customer 03020,SMB,South,2026-06-26,5,10284.38,46.9
3021,Customer 03021,Consumer,Central,2026-08-12,4,3009.18,69.6
3022,Customer 03022,SMB,East,2026-07-06,4,11365.27,90.1
3023,Customer 03023,Consumer,East,2026-04-03,2,6301.54,94.3
3024,Customer 03024,Consumer,West,2026-09-23,8,74221.79999999999,56.2
3025,Customer 03025,Enterprise,West,2026-03-10,3,8275.71,95.0
3026,Customer 03026,Consumer,West,2026-06-27,8,14271.83,37.7
3027,Customer 03027,Enterprise,East,2026-04-22,4,32657.59,58.5
3028,Customer 03028,Consumer,West,2026-09-13,6,13802.92,77.8
3029,Customer 03029,Consumer,Central,2026-09-26,9,77831.25,30.3
3030,Customer 03030,SMB,West,2026-06-09,3,4477.46,62.5
3031,Customer 03031,Enterprise,Central,2026-05-12,6,27903.1,51.6
3032,Customer 03032,Consumer,East,2026-06-14,5,12315.69,60.7
3033,Customer 03033,SMB,North,2026-06-28,3,7951.05,82.9
3034,Customer 03034,Consumer,South,2026-06-05,4,9748.53,57.2
3035,Customer 03035,Consumer,East,2026-06-01,8,11951.88,30.8
3036,Customer 03036,Consumer,Central,2026-07-19,1,12288.7,89.2
3037,Customer 03037,Consumer,East,2026-07-30,9,13576.9,41.9
3038,Customer 03038,Consumer,North,2026-09-20,5,19493.02,80.3
3039,Customer 03039,Consumer,East,2026-04-04,8,7070.37,37.3
3040,Customer 03040,Consumer,East,2026-07-19,7,8649.33,56.8
3041,Customer 03041,Consumer,Central,2026-07-22,8,6354.67,55.4
3042,Customer 03042,Consumer,West,2026-09-12,8,18233.89,45.4
3043,Customer 03043,Enterprise,West,2026-06-17,3,11564.12,85.9
3044,Customer 03044,Consumer,Central,2026-09-18,6,176927.69,73.5
3045,Customer 03045,Consumer,East,2026-05-13,3,8207.62,69.7
3046,Customer 03046,Consumer,East,2026-07-16,2,13844.54,80.4
3047,Customer 03047,Consumer,East,2026-09-11,8,10834.58,67.8
3048,Customer 03048,SMB,West,2026-08-16,7,16666.91,68.5
3049,Customer 03049,Consumer,East,2026-06-09,9,13866.85,26.2
3050,Customer 03050,Consumer,West,2026-05-27,5,12184.3,84.8
3051,Customer 03051,Consumer,Central,2026-09-16,3,83199.84,84.7
3052,Customer 03052,SMB,East,2026-08-29,5,4903.88,63.7
3053,Customer 03053,SMB,Central,2026-09-19,5,48145.149999999994,73.5
3054,Customer 03054,Consumer,Central,2026-09-09,7,30297.190000000002,52.5
3055,Customer 03055,Consumer,South,2026-09-23,6,48556.090000000004,69.4
3056,Customer 03056,Enterprise,East,2026-04-07,8,4026.06,35.1
3057,Customer 03057,Consumer,East,2026-04-06,9,14320.34,55.0
3058,Customer 03058,Consumer,Central,2026-07-12,6,8199.34,72.8
3059,Customer 03059,SMB,South,2026-08-11,6,8386.06,60.5
3060,Customer 03060,Consumer,West,2026-04-17,2,15914.6,73.5
3061,Customer 03061,Consumer,Central,2026-09-10,6,38908.48,94.4
3062,Customer 03062,SMB,West,2026-04-22,5,21698.77,54.8
3063,Customer 03063,SMB,West,2026-06-04,8,9380.13,52.2
3064,Customer 03064,Enterprise,Central,2026-09-01,7,62193.729999999996,70.4
3065,Customer 03065,SMB,North,2026-09-12,6,20974.59,65.1
3066,Customer 03066,SMB,East,2026-04-24,13,7111.22,13.9
3067,Customer 03067,Consumer,South,2026-08-17,8,3781.42,44.3
3068,Customer 03068,Consumer,Central,2026-05-06,4,14194.21,87.8
3069,Customer 03069,Consumer,West,2026-09-22,10,99433.95,28.8
3070,Customer 03070,SMB,East,2026-04-19,7,14766.82,41.3
3071,Customer 03071,Consumer,North,2026-09-24,7,26252.45,63.9
3072,Customer 03072,Consumer,West,2026-04-26,2,5342.89,96.7
3073,Customer 03073,Consumer,East,2026-07-26,3,19514.47,70.9
3074,Customer 03074,Consumer,East,2026-06-15,5,11755.84,60.9
3075,Customer 03075,Consumer,Central,2026-03-15,4,19467.99,65.3
3076,Customer 03076,Consumer,North,2026-07-27,5,15797.0,77.0
3077,Customer 03077,Consumer,South,2026-05-04,9,5130.4,46.0
3078,Customer 03078,Enterprise,West,2026-09-11,6,382622.83,79.5
3079,Customer 03079,SMB,North,2026-03-12,2,4007.71,97.4
3080,Customer 03080,Consumer,East,2026-09-12,6,44535.42,92.7
3081,Customer 03081,Consumer,South,2026-07-28,6,24840.04,71.2
3082,Customer 03082,Consumer,North,2026-06-10,7,8376.52,48.1
3083,Customer 03083,SMB,North,2026-04-20,5,5378.88,66.9
3084,Customer 03084,Consumer,North,2026-07-30,4,9093.07,63.5
3085,Customer 03085,Consumer,Central,2026-08-17,4,14367.56,77.8
3086,Customer 03086,Consumer,West,2026-09-23,6,162176.14,69.0
3087,Customer 03087,Consumer,East,2026-03-16,8,7580.66,45.5
3088,Customer 03088,Consumer,South,2026-08-29,4,15758.12,58.2
3089,Customer 03089,Consumer,West,2026-09-28,3,22247.960000000003,93.4
3090,Customer 03090,SMB,South,2026-09-05,5,99149.1,44.9
3091,Customer 03091,SMB,North,2026-08-08,3,29577.34,77.8
3092,Customer 03092,Enterprise,Central,2026-09-10,7,8059.35,61.9
3093,Customer 03093,Consumer,East,2026-09-23,7,286505.49000000005,62.3
3094,Customer 03094,Consumer,South,2026-09-11,6,22793.37,48.4
3095,Customer 03095,Consumer,West,2026-09-16,7,30869.96,69.1
3096,Customer 03096,SMB,North,2026-08-03,11,5779.28,40.0
3097,Customer 03097,Consumer,Central,2026-05-07,7,11341.69,68.1
3098,Customer 03098,Consumer,Central,2026-04-03,3,24765.11,86.6
3099,Customer 03099,Consumer,East,2026-09-09,5,43917.86,74.7
3100,Customer 03100,SMB,Central,2026-05-25,4,8786.03,69.9
3101,Customer 03101,Consumer,South,2026-05-02,7,11669.04,62.1
3102,Customer 03102,Consumer,West,2026-04-11,4,6997.87,96.7
3103,Customer 03103,Consumer,West,2026-09-18,6,55152.479999999996,71.2
3104,Customer 03104,Consumer,West,2026-09-22,6,19643.370000000003,57.4
3105,Customer 03105,Consumer,East,2026-08-09,9,22484.05,52.5
3106,Customer 03106,Consumer,North,2026-09-05,5,7454.88,60.3
3107,Customer 03107,Consumer,North,2026-09-24,12,74401.53,28.5
3108,Customer 03108,Consumer,East,2026-09-04,8,32128.11,43.4
3109,Customer 03109,Consumer,South,2026-03-30,7,2122.28,62.8
3110,Customer 03110,Consumer,West,2026-04-17,5,4727.91,87.5
3111,Customer 03111,Consumer,South,2026-08-11,8,10273.34,50.8
3112,Customer 03112,Enterprise,East,2026-08-16,4,19208.54,67.8
3113,Customer 03113,Consumer,West,2026-04-16,4,5165.93,81.9
3114,Customer 03114,Consumer,Central,2026-08-21,3,33592.91,70.7
3115,Customer 03115,Consumer,West,2026-09-07,9,22364.769999999997,34.0
3116,Customer 03116,Consumer,West,2026-03-10,7,11919.47,30.4
3117,Customer 03117,Consumer,West,2026-08-24,4,6046.36,69.1
3118,Customer 03118,Consumer,Central,2026-03-18,6,10622.45,61.5
3119,Customer 03119,SMB,West,2026-08-27,7,8200.88,53.1
3120,Customer 03120,Consumer,West,2026-04-20,2,17046.24,100.0
3121,Customer 03121,SMB,North,2026-05-03,5,12571.48,76.2
3122,Customer 03122,SMB,Central,2026-05-16,8,19651.42,53.6
3123,Customer 03123,Consumer,South,2026-04-06,5,26435.82,62.1
3124,Customer 03124,Consumer,Central,2026-03-24,10,6307.03,11.9
3125,Customer 03125,SMB,Central,2026-09-10,8,30385.58,51.4
3126,Customer 03126,Consumer,East,2026-05-18,6,7354.91,62.3
3127,Customer 03127,Enterprise,Central,2026-03-16,5,5865.97,61.0
3128,Customer 03128,Consumer,East,2026-09-26,4,29133.49,95.9
3129,Customer 03129,Consumer,Central,2026-04-17,5,4305.22,76.2
3130,Customer 03130,Consumer,South,2026-09-03,6,29862.18,74.9
3131,Customer 03131,Consumer,South,2026-06-22,4,4125.81,60.3
3132,Customer 03132,Consumer,South,2026-08-30,7,4120.63,39.5
3133,Customer 03133,Consumer,East,2026-05-01,3,9391.01,79.3
3134,Customer 03134,Consumer,South,2026-09-23,6,30844.129999999997,47.1
3135,Customer 03135,SMB,North,2026-09-11,5,44624.52,86.9
3136,Customer 03136,Consumer,South,2026-07-04,3,6007.82,75.8
3137,Customer 03137,Consumer,South,2026-09-12,8,12628.82,58.5
3138,Customer 03138,SMB,South,2026-08-18,8,15027.88,43.5
3139,Customer 03139,Consumer,North,2026-05-11,6,3773.98,73.7
3140,Customer 03140,Consumer,Central,2026-04-29,5,15767.27,40.7
3141,Customer 03141,Consumer,Central,2026-07-08,5,9293.52,48.7
3142,Customer 03142,SMB,South,2026-06-05,6,4056.32,49.7
3143,Customer 03143,Consumer,North,2026-07-07,7,27363.5,65.6
3144,Customer 03144,Consumer,South,2026-08-12,2,22042.46,86.2
3145,Customer 03145,Enterprise,Central,2026-04-03,6,16802.12,46.1
3146,Customer 03146,SMB,East,2026-05-24,8,6646.1,23.8
3147,Customer 03147,SMB,East,2026-04-19,4,4261.33,76.8
3148,Customer 03148,SMB,East,2026-04-20,5,3937.66,59.6
3149,Customer 03149,SMB,West,2026-09-16,9,24000.769999999997,28.3
3150,Customer 03150,SMB,North,2026-05-25,6,12267.55,58.4
3151,Customer 03151,SMB,East,2026-05-16,6,7973.33,63.3
3152,Customer 03152,Consumer,West,2026-04-10,5,12064.93,59.6
3153,Customer 03153,Consumer,South,2026-03-28,5,7909.1,77.1
3154,Customer 03154,SMB,Central,2026-08-17,4,4746.86,57.1
3155,Customer 03155,Consumer,North,2026-09-22,7,93810.08,54.1
3156,Customer 03156,Consumer,West,2026-05-05,8,9888.54,43.3
3157,Customer 03157,Consumer,North,2026-07-13,11,28521.89,15.0
3158,Customer 03158,Consumer,Central,2026-07-07,7,10829.75,42.8
3159,Customer 03159,Consumer,West,2026-03-15,8,5382.3,65.7
3160,Customer 03160,Consumer,North,2026-05-29,8,15263.58,64.7
3161,Customer 03161,Enterprise,South,2026-09-09,8,25977.030000000002,59.3
3162,Customer 03162,Consumer,East,2026-05-08,4,6379.32,72.7
3163,Customer 03163,SMB,South,2026-03-26,7,19147.08,62.5
3164,Customer 03164,Consumer,West,2026-04-02,5,11720.97,50.3
3165,Customer 03165,Enterprise,East,2026-03-17,4,7172.6,65.7
3166,Customer 03166,SMB,South,2026-09-12,9,129073.51999999999,46.9
3167,Customer 03167,Enterprise,East,2026-04-11,10,5062.15,34.2
3168,Customer 03168,Consumer,Central,2026-09-30,4,11556.06,62.4
3169,Customer 03169,Consumer,East,2026-03-27,3,3457.27,62.7
3170,Customer 03170,SMB,West,2026-03-22,5,1651.44,53.0
3171,Customer 03171,Consumer,South,2026-06-21,7,15629.04,48.0
3172,Customer 03172,SMB,West,2026-04-23,6,4411.3,53.6
3173,Customer 03173,Consumer,North,2026-06-05,4,15848.91,60.7
3174,Customer 03174,Consumer,South,2026-05-21,6,11710.54,63.9
3175,Customer 03175,SMB,Central,2026-06-04,5,10637.36,49.5
3176,Customer 03176,Consumer,North,2026-04-13,5,16336.32,44.8
3177,Customer 03177,SMB,Central,2026-09-24,9,27676.809999999998,48.4
3178,Customer 03178,Consumer,East,2026-09-16,7,119540.1,62.1
3179,Customer 03179,SMB,East,2026-06-14,9,4055.24,30.2
3180,Customer 03180,Consumer,East,2026-03-22,7,27608.78,52.0
3181,Customer 03181,Consumer,North,2026-08-08,10,6881.84,10.7
3182,Customer 03182,Consumer,North,2026-09-03,5,46375.78,51.9
3183,Customer 03183,Enterprise,East,2026-03-30,2,41124.44,84.0
3184,Customer 03184,Consumer,North,2026-05-10,3,3901.8,79.8
3185,Customer 03185,Consumer,East,2026-08-02,6,22348.4,54.7
3186,Customer 03186,SMB,North,2026-09-20,10,148026.94,55.0
3187,Customer 03187,Consumer,East,2026-09-01,8,49903.04,41.4
3188,Customer 03188,Consumer,Central,2026-03-08,5,11235.08,54.2
3189,Customer 03189,SMB,North,2026-06-28,5,11703.93,80.8
3190,Customer 03190,Consumer,West,2026-07-11,8,7119.04,51.4
3191,Customer 03191,Consumer,East,2026-06-09,7,35049.49,51.8
3192,Customer 03192,Consumer,North,2026-09-18,10,24164.760000000002,24.5
3193,Customer 03193,Consumer,East,2026-03-15,6,3925.6,47.6
3194,Customer 03194,Enterprise,West,2026-07-20,6,13781.2,54.0
3195,Customer 03195,Consumer,Central,2026-09-16,13,60053.28,17.4
3196,Customer 03196,SMB,East,2026-08-04,5,21677.56,62.6
3197,Customer 03197,Consumer,North,2026-06-27,5,13968.31,69.2
3198,Customer 03198,Consumer,North,2026-06-27,5,19379.66,79.1
3199,Customer 03199,Consumer,South,2026-06-03,4,20722.66,61.8
3200,Customer 03200,Consumer,Central,2026-06-15,8,7164.15,41.5
3201,Customer 03201,Consumer,North,2026-08-24,5,23233.98,59.5
3202,Customer 03202,SMB,Central,2026-03-12,4,3774.24,72.1
3203,Customer 03203,SMB,North,2026-07-11,2,1604.98,91.0
3204,Customer 03204,SMB,West,2026-04-17,9,24839.9,43.6
3205,Customer 03205,SMB,Central,2026-05-27,3,20617.85,85.6
3206,Customer 03206,SMB,North,2026-04-25,9,17566.42,60.7
3207,Customer 03207,Consumer,East,2026-07-28,7,19726.27,49.3
3208,Customer 03208,Consumer,South,2026-05-01,8,10986.51,50.7
3209,Customer 03209,Consumer,South,2026-08-16,5,7574.29,56.9
3210,Customer 03210,Consumer,North,2026-03-24,3,15758.16,76.0
3211,Customer 03211,Consumer,West,2026-09-16,10,6157.07,46.8
3212,Customer 03212,Consumer,East,2026-09-13,3,10523.43,71.1
3213,Customer 03213,SMB,South,2026-08-06,6,6756.63,52.4
3214,Customer 03214,Enterprise,West,2026-09-19,7,10600.349999999999,77.1
3215,Customer 03215,Enterprise,North,2026-09-22,6,16005.400000000001,71.2
3216,Customer 03216,SMB,North,2026-06-22,7,6195.13,55.7
3217,Customer 03217,Consumer,North,2026-09-20,7,34392.93,58.3
3218,Customer 03218,Consumer,West,2026-09-16,10,57712.77,46.1
3219,Customer 03219,SMB,Central,2026-07-16,8,32368.88,37.2
3220,Customer 03220,SMB,North,2026-09-07,10,9340.55,32.1
3221,Customer 03221,SMB,South,2026-03-08,4,3537.91,75.9
3222,Customer 03222,Enterprise,East,2026-03-20,6,7246.25,65.2
3223,Customer 03223,Consumer,East,2026-05-14,4,22427.2,74.3
3224,Customer 03224,Consumer,North,2026-09-15,6,22316.28,61.1
3225,Customer 03225,SMB,North,2026-09-16,9,8541.71,60.8
3226,Customer 03226,Consumer,Central,2026-04-20,5,15102.26,59.8
3227,Customer 03227,Consumer,South,2026-07-22,8,4861.18,78.4
3228,Customer 03228,Consumer,East,2026-04-09,7,15152.98,51.8
3229,Customer 03229,SMB,Central,2026-09-04,11,16612.59,14.0
3230,Customer 03230,Consumer,South,2026-06-12,3,11548.14,90.3
3231,Customer 03231,Consumer,North,2026-09-21,8,15946.36,49.0
3232,Customer 03232,Consumer,North,2026-05-15,8,13879.95,58.9
3233,Customer 03233,Consumer,Central,2026-08-11,6,28920.92,61.3
3234,Customer 03234,Consumer,Central,2026-07-20,3,6549.63,67.7
3235,Customer 03235,Consumer,South,2026-09-28,7,142960.22,44.3
3236,Customer 03236,SMB,North,2026-09-08,6,34809.3,34.6
3237,Customer 03237,Consumer,West,2026-04-10,4,5848.03,78.4
3238,Customer 03238,Enterprise,North,2026-07-04,9,7305.44,58.8
3239,Customer 03239,SMB,East,2026-05-30,5,12218.68,67.1
3240,Customer 03240,Consumer,West,2026-09-13,4,18011.2,75.3
3241,Customer 03241,Consumer,South,2026-08-18,3,12985.71,83.6
3242,Customer 03242,SMB,West,2026-09-24,8,99574.57,67.0
3243,Customer 03243,Consumer,West,2026-07-04,6,7384.54,49.2
3244,Customer 03244,Consumer,South,2026-07-17,8,20664.45,26.3
3245,Customer 03245,SMB,South,2026-09-26,4,17921.87,65.3
3246,Customer 03246,Consumer,North,2026-09-24,5,13558.470000000001,74.8
3247,Customer 03247,SMB,East,2026-05-07,4,27221.58,31.8
3248,Customer 03248,SMB,West,2026-03-13,6,3657.33,68.2
3249,Customer 03249,Consumer,Central,2026-04-29,7,5985.58,62.5
3250,Customer 03250,Consumer,South,2026-09-06,5,36206.509999999995,61.4
3251,Customer 03251,Consumer,West,2026-05-06,4,2338.23,62.3
3252,Customer 03252,Consumer,East,2026-05-09,10,13954.63,26.4
3253,Customer 03253,SMB,East,2026-05-04,7,7356.51,63.2
3254,Customer 03254,Consumer,North,2026-03-18,6,29012.21,86.6
3255,Customer 03255,Enterprise,East,2026-08-22,8,15670.6,23.0
3256,Customer 03256,Consumer,East,2026-07-26,7,15525.02,51.8
3257,Customer 03257,Consumer,North,2026-09-15,3,13689.23,88.8
3258,Customer 03258,Consumer,East,2026-04-09,7,17417.03,58.4
3259,Customer 03259,SMB,South,2026-08-01,4,18932.94,62.2
3260,Customer 03260,SMB,East,2026-08-03,7,29227.59,57.8
3261,Customer 03261,SMB,Central,2026-08-08,5,4161.29,52.2
3262,Customer 03262,Consumer,West,2026-04-03,6,16364.86,49.4
3263,Customer 03263,Enterprise,South,2026-09-28,7,124329.91,81.7
3264,Customer 03264,SMB,East,2026-09-07,7,23219.649999999998,74.7
3265,Customer 03265,SMB,West,2026-04-10,2,18945.68,72.1
3266,Customer 03266,SMB,North,2026-07-18,6,5078.23,64.6
3267,Customer 03267,Consumer,South,2026-08-14,7,2981.84,52.0
3268,Customer 03268,Consumer,East,2026-09-28,5,46366.37,52.0
3269,Customer 03269,Enterprise,South,2026-07-12,2,8265.62,100.0
3270,Customer 03270,SMB,South,2026-03-27,4,7502.89,75.6
3271,Customer 03271,Consumer,North,2026-09-26,6,154620.44,100.0
3272,Customer 03272,Consumer,South,2026-03-05,13,17128.69,0.0
3273,Customer 03273,Consumer,Central,2026-04-23,6,46875.63,40.2
3274,Customer 03274,Consumer,West,2026-09-04,7,354183.54000000004,80.6
3275,Customer 03275,Consumer,North,2026-08-07,8,2153.38,63.5
3276,Customer 03276,Consumer,South,2026-07-21,7,1741.48,72.2
3277,Customer 03277,Consumer,South,2026-07-29,5,12911.69,77.6
3278,Customer 03278,SMB,Central,2026-09-13,10,96728.83999999998,64.7
3279,Customer 03279,Consumer,West,2026-09-23,6,18977.92,63.3
3280,Customer 03280,SMB,Central,2026-06-18,10,13335.31,40.2
3281,Customer 03281,Enterprise,Central,2026-09-05,5,31092.829999999998,61.5
3282,Customer 03282,Consumer,South,2026-05-12,6,3369.08,68.8
3283,Customer 03283,Consumer,Central,2026-09-13,14,43084.53,0.0
3284,Customer 03284,Consumer,West,2026-07-24,7,10446.57,41.3
3285,Customer 03285,Enterprise,Central,2026-06-10,6,4058.27,40.9
3286,Customer 03286,Consumer,West,2026-09-26,8,123620.38,62.1
3287,Customer 03287,Consumer,Central,2026-09-07,7,42098.509999999995,63.3
3288,Customer 03288,Enterprise,East,2026-09-07,5,48037.87,75.7
3289,Customer 03289,Consumer,South,2026-06-28,9,11228.28,36.2
3290,Customer 03290,Consumer,West,2026-03-23,8,12200.0,44.0
3291,Customer 03291,Enterprise,North,2026-09-06,4,66225.88,83.5
3292,Customer 03292,Consumer,South,2026-09-11,7,20444.21,53.3
3293,Customer 03293,Consumer,Central,2026-07-30,3,33268.27,71.6
3294,Customer 03294,SMB,East,2026-08-12,7,4600.3,32.6
3295,Customer 03295,Consumer,Central,2026-09-21,5,22112.83,78.2
3296,Customer 03296,Consumer,Central,2026-08-29,7,12862.04,58.9
3297,Customer 03297,Consumer,East,2026-07-11,3,4137.97,74.7
3298,Customer 03298,Enterprise,East,2026-09-28,7,50243.13,69.7
3299,Customer 03299,Consumer,West,2026-07-21,7,11956.67,48.6
3300,Customer 03300,Consumer,West,2026-09-07,5,62822.98,61.8
3301,Customer 03301,Enterprise,West,2026-05-06,3,40830.04,80.9
3302,Customer 03302,Consumer,Central,2026-07-17,9,26239.42,38.5
3303,Customer 03303,Consumer,West,2026-09-14,10,77248.51999999999,50.7
3304,Customer 03304,SMB,East,2026-05-28,11,9576.33,6.5
3305,Customer 03305,Consumer,South,2026-08-22,6,7032.96,57.7
3306,Customer 03306,Consumer,Central,2026-05-10,3,22616.14,85.3
3307,Customer 03307,Consumer,West,2026-07-24,6,10339.71,61.6
3308,Customer 03308,Consumer,North,2026-04-20,8,9441.96,38.2
3309,Customer 03309,Consumer,North,2026-08-06,6,16707.9,56.9
3310,Customer 03310,Consumer,East,2026-08-07,5,13052.11,61.7
3311,Customer 03311,Consumer,Central,2026-09-22,5,87387.86000000002,44.5
3312,Customer 03312,Enterprise,West,2026-05-16,5,11218.5,73.8
3313,Customer 03313,Enterprise,Central,2026-09-15,7,100134.68999999999,51.0
3314,Customer 03314,SMB,South,2026-03-09,6,6889.91,79.7
3315,Customer 03315,SMB,West,2026-03-10,7,25167.92,54.8
3316,Customer 03316,Enterprise,West,2026-05-11,8,21629.03,42.9
3317,Customer 03317,Consumer,West,2026-07-05,7,27470.6,48.6
3318,Customer 03318,SMB,South,2026-09-20,10,23365.98,36.7
3319,Customer 03319,Consumer,Central,2026-09-19,8,164718.21,63.4
3320,Customer 03320,Consumer,North,2026-09-18,6,280575.34,44.4
3321,Customer 03321,Consumer,Central,2026-04-17,6,14675.52,64.1
3322,Customer 03322,Consumer,Central,2026-08-11,7,13693.91,56.1
3323,Customer 03323,Consumer,Central,2026-04-22,5,31374.93,70.6
3324,Customer 03324,Consumer,South,2026-03-20,7,12192.96,68.7
3325,Customer 03325,SMB,North,2026-09-21,10,12350.61,30.2
3326,Customer 03326,Consumer,North,2026-06-09,5,18008.22,71.2
3327,Customer 03327,SMB,Central,2026-09-30,5,32354.19,80.1
3328,Customer 03328,SMB,North,2026-06-08,9,13317.21,10.5
3329,Customer 03329,SMB,South,2026-03-18,2,19589.39,88.0
3330,Customer 03330,SMB,East,2026-05-15,6,3511.22,52.7
3331,Customer 03331,Consumer,Central,2026-09-25,9,40466.42,53.5
3332,Customer 03332,Enterprise,West,2026-09-30,10,65372.87,47.1
3333,Customer 03333,Consumer,East,2026-06-01,6,22036.07,60.8
3334,Customer 03334,Consumer,East,2026-05-18,3,7827.99,96.1
3335,Customer 03335,SMB,North,2026-03-20,3,22125.47,79.0
3336,Customer 03336,Consumer,North,2026-08-11,6,16832.22,74.3
3337,Customer 03337,Consumer,East,2026-04-01,6,5683.78,54.4
3338,Customer 03338,Consumer,North,2026-09-13,7,72749.23,47.6
3339,Customer 03339,Enterprise,West,2026-04-27,5,8099.12,52.8
3340,Customer 03340,Consumer,Central,2026-03-11,4,30662.0,55.6
3341,Customer 03341,Consumer,South,2026-08-12,6,18867.5,51.0
3342,Customer 03342,Consumer,West,2026-04-26,9,8657.12,62.1
3343,Customer 03343,Consumer,Central,2026-06-14,5,29923.14,76.7
3344,Customer 03344,Consumer,West,2026-05-16,8,21199.47,57.2
3345,Customer 03345,SMB,South,2026-07-10,4,2811.06,62.4
3346,Customer 03346,Consumer,West,2026-07-01,5,5217.08,68.6
3347,Customer 03347,Consumer,East,2026-09-16,5,55322.590000000004,79.3
3348,Customer 03348,Consumer,Central,2026-08-16,8,19488.14,67.1
3349,Customer 03349,Consumer,South,2026-08-15,4,9605.09,65.0
3350,Customer 03350,Consumer,West,2026-03-05,7,5988.71,73.9
3351,Customer 03351,Consumer,Central,2026-09-15,8,95256.95,35.6
3352,Customer 03352,Consumer,Central,2026-04-09,8,3987.32,55.5
3353,Customer 03353,Consumer,South,2026-08-17,12,8988.51,36.2
3354,Customer 03354,Consumer,East,2026-09-18,3,28274.72,84.5
3355,Customer 03355,Consumer,West,2026-08-19,3,9361.6,85.3
3356,Customer 03356,Enterprise,Central,2026-07-14,7,10696.5,30.4
3357,Customer 03357,SMB,South,2026-06-16,1,13869.23,91.0
3358,Customer 03358,Enterprise,South,2026-05-13,10,10520.47,30.8
3359,Customer 03359,SMB,Central,2026-07-17,4,5246.44,41.2
3360,Customer 03360,Consumer,South,2026-09-13,5,36117.67,57.0
3361,Customer 03361,Consumer,Central,2026-08-12,3,10008.69,78.4
3362,Customer 03362,Consumer,East,2026-09-27,5,15905.689999999999,68.6
3363,Customer 03363,Consumer,South,2026-06-15,5,3562.9,61.9
3364,Customer 03364,Enterprise,North,2026-08-27,6,6881.61,58.9
3365,Customer 03365,Consumer,Central,2026-06-03,7,11284.87,37.1
3366,Customer 03366,Consumer,South,2026-07-24,11,9941.74,30.9
3367,Customer 03367,Enterprise,North,2026-09-03,10,317652.41,51.5
3368,Customer 03368,Consumer,East,2026-03-23,8,9104.64,58.4
3369,Customer 03369,Consumer,North,2026-08-20,9,6450.7,53.8
3370,Customer 03370,Consumer,North,2026-03-16,6,10111.03,74.3
3371,Customer 03371,Consumer,South,2026-04-20,5,10834.09,66.7
3372,Customer 03372,Enterprise,West,2026-09-29,7,20952.129999999997,49.6
3373,Customer 03373,Enterprise,Central,2026-06-29,9,2365.27,43.7
3374,Customer 03374,SMB,North,2026-04-01,13,10811.26,10.2
3375,Customer 03375,Consumer,East,2026-03-27,5,15374.24,43.2
3376,Customer 03376,Consumer,South,2026-08-25,4,5076.86,70.1
3377,Customer 03377,Consumer,West,2026-03-07,4,31571.39,69.9
3378,Customer 03378,Consumer,North,2026-05-04,8,4064.48,47.3
3379,Customer 03379,Consumer,South,2026-03-31,5,18055.06,52.8
3380,Customer 03380,SMB,West,2026-09-07,9,35505.39,35.8
3381,Customer 03381,Consumer,South,2026-09-13,7,324990.6,41.1
3382,Customer 03382,Consumer,East,2026-09-19,8,44563.61,52.2
3383,Customer 03383,SMB,West,2026-09-22,8,196566.02,60.6
3384,Customer 03384,SMB,West,2026-09-21,10,317939.17000000004,61.7
3385,Customer 03385,Consumer,Central,2026-05-27,6,16314.37,57.1
3386,Customer 03386,Consumer,North,2026-09-01,5,79658.23000000001,93.7
3387,Customer 03387,Consumer,West,2026-06-11,3,27342.96,80.5
3388,Customer 03388,Consumer,East,2026-04-19,7,18806.88,45.9
3389,Customer 03389,Consumer,North,2026-09-07,6,46460.5,64.2
3390,Customer 03390,Enterprise,Central,2026-03-25,9,12198.77,33.5
3391,Customer 03391,Consumer,Central,2026-03-18,6,11348.66,52.6
3392,Customer 03392,Consumer,South,2026-07-18,6,11002.84,60.1
3393,Customer 03393,Consumer,South,2026-04-25,2,13305.75,92.4
3394,Customer 03394,Consumer,South,2026-03-30,7,23298.04,42.3
3395,Customer 03395,Consumer,East,2026-04-06,6,16292.47,65.4
3396,Customer 03396,Consumer,East,2026-09-16,10,31541.010000000002,33.3
3397,Customer 03397,SMB,West,2026-09-15,4,13765.369999999999,83.8
3398,Customer 03398,Consumer,West,2026-07-05,9,21473.51,38.1
3399,Customer 03399,SMB,North,2026-05-19,5,4568.47,66.7
3400,Customer 03400,Consumer,South,2026-08-28,6,14959.23,58.4
3401,Customer 03401,Consumer,East,2026-09-04,6,8595.91,67.7
3402,Customer 03402,SMB,Central,2026-09-20,3,65722.89,96.2
3403,Customer 03403,Consumer,East,2026-04-04,8,3920.18,35.9
3404,Customer 03404,Consumer,North,2026-06-07,6,6419.45,59.9
3405,Customer 03405,SMB,North,2026-08-30,4,14640.4,85.3
3406,Customer 03406,Consumer,West,2026-08-15,6,19994.96,38.6
3407,Customer 03407,Consumer,North,2026-05-31,7,6836.92,58.3
3408,Customer 03408,Consumer,North,2026-09-01,6,24841.89,57.8
3409,Customer 03409,Consumer,South,2026-06-10,12,13922.24,11.3
3410,Customer 03410,SMB,East,2026-08-23,5,5148.49,79.0
3411,Customer 03411,Consumer,West,2026-09-24,8,372981.62,84.4
3412,Customer 03412,Consumer,North,2026-09-29,3,31646.57,69.2
3413,Customer 03413,Consumer,South,2026-04-15,10,7920.72,36.0
3414,Customer 03414,Enterprise,North,2026-04-09,9,7845.72,35.2
3415,Customer 03415,Consumer,West,2026-09-17,8,33328.51,36.9
3416,Customer 03416,Consumer,West,2026-09-02,4,54669.02,100.0
3417,Customer 03417,Consumer,North,2026-09-04,5,103713.03,53.7
3418,Customer 03418,Consumer,North,2026-05-25,4,5845.3,73.8
3419,Customer 03419,Enterprise,West,2026-04-25,6,6272.56,59.9
3420,Customer 03420,Consumer,West,2026-06-04,7,15858.51,58.6
3421,Customer 03421,Consumer,Central,2026-08-30,7,14000.01,48.5
3422,Customer 03422,Consumer,East,2026-05-23,11,19408.43,49.3
3423,Customer 03423,Consumer,East,2026-09-06,3,35894.42,86.6
3424,Customer 03424,SMB,Central,2026-09-20,6,125929.89,50.4
3425,Customer 03425,Consumer,East,2026-09-28,4,11365.19,65.7
3426,Customer 03426,Consumer,South,2026-07-29,3,19003.43,73.7
3427,Customer 03427,Consumer,East,2026-08-22,2,6747.73,73.1
3428,Customer 03428,Consumer,East,2026-09-27,9,55965.090000000004,45.7
3429,Customer 03429,Consumer,North,2026-05-03,5,5522.52,53.4
3430,Customer 03430,Consumer,East,2026-07-16,5,10262.99,66.7
3431,Customer 03431,SMB,South,2026-06-23,7,13049.76,55.9
3432,Customer 03432,Consumer,East,2026-08-07,6,6138.94,60.6
3433,Customer 03433,Consumer,West,2026-05-02,6,2452.77,44.8
3434,Customer 03434,Consumer,North,2026-04-28,5,8331.74,72.6
3435,Customer 03435,Consumer,North,2026-06-11,5,12302.86,83.1
3436,Customer 03436,Consumer,Central,2026-08-18,8,26253.26,51.3
3437,Customer 03437,Consumer,South,2026-07-07,6,13748.87,49.1
3438,Customer 03438,Consumer,South,2026-09-15,12,418599.45,46.4
3439,Customer 03439,Consumer,East,2026-09-22,8,62186.079999999994,65.7
3440,Customer 03440,Enterprise,West,2026-03-20,5,13147.1,79.9
3441,Customer 03441,Consumer,North,2026-05-07,6,5205.36,65.5
3442,Customer 03442,Consumer,East,2026-09-03,7,16484.8,66.8
3443,Customer 03443,Enterprise,East,2026-04-02,7,5287.05,41.1
3444,Customer 03444,SMB,East,2026-09-16,4,23067.579999999998,85.2
3445,Customer 03445,Consumer,Central,2026-09-18,9,37402.79,49.8
3446,Customer 03446,Consumer,East,2026-08-16,2,3628.88,95.2
3447,Customer 03447,Consumer,West,2026-04-29,10,31412.85,12.4
3448,Customer 03448,Consumer,East,2026-06-19,7,27808.44,50.4
3449,Customer 03449,Consumer,North,2026-07-28,5,3276.81,60.0
3450,Customer 03450,Consumer,South,2026-05-28,8,8745.53,48.1
3451,Customer 03451,Consumer,West,2026-05-27,8,16124.09,51.0
3452,Customer 03452,Consumer,North,2026-06-05,9,8468.11,41.6
3453,Customer 03453,Consumer,West,2026-04-24,4,8425.53,77.0
3454,Customer 03454,Consumer,East,2026-07-09,9,13503.33,36.3
3455,Customer 03455,SMB,West,2026-03-27,3,15390.03,75.5
3456,Customer 03456,Consumer,Central,2026-03-06,7,26565.17,58.9
3457,Customer 03457,SMB,Central,2026-05-08,7,30558.86,37.1
3458,Customer 03458,SMB,North,2026-03-06,6,8405.89,60.9
3459,Customer 03459,Consumer,East,2026-09-04,8,33368.62,39.5
3460,Customer 03460,Consumer,East,2026-07-16,7,8530.36,71.4
3461,Customer 03461,Consumer,South,2026-09-27,6,31310.2,66.3
3462,Customer 03462,Enterprise,South,2026-06-12,7,19757.19,53.4
3463,Customer 03463,Consumer,West,2026-07-24,5,11933.3,73.6
3464,Customer 03464,Consumer,South,2026-09-25,8,310892.63,48.1
3465,Customer 03465,SMB,East,2026-05-18,6,6405.25,51.9
3466,Customer 03466,Consumer,South,2026-09-19,9,11605.86,48.2
3467,Customer 03467,Consumer,East,2026-07-22,1,19547.11,100.0
3468,Customer 03468,Consumer,Central,2026-09-08,5,27905.68,82.8
3469,Customer 03469,Consumer,South,2026-09-29,6,21248.36,66.5
3470,Customer 03470,Consumer,East,2026-05-21,6,4370.65,60.9
3471,Customer 03471,Enterprise,North,2026-06-28,6,19449.73,51.7
3472,Customer 03472,Enterprise,South,2026-04-26,5,3671.03,69.7
3473,Customer 03473,SMB,North,2026-07-09,6,7245.48,54.4
3474,Customer 03474,Consumer,Central,2026-03-12,6,22752.39,45.8
3475,Customer 03475,SMB,West,2026-03-21,5,3853.38,61.4
3476,Customer 03476,SMB,West,2026-04-30,4,11514.04,78.8
3477,Customer 03477,Consumer,South,2026-06-02,6,4242.11,67.3
3478,Customer 03478,Enterprise,East,2026-09-20,7,25124.07,53.1
3479,Customer 03479,Consumer,North,2026-09-20,9,112478.93,51.8
3480,Customer 03480,Consumer,East,2026-07-28,5,19526.72,64.7
3481,Customer 03481,Consumer,West,2026-08-11,8,16259.64,45.5
3482,Customer 03482,Consumer,Central,2026-07-07,6,6805.17,57.8
3483,Customer 03483,Consumer,North,2026-04-13,4,13551.21,55.1
3484,Customer 03484,Consumer,North,2026-09-18,5,169052.12,86.8
3485,Customer 03485,Consumer,West,2026-06-21,5,18250.27,61.1
3486,Customer 03486,Consumer,West,2026-09-22,4,9458.98,84.8
3487,Customer 03487,Enterprise,Central,2026-07-03,7,11511.38,65.7
3488,Customer 03488,Enterprise,North,2026-09-29,7,50716.090000000004,53.1
3489,Customer 03489,SMB,North,2026-05-12,6,1699.0,51.2
3490,Customer 03490,Consumer,East,2026-07-11,3,9929.94,77.5
3491,Customer 03491,Consumer,North,2026-06-11,8,9115.87,52.2
3492,Customer 03492,SMB,West,2026-05-29,8,7692.63,33.8
3493,Customer 03493,Consumer,Central,2026-06-16,10,7008.12,22.9
3494,Customer 03494,Consumer,North,2026-09-11,4,73140.69,76.4
3495,Customer 03495,Consumer,East,2026-06-15,3,4250.28,88.6
3496,Customer 03496,Consumer,North,2026-03-23,6,13656.82,61.2
3497,Customer 03497,Consumer,East,2026-08-22,9,5286.04,32.3
3498,Customer 03498,Consumer,West,2026-08-16,4,17531.13,63.4
3499,Customer 03499,Consumer,Central,2026-04-28,5,5404.81,71.7
3500,Customer 03500,SMB,North,2026-09-29,7,78596.29000000001,48.0
3501,Customer 03501,Enterprise,South,2026-08-04,7,33378.14,45.1
3502,Customer 03502,Consumer,East,2026-03-19,5,16704.45,51.7
3503,Customer 03503,Consumer,West,2026-04-18,7,10324.14,25.0
3504,Customer 03504,SMB,Central,2026-08-10,5,3807.47,57.6
3505,Customer 03505,Enterprise,Central,2026-04-21,9,7344.16,23.5
3506,Customer 03506,Consumer,South,2026-08-11,4,49320.51,75.3
3507,Customer 03507,SMB,Central,2026-04-20,4,13566.26,80.8
3508,Customer 03508,Consumer,North,2026-08-08,7,5830.79,31.3
3509,Customer 03509,SMB,West,2026-05-28,6,10978.18,38.8
3510,Customer 03510,Consumer,East,2026-04-12,5,6501.97,55.6
3511,Customer 03511,Consumer,Central,2026-06-05,5,14918.48,54.5
3512,Customer 03512,SMB,Central,2026-05-14,4,6942.23,76.2
3513,Customer 03513,Consumer,West,2026-08-31,10,6523.37,45.7
3514,Customer 03514,Enterprise,East,2026-05-10,7,3318.7,49.1
3515,Customer 03515,Consumer,East,2026-06-05,5,7685.01,52.7
3516,Customer 03516,SMB,North,2026-07-28,4,5494.98,67.4
3517,Customer 03517,SMB,North,2026-07-28,5,21899.85,83.6
3518,Customer 03518,Consumer,West,2026-09-24,6,78194.09999999999,72.8
3519,Customer 03519,Consumer,North,2026-07-15,2,8410.08,100.0
3520,Customer 03520,Consumer,West,2026-08-09,6,9212.07,71.4
3521,Customer 03521,Consumer,East,2026-09-27,6,61101.12,43.7
3522,Customer 03522,Enterprise,Central,2026-08-14,6,4037.61,70.9
3523,Customer 03523,Consumer,South,2026-03-31,3,23706.3,64.6
3524,Customer 03524,Consumer,South,2026-07-18,2,7139.53,76.9
3525,Customer 03525,Consumer,Central,2026-08-11,4,12235.58,85.2
3526,Customer 03526,Consumer,South,2026-03-20,3,15708.11,95.1
3527,Customer 03527,Consumer,West,2026-04-26,4,17118.94,83.6
3528,Customer 03528,Enterprise,South,2026-05-05,7,26464.83,72.2
3529,Customer 03529,SMB,Central,2026-08-13,6,4999.3,57.0
3530,Customer 03530,Consumer,West,2026-07-13,9,5546.57,57.0
3531,Customer 03531,Enterprise,Central,2026-09-24,6,198022.84,73.5
3532,Customer 03532,Consumer,South,2026-05-24,5,5919.19,52.2
3533,Customer 03533,Consumer,West,2026-06-11,6,6577.58,62.6
3534,Customer 03534,Consumer,South,2026-08-10,3,34472.59,68.8
3535,Customer 03535,Consumer,North,2026-09-17,8,21598.93,69.2
3536,Customer 03536,SMB,East,2026-04-28,6,4341.64,55.9
3537,Customer 03537,Consumer,North,2026-06-21,7,6608.4,69.2
3538,Customer 03538,Consumer,Central,2026-06-16,7,4530.77,53.2
3539,Customer 03539,Consumer,North,2026-07-04,7,7275.57,31.0
3540,Customer 03540,SMB,South,2026-04-15,5,12792.61,90.9
3541,Customer 03541,Consumer,West,2026-08-22,6,8531.51,45.5
3542,Customer 03542,Enterprise,East,2026-07-07,4,17639.61,58.4
3543,Customer 03543,Consumer,South,2026-06-05,9,11907.63,39.5
3544,Customer 03544,Consumer,East,2026-04-26,6,24278.37,50.7
3545,Customer 03545,Consumer,South,2026-07-07,2,8225.47,81.3
3546,Customer 03546,Consumer,East,2026-03-24,6,22151.29,52.6
3547,Customer 03547,Consumer,Central,2026-09-04,6,19876.28,55.6
3548,Customer 03548,Consumer,Central,2026-05-17,7,11038.59,32.6
3549,Customer 03549,Consumer,Central,2026-09-01,6,9169.14,79.3
3550,Customer 03550,Consumer,North,2026-09-06,5,155521.63,83.3
3551,Customer 03551,SMB,South,2026-07-05,7,4807.44,52.9
3552,Customer 03552,Consumer,North,2026-03-25,8,26095.78,51.0
3553,Customer 03553,Consumer,South,2026-08-10,5,13680.29,56.6
3554,Customer 03554,Consumer,Central,2026-07-12,5,9918.43,60.2
3555,Customer 03555,Consumer,North,2026-03-23,3,9126.64,81.2
3556,Customer 03556,Consumer,Central,2026-07-01,5,12688.25,49.5
3557,Customer 03557,Enterprise,South,2026-07-20,5,13616.25,63.5
3558,Customer 03558,Enterprise,North,2026-06-13,5,7061.55,78.3
3559,Customer 03559,Consumer,South,2026-09-05,7,67134.08,43.3
3560,Customer 03560,Consumer,West,2026-09-18,8,75887.68,58.4
3561,Customer 03561,Consumer,East,2026-08-18,10,31700.58,39.0
3562,Customer 03562,Consumer,North,2026-04-17,8,7728.26,49.8
3563,Customer 03563,Consumer,North,2026-09-24,8,19271.760000000002,29.9
3564,Customer 03564,SMB,Central,2026-09-30,10,35437.83,69.8
3565,Customer 03565,SMB,South,2026-06-23,7,3723.12,68.0
3566,Customer 03566,Consumer,Central,2026-09-04,6,311391.86,92.7
3567,Customer 03567,Consumer,North,2026-09-16,10,126043.68000000001,32.9
3568,Customer 03568,SMB,West,2026-05-30,9,6290.19,21.3
3569,Customer 03569,SMB,West,2026-04-15,5,3899.75,67.9
3570,Customer 03570,Consumer,North,2026-06-15,7,7485.9,53.8
3571,Customer 03571,SMB,West,2026-09-03,3,41734.5,100.0
3572,Customer 03572,Enterprise,North,2026-08-24,10,6663.27,47.2
3573,Customer 03573,Consumer,North,2026-03-21,6,13479.19,49.5
3574,Customer 03574,SMB,Central,2026-07-22,4,2557.74,58.9
3575,Customer 03575,Consumer,Central,2026-07-19,10,34696.39,27.4
3576,Customer 03576,Consumer,Central,2026-08-30,5,26626.68,56.5
3577,Customer 03577,Consumer,East,2026-07-07,4,7375.66,87.8
3578,Customer 03578,SMB,North,2026-09-27,5,10620.46,100.0
3579,Customer 03579,Consumer,North,2026-03-15,10,10795.26,41.9
3580,Customer 03580,Consumer,West,2026-07-07,8,5936.14,47.4
3581,Customer 03581,Consumer,West,2026-05-22,6,1945.68,45.3
3582,Customer 03582,Consumer,North,2026-04-22,6,15987.85,36.0
3583,Customer 03583,Consumer,West,2026-09-07,8,311627.44,56.0
3584,Customer 03584,Consumer,West,2026-09-09,8,126722.55,53.0
3585,Customer 03585,Consumer,South,2026-08-10,9,11085.28,20.0
3586,Customer 03586,SMB,East,2026-09-16,10,42448.85,44.6
3587,Customer 03587,Enterprise,North,2026-09-22,7,21508.5,58.1
3588,Customer 03588,SMB,Central,2026-07-30,4,8351.06,53.9
3589,Customer 03589,Consumer,West,2026-06-18,4,14124.54,65.1
3590,Customer 03590,SMB,West,2026-03-12,3,6911.66,65.9
3591,Customer 03591,Consumer,Central,2026-07-17,10,2465.15,45.5
3592,Customer 03592,Consumer,North,2026-09-09,6,23357.489999999998,69.5
3593,Customer 03593,SMB,South,2026-08-17,6,24311.66,67.8
3594,Customer 03594,SMB,East,2026-09-12,10,58300.24,43.1
3595,Customer 03595,SMB,East,2026-08-15,9,25554.74,0.0
3596,Customer 03596,Enterprise,North,2026-06-25,5,7189.08,73.0
3597,Customer 03597,SMB,South,2026-06-18,7,14375.59,40.0
3598,Customer 03598,Consumer,Central,2026-03-26,9,8302.06,23.2
3599,Customer 03599,Consumer,North,2026-09-10,6,124978.18,40.5
3600,Customer 03600,Consumer,North,2026-04-18,5,2870.95,75.4
3601,Customer 03601,Consumer,West,2026-04-04,5,21886.18,47.2
3602,Customer 03602,Consumer,West,2026-04-25,6,72575.17,65.2
3603,Customer 03603,SMB,West,2026-09-17,11,11957.46,23.8
3604,Customer 03604,Enterprise,East,2026-05-14,6,24598.12,42.3
3605,Customer 03605,Consumer,South,2026-04-05,6,12597.43,67.7
3606,Customer 03606,SMB,North,2026-05-28,9,5633.61,37.0
3607,Customer 03607,SMB,East,2026-06-29,7,13150.18,47.4
3608,Customer 03608,Consumer,South,2026-06-23,7,4458.07,23.1
3609,Customer 03609,Enterprise,South,2026-09-10,9,160438.57,36.6
3610,Customer 03610,Consumer,East,2026-05-30,5,10059.66,78.3
3611,Customer 03611,Consumer,Central,2026-03-05,5,8120.92,64.4
3612,Customer 03612,Consumer,South,2026-09-11,13,325978.94,4.8
3613,Customer 03613,SMB,South,2026-07-01,2,3801.02,85.7
3614,Customer 03614,Enterprise,West,2026-03-17,6,19084.06,49.1
3615,Customer 03615,Consumer,South,2026-03-24,9,17413.12,45.8
3616,Customer 03616,Consumer,South,2026-07-12,8,18513.45,30.3
3617,Customer 03617,SMB,Central,2026-09-03,5,23712.36,75.3
3618,Customer 03618,Consumer,West,2026-03-06,7,5943.9,47.2
3619,Customer 03619,Consumer,North,2026-05-26,7,4007.22,46.2
3620,Customer 03620,Consumer,South,2026-09-29,6,220998.96,56.6
3621,Customer 03621,Consumer,South,2026-07-29,10,13244.84,40.8
3622,Customer 03622,Consumer,East,2026-08-28,7,6584.04,50.0
3623,Customer 03623,Consumer,South,2026-04-15,5,4642.66,62.4
3624,Customer 03624,Consumer,North,2026-04-16,4,5690.51,57.8
3625,Customer 03625,Consumer,South,2026-05-25,9,19811.48,25.4
3626,Customer 03626,Consumer,Central,2026-03-26,6,8202.09,60.0
3627,Customer 03627,Enterprise,South,2026-04-30,3,4287.12,88.3
3628,Customer 03628,Consumer,South,2026-09-16,9,10984.29,52.2
3629,Customer 03629,Consumer,North,2026-05-23,6,13424.75,45.2
3630,Customer 03630,Consumer,East,2026-05-23,3,13647.18,92.4
3631,Customer 03631,SMB,Central,2026-08-16,8,4630.9,46.8
3632,Customer 03632,SMB,North,2026-08-20,6,9135.93,40.3
3633,Customer 03633,Consumer,South,2026-03-10,2,6666.31,75.5
3634,Customer 03634,Consumer,North,2026-04-28,6,8868.74,52.6
3635,Customer 03635,Consumer,Central,2026-08-10,3,4913.31,75.7
3636,Customer 03636,Enterprise,South,2026-07-03,7,15462.99,31.4
3637,Customer 03637,Consumer,Central,2026-06-16,6,23567.07,52.0
3638,Customer 03638,Consumer,North,2026-07-23,9,5250.47,21.9
3639,Customer 03639,SMB,East,2026-07-10,5,6888.81,36.0
3640,Customer 03640,Consumer,South,2026-05-23,5,10431.8,62.1
3641,Customer 03641,Consumer,East,2026-07-04,6,6416.35,71.5
3642,Customer 03642,Consumer,Central,2026-07-15,3,8108.19,73.7
3643,Customer 03643,Consumer,West,2026-06-20,6,18405.12,63.7
3644,Customer 03644,Consumer,Central,2026-03-31,8,2653.44,35.1
3645,Customer 03645,Consumer,West,2026-06-26,10,4822.08,5.6
3646,Customer 03646,SMB,West,2026-03-08,3,3159.35,80.7
3647,Customer 03647,Consumer,East,2026-09-10,5,16706.09,85.9
3648,Customer 03648,Consumer,East,2026-08-05,10,4529.52,15.7
3649,Customer 03649,SMB,West,2026-09-18,9,98968.56,50.3
3650,Customer 03650,Consumer,East,2026-08-18,5,4860.99,70.6
3651,Customer 03651,Consumer,South,2026-09-29,6,18667.010000000002,71.3
3652,Customer 03652,Consumer,North,2026-03-18,8,5322.96,42.8
3653,Customer 03653,Consumer,Central,2026-07-06,5,12693.03,65.1
3654,Customer 03654,SMB,North,2026-04-02,7,8132.62,30.0
3655,Customer 03655,SMB,South,2026-03-23,9,16910.38,43.8
3656,Customer 03656,Consumer,West,2026-09-16,7,16916.7,64.8
3657,Customer 03657,SMB,Central,2026-08-07,8,15098.98,47.5
3658,Customer 03658,Consumer,South,2026-07-07,9,3813.49,32.7
3659,Customer 03659,Consumer,North,2026-06-14,6,7736.72,38.2
3660,Customer 03660,Consumer,West,2026-08-03,5,16690.11,66.1
3661,Customer 03661,Consumer,North,2026-06-23,5,11766.89,56.6
3662,Customer 03662,SMB,South,2026-06-04,3,8517.45,64.7
3663,Customer 03663,Consumer,West,2026-09-21,5,24926.32,68.7
3664,Customer 03664,Consumer,Central,2026-05-11,4,13326.19,81.1
3665,Customer 03665,Consumer,North,2026-03-08,3,19880.66,61.9
3666,Customer 03666,Consumer,East,2026-08-29,6,10402.65,59.1
3667,Customer 03667,Consumer,Central,2026-03-30,5,4509.69,65.3
3668,Customer 03668,SMB,West,2026-07-02,7,7825.51,61.0
3669,Customer 03669,Consumer,West,2026-06-12,3,19512.63,71.3
3670,Customer 03670,Consumer,North,2026-08-25,9,12982.84,18.2
3671,Customer 03671,Consumer,East,2026-03-05,5,5123.46,83.3
3672,Customer 03672,Consumer,North,2026-07-24,6,17412.52,65.2
3673,Customer 03673,Enterprise,North,2026-09-08,4,16889.31,74.6
3674,Customer 03674,SMB,East,2026-08-20,4,21079.85,88.5
3675,Customer 03675,Consumer,Central,2026-08-02,5,11507.74,56.7
3676,Customer 03676,SMB,Central,2026-07-12,7,15446.21,55.4
3677,Customer 03677,Consumer,North,2026-09-29,5,25982.1,64.7
3678,Customer 03678,Consumer,East,2026-09-28,6,82870.7,67.9
3679,Customer 03679,Consumer,East,2026-04-27,6,17394.49,58.6
3680,Customer 03680,Consumer,West,2026-07-26,5,15051.76,80.5
3681,Customer 03681,Consumer,North,2026-05-30,7,16997.53,49.9
3682,Customer 03682,SMB,North,2026-08-28,3,19954.97,89.3
3683,Customer 03683,Consumer,East,2026-03-15,5,4227.67,49.9
3684,Customer 03684,SMB,West,2026-07-17,7,26290.94,58.4
3685,Customer 03685,Consumer,North,2026-06-21,6,28867.67,62.4
3686,Customer 03686,Enterprise,East,2026-04-30,9,21596.88,41.6
3687,Customer 03687,Consumer,East,2026-09-30,3,103381.43000000001,77.3
3688,Customer 03688,Consumer,North,2026-03-29,10,48439.7,39.6
3689,Customer 03689,Consumer,Central,2026-09-12,4,21826.309999999998,93.9
3690,Customer 03690,Consumer,North,2026-08-28,3,12239.18,74.1
3691,Customer 03691,Consumer,West,2026-09-24,9,114667.44,33.9
3692,Customer 03692,Consumer,West,2026-05-13,4,6385.69,79.9
3693,Customer 03693,SMB,West,2026-06-16,4,25716.35,49.1
3694,Customer 03694,Enterprise,North,2026-09-19,6,14391.36,51.8
3695,Customer 03695,Consumer,North,2026-04-28,9,17999.42,24.4
3696,Customer 03696,SMB,South,2026-04-01,6,2961.05,35.2
3697,Customer 03697,Consumer,East,2026-07-21,9,14506.74,47.3
3698,Customer 03698,Consumer,Central,2026-04-06,9,5511.41,40.7
3699,Customer 03699,Consumer,Central,2026-04-21,5,25559.46,50.1
3700,Customer 03700,SMB,Central,2026-05-14,6,11078.55,76.5
3701,Customer 03701,Consumer,West,2026-05-30,6,5822.38,69.2
3702,Customer 03702,SMB,West,2026-03-21,7,11488.89,53.6
3703,Customer 03703,Consumer,East,2026-03-10,7,5751.69,36.9
3704,Customer 03704,Consumer,Central,2026-08-23,4,30013.34,77.7
3705,Customer 03705,SMB,Central,2026-07-07,6,2859.19,54.4
3706,Customer 03706,Consumer,North,2026-07-16,5,13540.8,61.0
3707,Customer 03707,Consumer,South,2026-05-23,9,29662.54,35.3
3708,Customer 03708,SMB,Central,2026-03-05,7,12316.97,45.9
3709,Customer 03709,SMB,West,2026-07-17,5,19371.95,64.3
3710,Customer 03710,Consumer,South,2026-09-20,6,29134.15,66.5
3711,Customer 03711,SMB,Central,2026-05-08,10,9363.45,35.5
3712,Customer 03712,Consumer,South,2026-08-14,5,12589.09,75.0
3713,Customer 03713,Consumer,South,2026-07-06,5,19494.98,59.5
3714,Customer 03714,Consumer,North,2026-03-06,4,3648.45,54.3
3715,Customer 03715,Consumer,South,2026-09-21,7,91523.34,38.2
3716,Customer 03716,Consumer,Central,2026-08-09,8,4175.62,50.4
3717,Customer 03717,Consumer,South,2026-06-26,5,4848.64,78.8
3718,Customer 03718,SMB,North,2026-07-10,6,5751.17,67.4
3719,Customer 03719,Consumer,West,2026-09-13,12,37201.64,28.5
3720,Customer 03720,Enterprise,South,2026-07-09,7,2346.95,51.4
3721,Customer 03721,Consumer,West,2026-09-23,7,17607.75,61.7
3722,Customer 03722,Consumer,West,2026-05-01,5,8356.6,47.3
3723,Customer 03723,Consumer,South,2026-07-15,5,6949.16,78.1
3724,Customer 03724,Enterprise,West,2026-06-02,3,6133.32,84.1
3725,Customer 03725,Consumer,South,2026-09-11,11,13899.42,16.9
3726,Customer 03726,SMB,Central,2026-05-22,7,24655.55,39.4
3727,Customer 03727,Consumer,North,2026-08-06,4,16980.26,63.1
3728,Customer 03728,Enterprise,North,2026-09-18,7,53300.74,82.7
3729,Customer 03729,Consumer,East,2026-09-10,8,84050.09,61.6
3730,Customer 03730,Consumer,East,2026-07-24,5,21759.71,52.5
3731,Customer 03731,SMB,East,2026-05-27,7,3218.64,42.3
3732,Customer 03732,SMB,West,2026-09-18,5,264532.07,54.9
3733,Customer 03733,Enterprise,East,2026-03-14,8,4604.37,33.1
3734,Customer 03734,Consumer,East,2026-03-13,6,6600.88,61.1
3735,Customer 03735,Consumer,North,2026-04-14,8,10469.49,52.0
3736,Customer 03736,Consumer,West,2026-05-02,10,9389.26,61.7
3737,Customer 03737,Enterprise,South,2026-04-30,6,11602.77,53.0
3738,Customer 03738,Enterprise,Central,2026-09-07,5,170939.06999999998,72.4
3739,Customer 03739,SMB,West,2026-07-06,8,22165.76,26.6
3740,Customer 03740,Consumer,East,2026-04-11,4,5329.32,67.2
3741,Customer 03741,Enterprise,West,2026-08-04,5,8849.24,72.8
3742,Customer 03742,Enterprise,North,2026-07-21,5,51096.51,49.7
3743,Customer 03743,SMB,West,2026-04-22,8,14211.93,59.7
3744,Customer 03744,Consumer,North,2026-05-22,6,7396.02,66.7
3745,Customer 03745,Consumer,West,2026-04-01,5,8396.2,57.9
3746,Customer 03746,Consumer,South,2026-04-27,4,55905.96,100.0
3747,Customer 03747,SMB,North,2026-03-09,7,5159.04,52.2
3748,Customer 03748,Consumer,East,2026-05-03,6,5016.61,51.3
3749,Customer 03749,Consumer,South,2026-09-05,8,8295.36,27.7
3750,Customer 03750,Enterprise,West,2026-03-19,6,24733.18,72.4
3751,Customer 03751,Consumer,Central,2026-04-07,5,30181.25,61.3
3752,Customer 03752,Enterprise,East,2026-09-29,5,35084.43,71.5
3753,Customer 03753,SMB,North,2026-08-13,6,3691.98,45.5
3754,Customer 03754,Enterprise,Central,2026-08-16,7,8964.11,66.6
3755,Customer 03755,Consumer,Central,2026-09-13,7,53998.96000000001,32.8
3756,Customer 03756,SMB,Central,2026-06-04,7,6319.7,66.1
3757,Customer 03757,Consumer,North,2026-09-07,7,122754.46,62.3
3758,Customer 03758,SMB,South,2026-09-13,4,14483.01,78.0
3759,Customer 03759,Consumer,West,2026-03-12,3,13815.49,57.4
3760,Customer 03760,Enterprise,Central,2026-09-02,8,55785.740000000005,50.0
3761,Customer 03761,Consumer,Central,2026-09-26,8,98791.44,38.2
3762,Customer 03762,Consumer,West,2026-05-28,5,7710.7,80.5
3763,Customer 03763,SMB,West,2026-09-26,9,25992.62,44.9
3764,Customer 03764,Consumer,North,2026-06-10,9,4084.65,31.9
3765,Customer 03765,Consumer,Central,2026-07-13,6,9470.87,51.9
3766,Customer 03766,Enterprise,South,2026-05-31,6,12443.05,56.4
3767,Customer 03767,Consumer,West,2026-03-05,7,12602.1,50.7
3768,Customer 03768,Consumer,Central,2026-04-20,4,36577.24,58.4
3769,Customer 03769,SMB,North,2026-07-20,4,8136.23,89.4
3770,Customer 03770,SMB,West,2026-06-27,8,11072.55,37.9
3771,Customer 03771,Consumer,West,2026-09-10,9,37114.100000000006,38.3
3772,Customer 03772,SMB,North,2026-09-07,7,51827.189999999995,60.4
3773,Customer 03773,Enterprise,Central,2026-09-22,6,27122.78,79.1
3774,Customer 03774,Consumer,Central,2026-03-08,6,27416.93,50.3
3775,Customer 03775,Consumer,North,2026-09-07,3,55507.18,80.5
3776,Customer 03776,Consumer,East,2026-06-15,2,6781.33,92.1
3777,Customer 03777,Consumer,West,2026-06-18,5,35024.7,58.0
3778,Customer 03778,SMB,South,2026-08-16,7,7086.76,49.4
3779,Customer 03779,SMB,Central,2026-09-01,7,20313.530000000002,68.5
3780,Customer 03780,Consumer,East,2026-03-17,4,12643.21,91.7
3781,Customer 03781,Enterprise,North,2026-09-10,11,21858.85,17.5
3782,Customer 03782,Enterprise,East,2026-08-10,4,2520.23,61.5
3783,Customer 03783,SMB,South,2026-04-30,7,18640.04,62.7
3784,Customer 03784,Consumer,South,2026-04-17,10,7705.81,37.8
3785,Customer 03785,Enterprise,North,2026-06-28,4,11518.75,65.6
3786,Customer 03786,SMB,South,2026-07-01,4,4065.26,51.8
3787,Customer 03787,SMB,Central,2026-09-21,5,69849.1,80.5
3788,Customer 03788,Consumer,East,2026-09-19,7,11709.36,73.2
3789,Customer 03789,SMB,West,2026-07-13,8,5149.86,44.3
3790,Customer 03790,Consumer,South,2026-08-23,5,6167.34,55.5
3791,Customer 03791,Consumer,East,2026-04-21,2,16598.46,94.9
3792,Customer 03792,Consumer,North,2026-09-12,5,110416.79000000001,74.6
3793,Customer 03793,Consumer,South,2026-07-31,5,12522.87,73.6
3794,Customer 03794,Consumer,North,2026-08-30,6,12120.96,51.1
3795,Customer 03795,Consumer,North,2026-08-26,7,15379.11,75.0
3796,Customer 03796,Consumer,South,2026-08-23,7,6113.48,52.0
3797,Customer 03797,Consumer,South,2026-04-18,7,7118.19,52.7
3798,Customer 03798,Enterprise,West,2026-09-06,12,19403.0,43.5
3799,Customer 03799,Consumer,West,2026-08-24,5,20846.15,83.4
3800,Customer 03800,SMB,Central,2026-03-30,11,39863.19,6.6
3801,Customer 03801,Consumer,West,2026-07-31,6,8598.77,68.7
3802,Customer 03802,Consumer,Central,2026-09-29,6,38367.0,59.5
3803,Customer 03803,SMB,South,2026-09-21,5,70130.76,80.4
3804,Customer 03804,Consumer,South,2026-09-24,5,21098.23,60.6
3805,Customer 03805,Enterprise,East,2026-06-29,4,5760.97,72.6
3806,Customer 03806,Consumer,North,2026-09-23,9,102868.82999999999,52.6
3807,Customer 03807,Consumer,East,2026-09-16,6,32517.77,61.0
3808,Customer 03808,SMB,West,2026-09-29,5,189467.31,67.0
3809,Customer 03809,Consumer,South,2026-09-30,5,48482.43,94.0
3810,Customer 03810,Consumer,North,2026-05-27,7,11132.59,54.6
3811,Customer 03811,Enterprise,North,2026-05-28,4,52975.18,71.1
3812,Customer 03812,SMB,South,2026-08-28,4,18008.59,90.3
3813,Customer 03813,Consumer,North,2026-08-19,5,7040.95,42.9
3814,Customer 03814,Consumer,South,2026-04-17,7,5987.7,49.2
3815,Customer 03815,SMB,East,2026-08-06,7,8699.3,42.5
3816,Customer 03816,SMB,North,2026-04-19,4,7965.56,58.7
3817,Customer 03817,Consumer,South,2026-05-25,7,8946.83,59.9
3818,Customer 03818,Consumer,South,2026-09-14,6,75146.51999999999,72.9
3819,Customer 03819,SMB,North,2026-09-13,4,32959.16,75.1
3820,Customer 03820,SMB,Central,2026-06-18,7,7127.84,62.9
3821,Customer 03821,Consumer,Central,2026-05-15,5,23150.24,79.0
3822,Customer 03822,Consumer,North,2026-08-13,7,6993.7,46.5
3823,Customer 03823,SMB,Central,2026-09-16,9,101001.1,51.4
3824,Customer 03824,Consumer,West,2026-08-18,9,18103.67,19.0
3825,Customer 03825,Consumer,West,2026-09-18,5,233929.16,68.6
3826,Customer 03826,Enterprise,South,2026-04-21,8,8849.48,47.7
3827,Customer 03827,SMB,West,2026-07-15,4,6499.62,58.5
3828,Customer 03828,SMB,North,2026-04-12,4,10308.22,91.4
3829,Customer 03829,Consumer,Central,2026-08-24,6,8194.61,27.2
3830,Customer 03830,Consumer,South,2026-09-08,7,439064.51999999996,54.2
3831,Customer 03831,Enterprise,South,2026-09-06,7,33851.25,65.4
3832,Customer 03832,Consumer,Central,2026-08-14,8,38607.3,42.9
3833,Customer 03833,Consumer,North,2026-06-27,5,4385.37,76.0
3834,Customer 03834,SMB,West,2026-09-11,9,10505.19,39.7
3835,Customer 03835,SMB,North,2026-09-30,9,195619.81,61.1
3836,Customer 03836,Consumer,North,2026-09-27,7,13081.44,47.0
3837,Customer 03837,Consumer,West,2026-04-18,8,44395.29,49.0
3838,Customer 03838,Consumer,South,2026-04-30,4,26318.88,89.1
3839,Customer 03839,SMB,West,2026-07-31,6,11467.76,64.8
3840,Customer 03840,Consumer,East,2026-08-16,5,6455.12,66.1
3841,Customer 03841,SMB,Central,2026-04-25,6,8780.66,59.7
3842,Customer 03842,Consumer,South,2026-06-02,5,14982.21,63.3
3843,Customer 03843,Consumer,East,2026-04-28,5,19478.35,57.1
3844,Customer 03844,Consumer,North,2026-05-02,5,6901.57,55.5
3845,Customer 03845,Consumer,West,2026-08-23,9,18739.67,56.0
3846,Customer 03846,Consumer,West,2026-08-07,4,5672.22,78.0
3847,Customer 03847,SMB,West,2026-08-03,5,7565.25,63.8
3848,Customer 03848,Consumer,Central,2026-07-24,2,9806.15,66.4
3849,Customer 03849,Consumer,West,2026-08-27,7,30080.06,67.5
3850,Customer 03850,Consumer,South,2026-04-28,11,8975.13,27.4
3851,Customer 03851,Consumer,Central,2026-07-09,7,15749.22,63.4
3852,Customer 03852,Enterprise,South,2026-09-26,5,32903.77,73.3
3853,Customer 03853,Consumer,Central,2026-09-22,4,17031.94,88.2
3854,Customer 03854,Consumer,West,2026-09-15,11,21654.829999999998,49.9
3855,Customer 03855,Consumer,Central,2026-09-25,6,171452.37,76.2
3856,Customer 03856,Consumer,East,2026-07-11,3,16330.68,96.7
3857,Customer 03857,Consumer,Central,2026-04-04,7,9910.94,55.9
3858,Customer 03858,SMB,Central,2026-06-11,10,11805.67,21.3
3859,Customer 03859,Consumer,South,2026-09-09,5,14554.61,62.2
3860,Customer 03860,SMB,West,2026-09-11,10,8026.22,31.4
3861,Customer 03861,SMB,South,2026-06-01,7,8951.95,53.0
3862,Customer 03862,Consumer,South,2026-09-24,6,22021.050000000003,67.3
3863,Customer 03863,Consumer,West,2026-07-24,6,8455.02,47.3
3864,Customer 03864,Consumer,South,2026-05-28,8,10695.98,23.7
3865,Customer 03865,Consumer,Central,2026-09-11,7,29613.3,45.4
3866,Customer 03866,Consumer,East,2026-06-22,5,17901.62,54.6
3867,Customer 03867,Consumer,Central,2026-09-02,7,29166.82,61.1
3868,Customer 03868,Consumer,West,2026-03-29,3,2340.29,76.0
3869,Customer 03869,SMB,South,2026-06-01,10,9244.8,41.9
3870,Customer 03870,SMB,South,2026-04-26,3,2443.17,65.9
3871,Customer 03871,SMB,East,2026-09-25,10,47220.490000000005,29.2
3872,Customer 03872,Consumer,West,2026-09-11,7,92101.64,64.7
3873,Customer 03873,SMB,North,2026-08-30,6,3330.06,38.1
3874,Customer 03874,Consumer,West,2026-07-09,6,55068.84,83.2
3875,Customer 03875,Consumer,South,2026-08-22,4,15234.07,80.5
3876,Customer 03876,Consumer,West,2026-05-24,9,22826.86,34.2
3877,Customer 03877,SMB,Central,2026-07-22,6,4755.43,57.1
3878,Customer 03878,Consumer,West,2026-07-03,7,16533.8,48.2
3879,Customer 03879,SMB,North,2026-09-20,5,169897.88,70.0
3880,Customer 03880,Consumer,West,2026-09-08,8,19535.6,64.4
3881,Customer 03881,SMB,Central,2026-05-14,4,6247.65,94.1
3882,Customer 03882,Consumer,West,2026-09-01,2,46341.33,100.0
3883,Customer 03883,Consumer,North,2026-08-27,5,36338.85,57.3
3884,Customer 03884,Consumer,East,2026-09-20,7,65595.34,56.4
3885,Customer 03885,Consumer,West,2026-09-19,7,151061.11000000002,71.9
3886,Customer 03886,Consumer,South,2026-04-03,3,10350.65,66.2
3887,Customer 03887,Consumer,South,2026-05-24,9,6046.78,41.9
3888,Customer 03888,Consumer,West,2026-05-20,3,22372.33,81.3
3889,Customer 03889,Consumer,East,2026-03-18,9,72321.5,34.0
3890,Customer 03890,SMB,North,2026-07-03,7,5193.47,49.0
3891,Customer 03891,SMB,South,2026-05-03,7,19802.84,64.9
3892,Customer 03892,Consumer,West,2026-09-18,5,74301.73,61.9
3893,Customer 03893,Consumer,West,2026-09-29,6,15947.359999999999,67.3
3894,Customer 03894,SMB,East,2026-05-18,6,8349.07,67.6
3895,Customer 03895,Consumer,East,2026-05-22,10,10899.6,20.3
3896,Customer 03896,Enterprise,Central,2026-09-14,9,7042.53,58.9
3897,Customer 03897,Consumer,North,2026-04-07,5,5731.29,57.5
3898,Customer 03898,Consumer,North,2026-07-24,7,4229.66,40.5
3899,Customer 03899,Consumer,South,2026-05-14,3,11465.36,60.3
3900,Customer 03900,Enterprise,West,2026-08-22,5,11312.54,46.7
3901,Customer 03901,Consumer,Central,2026-03-05,3,7903.41,63.4
3902,Customer 03902,Consumer,East,2026-08-03,4,8399.26,53.0
3903,Customer 03903,Consumer,East,2026-03-26,4,6414.7,53.2
3904,Customer 03904,Consumer,South,2026-09-19,10,11053.28,56.0
3905,Customer 03905,SMB,North,2026-08-13,7,6533.15,54.5
3906,Customer 03906,Consumer,East,2026-05-01,6,4156.73,54.3
3907,Customer 03907,SMB,East,2026-09-06,7,8350.23,59.1
3908,Customer 03908,Consumer,West,2026-09-28,9,40835.48,42.5
3909,Customer 03909,Consumer,Central,2026-07-05,12,25248.34,26.7
3910,Customer 03910,Consumer,West,2026-04-18,8,10904.54,64.9
3911,Customer 03911,Consumer,South,2026-03-20,4,4402.53,58.5
3912,Customer 03912,Consumer,East,2026-06-19,6,9642.85,65.2
3913,Customer 03913,SMB,West,2026-04-04,4,10509.19,73.6
3914,Customer 03914,Consumer,South,2026-05-11,10,23800.09,27.9
3915,Customer 03915,SMB,Central,2026-06-12,4,28436.81,81.9
3916,Customer 03916,Consumer,East,2026-05-10,3,9062.15,90.1
3917,Customer 03917,Consumer,East,2026-03-06,9,8390.05,42.7
3918,Customer 03918,Consumer,Central,2026-08-22,6,8176.46,44.9
3919,Customer 03919,SMB,East,2026-07-30,4,10641.85,71.5
3920,Customer 03920,Consumer,East,2026-09-04,5,53844.74,76.7
3921,Customer 03921,SMB,North,2026-09-15,11,120167.71999999999,39.5
3922,Customer 03922,Consumer,North,2026-08-05,5,9667.39,64.8
3923,Customer 03923,SMB,Central,2026-07-24,12,15206.93,20.0
3924,Customer 03924,Consumer,Central,2026-09-05,8,33672.17,46.1
3925,Customer 03925,Consumer,West,2026-09-19,10,16140.31,31.5
3926,Customer 03926,SMB,North,2026-05-31,6,13056.35,86.9
3927,Customer 03927,Consumer,South,2026-09-17,10,102696.31999999999,40.3
3928,Customer 03928,SMB,East,2026-05-06,5,9588.32,48.6
3929,Customer 03929,Consumer,North,2026-08-02,7,10875.94,65.0
3930,Customer 03930,Enterprise,North,2026-04-01,9,5214.97,29.1
3931,Customer 03931,SMB,East,2026-04-28,5,7017.49,72.6
3932,Customer 03932,Consumer,North,2026-07-30,6,9541.73,53.7
3933,Customer 03933,Consumer,West,2026-03-12,6,7200.07,58.3
3934,Customer 03934,Consumer,North,2026-04-27,7,6099.98,42.2
3935,Customer 03935,SMB,West,2026-04-25,9,14694.93,49.8
3936,Customer 03936,Consumer,South,2026-08-03,4,3846.61,81.8
3937,Customer 03937,Consumer,East,2026-06-07,5,7668.99,50.5
3938,Customer 03938,SMB,East,2026-09-12,3,233171.65000000002,94.7
3939,Customer 03939,SMB,Central,2026-09-12,5,19325.55,77.5
3940,Customer 03940,SMB,East,2026-06-07,8,10230.8,21.1
3941,Customer 03941,Consumer,Central,2026-05-18,6,19716.78,75.6
3942,Customer 03942,Consumer,North,2026-08-12,5,12454.37,47.0
3943,Customer 03943,SMB,South,2026-09-20,5,57920.979999999996,86.9
3944,Customer 03944,Consumer,Central,2026-09-16,5,11726.17,77.3
3945,Customer 03945,SMB,North,2026-08-26,8,4230.07,41.1
3946,Customer 03946,Consumer,South,2026-05-27,9,3254.68,47.6
3947,Customer 03947,Consumer,East,2026-09-30,7,94632.09,37.8
3948,Customer 03948,Consumer,East,2026-06-27,3,3226.82,77.3
3949,Customer 03949,SMB,North,2026-09-04,10,5405.88,29.1
3950,Customer 03950,Consumer,East,2026-09-08,5,201423.40999999997,77.2
3951,Customer 03951,Enterprise,North,2026-08-30,8,14337.05,35.3
3952,Customer 03952,Consumer,North,2026-09-17,7,25742.879999999997,51.9
3953,Customer 03953,Enterprise,West,2026-09-26,5,252600.67,75.4
3954,Customer 03954,Consumer,West,2026-05-17,7,27585.94,28.3
3955,Customer 03955,SMB,East,2026-06-02,6,66474.98,56.5
3956,Customer 03956,Consumer,North,2026-08-24,6,10024.17,53.5
3957,Customer 03957,Consumer,North,2026-04-07,10,2367.63,20.6
3958,Customer 03958,Consumer,Central,2026-05-25,1,6628.21,98.3
3959,Customer 03959,Consumer,South,2026-09-03,4,16307.279999999999,92.6
3960,Customer 03960,Consumer,East,2026-06-17,5,3893.74,68.2
3961,Customer 03961,Consumer,South,2026-09-14,7,97345.20000000001,55.3
3962,Customer 03962,Consumer,Central,2026-05-01,6,12767.85,44.0
3963,Customer 03963,Consumer,West,2026-04-19,2,7895.82,84.3
3964,Customer 03964,SMB,North,2026-08-13,6,25590.65,52.4
3965,Customer 03965,Consumer,Central,2026-09-20,7,27500.54,86.4
3966,Customer 03966,Enterprise,North,2026-03-23,4,14865.51,76.8
3967,Customer 03967,SMB,South,2026-08-31,9,6085.38,37.4
3968,Customer 03968,Consumer,Central,2026-04-06,6,11781.92,57.0
3969,Customer 03969,Consumer,North,2026-07-03,4,8518.32,79.0
3970,Customer 03970,Consumer,Central,2026-09-13,6,20970.5,73.5
3971,Customer 03971,SMB,South,2026-09-13,12,15574.35,22.7
3972,Customer 03972,Consumer,Central,2026-08-20,8,9517.18,47.6
3973,Customer 03973,SMB,Central,2026-05-17,4,3660.5,51.5
3974,Customer 03974,Consumer,South,2026-06-28,10,5100.96,17.7
3975,Customer 03975,Consumer,North,2026-04-07,5,10017.19,71.4
3976,Customer 03976,Consumer,North,2026-08-31,6,3011.01,57.7
3977,Customer 03977,Consumer,North,2026-07-01,8,6371.42,36.7
3978,Customer 03978,SMB,West,2026-04-15,5,9344.07,68.3
3979,Customer 03979,Consumer,South,2026-09-26,2,22561.14,91.8
3980,Customer 03980,Consumer,North,2026-04-15,3,7526.5,91.3
3981,Customer 03981,Consumer,East,2026-06-20,5,34939.46,58.9
3982,Customer 03982,Consumer,East,2026-06-09,8,10150.56,29.5
3983,Customer 03983,SMB,East,2026-05-26,2,16906.28,83.0
3984,Customer 03984,Consumer,Central,2026-05-17,7,21250.05,37.6
3985,Customer 03985,SMB,North,2026-07-02,3,5283.02,76.2
3986,Customer 03986,SMB,North,2026-09-19,8,277987.33,61.5
3987,Customer 03987,SMB,North,2026-04-05,5,15996.13,62.1
3988,Customer 03988,Consumer,East,2026-05-14,5,4181.05,62.5
3989,Customer 03989,Consumer,West,2026-08-20,5,7600.94,59.2
3990,Customer 03990,SMB,North,2026-03-08,7,3544.36,50.8
3991,Customer 03991,SMB,East,2026-06-17,11,46389.32,24.1
3992,Customer 03992,Enterprise,North,2026-06-15,11,12466.08,27.8
3993,Customer 03993,Consumer,East,2026-07-21,4,6480.08,76.0
3994,Customer 03994,Consumer,West,2026-03-09,5,9454.31,64.1
3995,Customer 03995,Consumer,West,2026-04-25,8,51159.38,50.1
3996,Customer 03996,Consumer,Central,2026-04-29,7,8771.09,58.9
3997,Customer 03997,Consumer,South,2026-07-19,9,5234.23,16.2
3998,Customer 03998,Enterprise,Central,2026-03-07,4,13218.53,79.9
3999,Customer 03999,SMB,South,2026-03-18,4,15511.01,84.9
4000,Customer 04000,Consumer,South,2026-06-24,3,7077.43,87.8
4001,Customer 04001,Consumer,West,2026-09-28,11,97264.95999999999,27.1
4002,Customer 04002,Consumer,North,2026-09-22,5,27863.48,81.3
4003,Customer 04003,Consumer,South,2026-09-26,9,76754.34,62.4
4004,Customer 04004,Consumer,Central,2026-07-17,7,19385.84,39.3
4005,Customer 04005,Consumer,Central,2026-04-21,10,25176.44,32.7
4006,Customer 04006,SMB,North,2026-08-29,9,9970.07,31.9
4007,Customer 04007,Consumer,South,2026-04-30,7,5396.06,42.5
4008,Customer 04008,Consumer,East,2026-09-08,5,31674.25,74.4
4009,Customer 04009,Consumer,North,2026-06-26,6,5523.61,72.8
4010,Customer 04010,Enterprise,Central,2026-04-24,6,16090.24,62.5
4011,Customer 04011,Consumer,West,2026-04-08,11,7656.38,23.5
4012,Customer 04012,Consumer,East,2026-04-20,4,4636.48,56.9
4013,Customer 04013,Consumer,South,2026-05-12,2,12790.88,100.0
4014,Customer 04014,Consumer,East,2026-05-14,5,26539.26,54.3
4015,Customer 04015,SMB,Central,2026-07-21,5,14632.18,54.4
4016,Customer 04016,SMB,West,2026-08-02,5,15373.83,58.6
4017,Customer 04017,Consumer,Central,2026-09-25,9,21835.71,39.1
4018,Customer 04018,Consumer,West,2026-05-14,3,5895.47,59.8
4019,Customer 04019,Consumer,East,2026-08-10,6,11294.68,43.2
4020,Customer 04020,Consumer,North,2026-03-14,4,18606.17,87.2
4021,Customer 04021,Enterprise,East,2026-05-12,4,16978.72,82.7
4022,Customer 04022,Consumer,North,2026-09-19,8,35761.26,57.0
4023,Customer 04023,Consumer,East,2026-04-12,4,1770.31,79.1
4024,Customer 04024,SMB,East,2026-08-24,4,11242.53,75.7
4025,Customer 04025,Consumer,East,2026-08-11,8,25129.11,60.5
4026,Customer 04026,Consumer,West,2026-05-22,8,5413.17,42.8
4027,Customer 04027,Consumer,East,2026-06-15,6,15759.07,51.0
4028,Customer 04028,Enterprise,East,2026-07-31,6,5468.91,73.0
4029,Customer 04029,Enterprise,East,2026-03-06,5,6682.83,44.6
4030,Customer 04030,Enterprise,Central,2026-04-08,6,10936.33,73.8
4031,Customer 04031,Consumer,Central,2026-03-06,6,10582.82,50.1
4032,Customer 04032,Consumer,North,2026-09-17,8,18965.59,48.0
4033,Customer 04033,Enterprise,North,2026-03-09,5,21104.99,58.5
4034,Customer 04034,Consumer,South,2026-03-31,4,4571.5,62.2
4035,Customer 04035,Consumer,West,2026-09-22,10,546146.03,57.4
4036,Customer 04036,Consumer,East,2026-03-24,5,13992.81,69.5
4037,Customer 04037,Consumer,Central,2026-09-26,7,58867.11,47.7
4038,Customer 04038,SMB,Central,2026-09-16,4,97735.04999999999,35.5
4039,Customer 04039,SMB,Central,2026-09-04,5,37769.76,65.1
4040,Customer 04040,SMB,Central,2026-03-05,3,6887.74,65.3
4041,Customer 04041,Consumer,South,2026-05-29,6,14375.48,85.3
4042,Customer 04042,SMB,North,2026-07-12,5,18942.99,49.9
4043,Customer 04043,SMB,Central,2026-08-30,7,17068.98,67.7
4044,Customer 04044,Consumer,North,2026-07-06,10,24889.38,23.4
4045,Customer 04045,Consumer,South,2026-07-21,7,9881.93,30.8
4046,Customer 04046,Consumer,East,2026-09-27,8,587597.43,36.9
4047,Customer 04047,SMB,West,2026-03-21,6,3881.45,70.5
4048,Customer 04048,Enterprise,East,2026-04-19,9,34891.9,14.9
4049,Customer 04049,Consumer,South,2026-03-27,7,26861.31,68.0
4050,Customer 04050,Consumer,East,2026-08-22,7,4796.35,19.0
4051,Customer 04051,Enterprise,South,2026-08-15,6,23454.27,57.7
4052,Customer 04052,Enterprise,South,2026-09-18,9,7192.18,28.2
4053,Customer 04053,SMB,West,2026-06-07,8,8774.63,8.4
4054,Customer 04054,Consumer,South,2026-04-29,6,13787.62,71.6
4055,Customer 04055,Consumer,South,2026-03-10,5,9088.42,56.4
4056,Customer 04056,Consumer,South,2026-09-02,8,11975.0,41.6
4057,Customer 04057,Consumer,North,2026-09-01,6,42178.15,58.2
4058,Customer 04058,SMB,West,2026-05-10,6,8760.37,42.0
4059,Customer 04059,Consumer,East,2026-03-12,4,17208.24,83.8
4060,Customer 04060,Consumer,East,2026-04-08,2,10653.55,71.6
4061,Customer 04061,Consumer,Central,2026-07-28,8,10368.75,36.7
4062,Customer 04062,Consumer,West,2026-07-12,4,23323.45,59.7
4063,Customer 04063,SMB,South,2026-05-25,6,8145.16,72.1
4064,Customer 04064,Consumer,West,2026-07-08,8,3257.57,40.8
4065,Customer 04065,Consumer,South,2026-05-12,10,11204.89,26.2
4066,Customer 04066,Consumer,North,2026-08-20,5,6669.37,68.2
4067,Customer 04067,Consumer,North,2026-08-15,3,5178.19,72.3
4068,Customer 04068,Consumer,North,2026-08-08,9,9549.4,37.1
4069,Customer 04069,SMB,South,2026-06-14,4,12269.64,94.2
4070,Customer 04070,Consumer,South,2026-08-13,3,12689.61,78.1
4071,Customer 04071,SMB,Central,2026-08-06,5,18015.13,57.8
4072,Customer 04072,SMB,East,2026-03-24,6,5888.56,62.1
4073,Customer 04073,SMB,North,2026-07-20,7,7374.91,33.0
4074,Customer 04074,Consumer,North,2026-03-29,7,14922.95,60.2
4075,Customer 04075,Consumer,West,2026-09-13,6,42464.82,50.3
4076,Customer 04076,Consumer,Central,2026-08-11,11,8557.69,29.6
4077,Customer 04077,Consumer,South,2026-03-29,7,18384.56,40.1
4078,Customer 04078,Enterprise,Central,2026-08-21,4,7251.16,80.2
4079,Customer 04079,SMB,East,2026-04-04,4,6483.73,91.7
4080,Customer 04080,Consumer,East,2026-09-13,7,29606.489999999998,55.2
4081,Customer 04081,Consumer,Central,2026-05-19,7,33684.82,48.7
4082,Customer 04082,Enterprise,North,2026-03-17,4,9759.79,71.7
4083,Customer 04083,Enterprise,North,2026-05-18,4,4372.17,87.2
4084,Customer 04084,SMB,South,2026-07-08,5,4412.86,61.6
4085,Customer 04085,Consumer,North,2026-09-17,10,109549.98,42.7
4086,Customer 04086,SMB,South,2026-08-04,6,12649.5,54.7
4087,Customer 04087,Consumer,North,2026-08-19,6,21594.47,75.6
4088,Customer 04088,Consumer,East,2026-03-07,6,5023.64,63.7
4089,Customer 04089,SMB,East,2026-05-18,9,3832.1,36.4
4090,Customer 04090,Consumer,North,2026-06-08,6,11037.21,51.3
4091,Customer 04091,Consumer,East,2026-07-10,4,9601.39,61.6
4092,Customer 04092,Consumer,Central,2026-09-20,5,124481.33,66.8
4093,Customer 04093,Consumer,South,2026-06-01,4,8874.56,68.4
4094,Customer 04094,Consumer,North,2026-08-09,5,7006.86,55.0
4095,Customer 04095,Enterprise,East,2026-07-30,6,5575.63,41.8
4096,Customer 04096,SMB,East,2026-05-31,4,21453.92,87.5
4097,Customer 04097,Consumer,East,2026-04-14,5,17827.94,50.7
4098,Customer 04098,Enterprise,West,2026-08-10,6,7350.57,73.4
4099,Customer 04099,Consumer,West,2026-07-23,4,11179.18,79.4
4100,Customer 04100,Consumer,North,2026-09-18,5,41496.47,76.0
4101,Customer 04101,Consumer,North,2026-09-06,6,11034.439999999999,54.8
4102,Customer 04102,Consumer,North,2026-05-23,3,18454.59,68.9
4103,Customer 04103,Consumer,North,2026-08-03,5,12188.12,59.7
4104,Customer 04104,Consumer,East,2026-04-28,11,6551.95,12.5
4105,Customer 04105,Consumer,East,2026-09-26,8,14061.33,62.9
4106,Customer 04106,Consumer,Central,2026-09-19,3,40081.4,77.5
4107,Customer 04107,Enterprise,Central,2026-05-10,11,5507.59,22.1
4108,Customer 04108,Consumer,North,2026-09-27,4,22082.29,70.8
4109,Customer 04109,SMB,East,2026-08-17,7,13726.15,62.2
4110,Customer 04110,Consumer,East,2026-05-05,4,20381.51,82.9
4111,Customer 04111,Consumer,South,2026-08-04,7,10056.8,47.5
4112,Customer 04112,Enterprise,East,2026-08-15,7,17943.12,53.3
4113,Customer 04113,Consumer,East,2026-03-16,7,1963.84,55.0
4114,Customer 04114,Consumer,North,2026-03-31,8,4686.57,47.9
4115,Customer 04115,SMB,South,2026-09-07,8,42882.91,63.6
4116,Customer 04116,Consumer,East,2026-04-06,9,2480.93,67.7
4117,Customer 04117,Consumer,North,2026-04-21,7,8449.31,34.4
4118,Customer 04118,Consumer,West,2026-09-30,6,146046.22,64.7
4119,Customer 04119,SMB,Central,2026-09-25,8,506118.03,78.1
4120,Customer 04120,SMB,North,2026-08-01,7,24595.56,47.6
4121,Customer 04121,Enterprise,West,2026-07-12,4,9577.77,93.6
4122,Customer 04122,SMB,South,2026-06-22,11,4422.38,15.7
4123,Customer 04123,Consumer,East,2026-03-14,4,1553.84,84.0
4124,Customer 04124,SMB,East,2026-09-25,6,14005.52,45.4
4125,Customer 04125,Consumer,South,2026-06-20,7,5779.88,61.8
4126,Customer 04126,Consumer,North,2026-07-30,5,33916.83,54.8
4127,Customer 04127,Consumer,East,2026-08-10,7,15435.46,44.1
4128,Customer 04128,SMB,West,2026-06-19,4,5849.1,68.1
4129,Customer 04129,Consumer,West,2026-08-10,4,14838.5,74.5
4130,Customer 04130,SMB,South,2026-05-15,7,25802.29,51.8
4131,Customer 04131,SMB,East,2026-03-06,8,16019.61,40.8
4132,Customer 04132,SMB,West,2026-09-15,9,12645.04,28.4
4133,Customer 04133,Consumer,Central,2026-05-16,2,26218.34,73.9
4134,Customer 04134,SMB,East,2026-05-21,11,2083.53,22.6
4135,Customer 04135,Consumer,East,2026-06-19,8,7656.53,37.4
4136,Customer 04136,SMB,East,2026-09-17,6,116208.34,45.4
4137,Customer 04137,Consumer,West,2026-07-28,5,9999.33,75.9
4138,Customer 04138,Consumer,South,2026-09-18,7,23736.02,55.9
4139,Customer 04139,SMB,East,2026-07-02,8,4840.34,72.4
4140,Customer 04140,Consumer,North,2026-03-21,8,25333.0,49.7
4141,Customer 04141,Enterprise,Central,2026-03-16,8,15437.92,38.2
4142,Customer 04142,Consumer,South,2026-07-07,9,9138.69,59.9
4143,Customer 04143,SMB,South,2026-07-02,6,13847.22,38.0
4144,Customer 04144,Consumer,East,2026-06-08,7,6982.07,67.4
4145,Customer 04145,Consumer,South,2026-08-26,7,15972.39,37.2
4146,Customer 04146,Consumer,West,2026-08-10,5,9706.34,65.9
4147,Customer 04147,SMB,East,2026-07-17,8,26892.71,47.8
4148,Customer 04148,SMB,East,2026-03-08,5,3536.13,75.1
4149,Customer 04149,Consumer,East,2026-04-21,6,2344.71,65.8
4150,Customer 04150,Consumer,West,2026-09-14,9,37095.31,36.6
4151,Customer 04151,Enterprise,West,2026-09-24,12,124919.54000000001,15.7
4152,Customer 04152,SMB,North,2026-08-31,7,4022.09,51.8
4153,Customer 04153,SMB,West,2026-03-11,11,3050.67,19.7
4154,Customer 04154,Consumer,North,2026-06-17,5,4349.44,41.5
4155,Customer 04155,SMB,Central,2026-04-03,6,13103.89,75.5
4156,Customer 04156,SMB,West,2026-06-22,7,31255.59,38.5
4157,Customer 04157,Consumer,West,2026-04-22,6,24465.55,55.2
4158,Customer 04158,SMB,Central,2026-06-14,9,7696.91,35.0
4159,Customer 04159,Consumer,Central,2026-07-22,6,13519.61,57.5
4160,Customer 04160,Consumer,North,2026-09-24,6,37911.009999999995,71.0
4161,Customer 04161,Consumer,North,2026-05-07,9,2755.01,14.7
4162,Customer 04162,SMB,Central,2026-09-21,6,13452.919999999998,56.2
4163,Customer 04163,Enterprise,North,2026-09-28,7,28637.25,69.1
4164,Customer 04164,Consumer,East,2026-08-01,3,60926.53,75.7
4165,Customer 04165,Consumer,West,2026-09-08,4,37246.99,66.9
4166,Customer 04166,Consumer,East,2026-04-07,9,11511.08,12.6
4167,Customer 04167,Consumer,West,2026-03-20,5,5828.39,67.8
4168,Customer 04168,Consumer,Central,2026-09-20,8,73538.08,61.5
4169,Customer 04169,SMB,South,2026-09-27,9,50045.46,32.4
4170,Customer 04170,Consumer,Central,2026-05-14,6,5543.9,52.7
4171,Customer 04171,Consumer,West,2026-07-19,6,38364.87,49.6
4172,Customer 04172,Enterprise,East,2026-03-26,4,17105.59,69.0
4173,Customer 04173,Consumer,North,2026-09-15,7,12472.98,43.3
4174,Customer 04174,Consumer,North,2026-05-10,8,9424.11,51.4
4175,Customer 04175,Enterprise,East,2026-09-29,5,28283.199999999997,83.9
4176,Customer 04176,SMB,West,2026-08-16,5,8653.51,68.6
4177,Customer 04177,Enterprise,West,2026-05-25,6,3443.71,58.8
4178,Customer 04178,Consumer,South,2026-03-30,5,7733.44,62.4
4179,Customer 04179,Consumer,East,2026-08-04,6,4792.49,82.9
4180,Customer 04180,SMB,East,2026-09-15,4,73294.81,100.0
4181,Customer 04181,Consumer,Central,2026-07-24,3,16384.24,75.0
4182,Customer 04182,SMB,West,2026-03-27,4,6926.43,78.6
4183,Customer 04183,Consumer,Central,2026-04-03,4,6363.81,87.0
4184,Customer 04184,SMB,South,2026-08-17,5,6090.29,70.5
4185,Customer 04185,Consumer,South,2026-09-21,8,61075.75,34.0
4186,Customer 04186,Consumer,West,2026-06-07,7,4373.83,35.2
4187,Customer 04187,Consumer,East,2026-06-24,5,20943.05,59.8
4188,Customer 04188,SMB,Central,2026-08-26,3,2064.47,80.2
4189,Customer 04189,Consumer,North,2026-03-21,9,15134.57,66.3
4190,Customer 04190,SMB,East,2026-06-17,6,29070.73,30.2
4191,Customer 04191,Consumer,North,2026-05-10,3,4575.32,87.9
4192,Customer 04192,Consumer,North,2026-09-04,5,22433.579999999998,72.5
4193,Customer 04193,Consumer,East,2026-03-08,5,4664.47,74.5
4194,Customer 04194,Consumer,East,2026-09-18,8,14224.630000000001,54.3
4195,Customer 04195,SMB,East,2026-09-30,10,39250.06,24.8
4196,Customer 04196,SMB,West,2026-03-25,8,8065.71,45.7
4197,Customer 04197,Consumer,South,2026-09-09,11,18875.98,27.4
4198,Customer 04198,Consumer,South,2026-03-26,7,14055.29,38.0
4199,Customer 04199,Enterprise,North,2026-07-26,8,14573.11,37.3
4200,Customer 04200,Consumer,South,2026-09-06,4,78085.97,92.2
4201,Customer 04201,Consumer,East,2026-04-09,5,9993.68,62.3
4202,Customer 04202,Consumer,North,2026-03-09,1,18983.9,100.0
4203,Customer 04203,Consumer,East,2026-09-09,12,71134.52,23.0
4204,Customer 04204,SMB,Central,2026-04-13,7,25116.69,68.4
4205,Customer 04205,Consumer,North,2026-03-07,5,4303.98,44.1
4206,Customer 04206,Consumer,West,2026-08-30,3,10598.86,70.2
4207,Customer 04207,Consumer,North,2026-05-17,4,4652.36,75.6
4208,Customer 04208,Consumer,West,2026-09-17,10,13858.640000000001,41.5
4209,Customer 04209,Consumer,West,2026-05-16,10,12919.97,25.3
4210,Customer 04210,Consumer,Central,2026-05-26,2,6608.21,71.9
4211,Customer 04211,SMB,North,2026-06-28,8,8222.72,48.1
4212,Customer 04212,SMB,Central,2026-07-28,6,16458.95,74.8
4213,Customer 04213,Consumer,North,2026-04-27,2,20245.35,77.1
4214,Customer 04214,SMB,North,2026-06-27,4,11465.6,57.4
4215,Customer 04215,Consumer,East,2026-03-13,5,6150.25,51.5
4216,Customer 04216,Consumer,West,2026-09-22,10,90323.25,46.1
4217,Customer 04217,SMB,West,2026-04-08,8,11747.81,59.2
4218,Customer 04218,Enterprise,West,2026-05-15,11,19594.2,37.8
4219,Customer 04219,Enterprise,Central,2026-06-06,2,4734.69,91.8
4220,Customer 04220,SMB,South,2026-03-06,3,16406.56,79.3
4221,Customer 04221,Consumer,East,2026-03-19,5,15139.78,82.5
4222,Customer 04222,SMB,Central,2026-06-14,9,1881.74,33.8
4223,Customer 04223,SMB,East,2026-08-26,7,35914.09,50.5
4224,Customer 04224,Consumer,West,2026-08-01,5,8188.32,67.2
4225,Customer 04225,Enterprise,East,2026-03-29,8,40672.39,29.9
4226,Customer 04226,SMB,North,2026-07-26,8,6730.05,48.8
4227,Customer 04227,SMB,North,2026-09-19,7,13363.759999999998,49.2
4228,Customer 04228,Consumer,Central,2026-04-27,5,4935.0,86.0
4229,Customer 04229,Consumer,Central,2026-06-30,7,11184.97,57.2
4230,Customer 04230,SMB,Central,2026-09-28,7,31831.910000000003,55.7
4231,Customer 04231,Consumer,East,2026-07-22,4,33593.57,61.2
4232,Customer 04232,Consumer,Central,2026-09-28,7,32882.55,50.2
4233,Customer 04233,Consumer,East,2026-09-20,9,19903.6,46.5
4234,Customer 04234,Consumer,Central,2026-07-03,7,11324.01,50.0
4235,Customer 04235,Enterprise,Central,2026-07-10,6,6525.12,41.2
4236,Customer 04236,Consumer,East,2026-05-01,6,7751.69,55.5
4237,Customer 04237,Consumer,Central,2026-09-26,7,16146.82,64.8
4238,Customer 04238,Consumer,Central,2026-03-26,8,7636.14,53.6
4239,Customer 04239,Consumer,West,2026-05-12,5,8420.19,60.4
4240,Customer 04240,SMB,Central,2026-05-03,4,12543.33,76.2
4241,Customer 04241,Consumer,East,2026-09-25,5,65960.31,62.1
4242,Customer 04242,Consumer,Central,2026-09-27,11,56949.85,18.0
4243,Customer 04243,Enterprise,East,2026-08-24,5,7401.25,55.9
4244,Customer 04244,Consumer,South,2026-04-10,11,3427.99,27.4
4245,Customer 04245,Consumer,Central,2026-08-03,8,1689.23,30.6
4246,Customer 04246,Consumer,Central,2026-05-09,9,6495.23,40.5
4247,Customer 04247,Consumer,Central,2026-03-30,5,5249.35,84.0
4248,Customer 04248,Consumer,South,2026-07-21,5,54181.57,65.9
4249,Customer 04249,Consumer,Central,2026-05-14,7,3589.6,48.1
4250,Customer 04250,Consumer,South,2026-04-18,3,17458.49,81.6
4251,Customer 04251,Consumer,East,2026-06-10,5,5234.7,64.4
4252,Customer 04252,Consumer,East,2026-09-26,5,28407.54,76.1
4253,Customer 04253,Consumer,South,2026-07-06,4,9474.16,58.1
4254,Customer 04254,Consumer,West,2026-09-27,8,17438.66,68.6
4255,Customer 04255,SMB,West,2026-07-02,6,9209.13,35.4
4256,Customer 04256,Consumer,East,2026-08-04,8,4052.76,49.2
4257,Customer 04257,Consumer,Central,2026-08-24,5,5294.12,69.4
4258,Customer 04258,Consumer,East,2026-05-04,3,18185.16,65.0
4259,Customer 04259,SMB,West,2026-06-28,6,14410.24,29.3
4260,Customer 04260,Consumer,North,2026-09-09,11,10403.64,17.5
4261,Customer 04261,SMB,East,2026-03-30,4,5486.2,79.7
4262,Customer 04262,Enterprise,Central,2026-03-29,8,9952.48,42.7
4263,Customer 04263,Consumer,South,2026-04-04,5,6846.79,63.9
4264,Customer 04264,Consumer,South,2026-04-25,8,12002.37,57.4
4265,Customer 04265,Consumer,North,2026-09-08,12,7732.22,20.3
4266,Customer 04266,SMB,South,2026-05-15,9,5452.1,16.4
4267,Customer 04267,Consumer,North,2026-06-18,6,20139.52,42.8
4268,Customer 04268,Consumer,East,2026-09-22,11,348244.55,24.9
4269,Customer 04269,SMB,West,2026-05-02,4,4430.18,61.9
4270,Customer 04270,SMB,South,2026-07-14,6,6033.73,43.9
4271,Customer 04271,Consumer,North,2026-09-06,7,28679.96,44.4
4272,Customer 04272,Enterprise,Central,2026-04-21,8,13469.12,46.0
4273,Customer 04273,Consumer,South,2026-05-25,7,6643.2,29.8
4274,Customer 04274,Consumer,East,2026-04-28,8,11169.64,38.2
4275,Customer 04275,Consumer,West,2026-03-27,7,7436.22,58.5
4276,Customer 04276,Consumer,Central,2026-08-09,5,5497.39,69.6
4277,Customer 04277,Consumer,Central,2026-09-12,9,27809.61,52.8
4278,Customer 04278,Consumer,Central,2026-09-07,10,19635.26,12.1
4279,Customer 04279,SMB,Central,2026-06-02,6,23046.31,60.4
4280,Customer 04280,Consumer,Central,2026-03-12,4,19611.18,63.2
4281,Customer 04281,Consumer,North,2026-09-15,4,142139.68,77.8
4282,Customer 04282,Consumer,East,2026-07-18,4,2793.14,80.2
4283,Customer 04283,Consumer,East,2026-06-14,6,43298.97,59.4
4284,Customer 04284,Enterprise,North,2026-08-13,9,5921.37,48.3
4285,Customer 04285,Consumer,North,2026-06-26,3,3883.79,59.1
4286,Customer 04286,Consumer,North,2026-04-07,4,14066.69,74.5
4287,Customer 04287,SMB,South,2026-08-11,4,7190.64,95.6
4288,Customer 04288,Enterprise,East,2026-05-11,11,7630.03,22.7
4289,Customer 04289,Enterprise,West,2026-07-26,7,12956.46,25.9
4290,Customer 04290,Consumer,South,2026-04-26,5,9588.93,56.4
4291,Customer 04291,Consumer,North,2026-05-03,4,4452.28,70.9
4292,Customer 04292,Consumer,Central,2026-09-29,7,35552.96,57.1
4293,Customer 04293,Consumer,East,2026-06-09,2,3463.48,100.0
4294,Customer 04294,Consumer,West,2026-07-06,8,6139.51,72.9
4295,Customer 04295,Consumer,North,2026-05-08,7,21412.39,44.6
4296,Customer 04296,Enterprise,Central,2026-09-27,9,25333.39,46.0
4297,Customer 04297,Enterprise,East,2026-07-30,4,18192.32,68.6
4298,Customer 04298,SMB,North,2026-09-27,5,98224.5,71.3
4299,Customer 04299,SMB,Central,2026-09-07,6,31675.29,51.9
4300,Customer 04300,SMB,South,2026-09-06,6,108856.65,61.3
4301,Customer 04301,Consumer,East,2026-08-24,4,16157.96,74.4
4302,Customer 04302,Consumer,North,2026-09-15,2,26322.02,100.0
4303,Customer 04303,Consumer,West,2026-04-22,5,7033.24,55.6
4304,Customer 04304,SMB,Central,2026-09-27,7,76712.43000000001,56.3
4305,Customer 04305,Consumer,West,2026-04-28,7,9789.64,43.1
4306,Customer 04306,Consumer,East,2026-09-13,5,54594.1,69.4
4307,Customer 04307,Consumer,North,2026-09-20,9,138079.61,65.4
4308,Customer 04308,Consumer,North,2026-05-22,3,3148.96,85.8
4309,Customer 04309,Consumer,East,2026-03-26,8,3341.96,38.5
4310,Customer 04310,Consumer,North,2026-07-14,5,19503.81,53.3
4311,Customer 04311,Consumer,Central,2026-09-09,4,47606.42,62.3
4312,Customer 04312,Enterprise,East,2026-06-11,6,13915.14,68.7
4313,Customer 04313,Enterprise,West,2026-04-03,4,44702.91,76.8
4314,Customer 04314,SMB,Central,2026-07-30,6,19891.58,65.7
4315,Customer 04315,SMB,East,2026-08-21,8,22155.41,23.0
4316,Customer 04316,Consumer,West,2026-05-03,7,11256.59,35.1
4317,Customer 04317,SMB,South,2026-07-15,5,7482.41,61.8
4318,Customer 04318,Consumer,South,2026-05-21,4,16271.16,78.1
4319,Customer 04319,Consumer,South,2026-09-24,8,168680.25999999998,48.5
4320,Customer 04320,Consumer,Central,2026-09-22,7,54161.3,48.7
4321,Customer 04321,Consumer,East,2026-09-17,6,23612.24,49.6
4322,Customer 04322,Consumer,East,2026-03-31,9,5857.29,44.1
4323,Customer 04323,SMB,East,2026-09-13,4,24213.87,66.1
4324,Customer 04324,Consumer,East,2026-07-29,5,9172.15,73.6
4325,Customer 04325,Consumer,East,2026-07-21,7,15774.78,42.7
4326,Customer 04326,Consumer,Central,2026-07-19,4,5880.07,71.8
4327,Customer 04327,Consumer,East,2026-04-17,5,6755.41,66.8
4328,Customer 04328,Enterprise,Central,2026-03-28,3,9857.45,83.4
4329,Customer 04329,Enterprise,West,2026-08-22,7,9934.78,63.1
4330,Customer 04330,SMB,Central,2026-05-18,12,3062.26,36.9
4331,Customer 04331,Consumer,Central,2026-04-25,8,10296.14,36.3
4332,Customer 04332,SMB,Central,2026-09-04,6,302621.94,62.1
4333,Customer 04333,SMB,South,2026-09-11,5,46227.369999999995,77.9
4334,Customer 04334,Consumer,North,2026-06-11,5,22118.05,84.4
4335,Customer 04335,Consumer,Central,2026-09-27,5,532479.74,84.9
4336,Customer 04336,Consumer,North,2026-09-23,3,31830.75,89.6
4337,Customer 04337,Consumer,South,2026-04-25,8,4559.01,53.0
4338,Customer 04338,SMB,West,2026-06-23,5,6272.78,70.0
4339,Customer 04339,Consumer,East,2026-05-27,6,15317.19,47.5
4340,Customer 04340,Enterprise,Central,2026-09-25,9,112768.47,58.7
4341,Customer 04341,Consumer,Central,2026-09-17,5,25744.800000000003,78.4
4342,Customer 04342,Consumer,North,2026-05-03,10,8721.61,29.2
4343,Customer 04343,Consumer,West,2026-09-19,4,16967.75,83.0
4344,Customer 04344,Consumer,South,2026-07-01,12,8796.67,10.7
4345,Customer 04345,Consumer,West,2026-06-30,7,16598.28,52.4
4346,Customer 04346,Consumer,West,2026-07-01,6,23393.41,50.8
4347,Customer 04347,Consumer,Central,2026-08-15,8,10386.28,28.7
4348,Customer 04348,Consumer,Central,2026-07-05,6,3551.55,43.6
4349,Customer 04349,Consumer,East,2026-07-30,7,2040.18,42.8
4350,Customer 04350,Consumer,West,2026-03-24,3,4688.64,73.6
4351,Customer 04351,SMB,West,2026-09-24,11,47595.020000000004,37.1
4352,Customer 04352,Consumer,North,2026-08-29,6,12115.83,53.5
4353,Customer 04353,Consumer,East,2026-09-27,6,72858.48,60.8
4354,Customer 04354,SMB,East,2026-09-07,7,48182.1,64.0
4355,Customer 04355,SMB,West,2026-06-07,4,13917.53,73.0
4356,Customer 04356,Enterprise,West,2026-07-08,5,23045.17,63.8
4357,Customer 04357,Consumer,East,2026-09-14,9,16351.220000000001,50.4
4358,Customer 04358,Enterprise,North,2026-08-15,9,14759.9,24.4
4359,Customer 04359,Consumer,North,2026-09-23,5,10112.61,74.0
4360,Customer 04360,Enterprise,North,2026-05-14,4,16561.75,51.1
4361,Customer 04361,Enterprise,West,2026-08-29,4,6360.21,80.5
4362,Customer 04362,Consumer,South,2026-09-25,8,39849.37,32.1
4363,Customer 04363,SMB,North,2026-05-17,8,7434.16,37.9
4364,Customer 04364,Consumer,North,2026-09-14,6,27829.83,49.2
4365,Customer 04365,Consumer,Central,2026-08-30,4,10293.53,81.7
4366,Customer 04366,SMB,West,2026-04-29,4,9445.2,70.0
4367,Customer 04367,SMB,Central,2026-09-07,6,104062.85,55.7
4368,Customer 04368,Consumer,North,2026-03-17,6,13074.98,49.8
4369,Customer 04369,Consumer,East,2026-07-26,7,4445.94,61.9
4370,Customer 04370,SMB,North,2026-04-29,9,13329.66,36.4
4371,Customer 04371,Consumer,North,2026-04-07,3,8392.28,79.4
4372,Customer 04372,SMB,West,2026-08-04,9,22331.8,45.0
4373,Customer 04373,Consumer,South,2026-09-30,9,15366.09,43.0
4374,Customer 04374,Consumer,East,2026-08-01,10,7513.93,33.8
4375,Customer 04375,SMB,South,2026-09-23,5,9913.34,75.2
4376,Customer 04376,Consumer,South,2026-08-04,9,8886.8,33.1
4377,Customer 04377,Consumer,Central,2026-09-30,8,20295.3,48.1
4378,Customer 04378,Consumer,North,2026-09-14,8,18117.32,32.1
4379,Customer 04379,Consumer,Central,2026-09-05,6,119483.28,90.7
4380,Customer 04380,Consumer,South,2026-09-14,7,10864.6,49.8
4381,Customer 04381,Consumer,East,2026-03-14,8,5686.47,41.0
4382,Customer 04382,Consumer,West,2026-04-22,5,10281.06,75.9
4383,Customer 04383,SMB,North,2026-04-12,5,8880.56,62.4
4384,Customer 04384,Consumer,West,2026-09-08,6,11055.71,72.1
4385,Customer 04385,Consumer,North,2026-09-07,9,22999.98,32.4
4386,Customer 04386,Consumer,North,2026-04-04,10,5738.14,33.9
4387,Customer 04387,Consumer,North,2026-07-01,7,8622.03,37.2
4388,Customer 04388,Consumer,South,2026-04-23,4,4679.38,75.2
4389,Customer 04389,Consumer,South,2026-09-08,7,19480.09,72.0
4390,Customer 04390,Consumer,East,2026-05-30,7,16329.77,56.9
4391,Customer 04391,Consumer,Central,2026-04-13,5,12195.39,43.5
4392,Customer 04392,Consumer,South,2026-08-31,7,21094.97,53.4
4393,Customer 04393,SMB,West,2026-09-18,8,28549.99,58.5
4394,Customer 04394,Consumer,West,2026-05-30,7,27289.18,46.1
4395,Customer 04395,Enterprise,East,2026-05-01,8,11037.68,66.5
4396,Customer 04396,SMB,East,2026-04-21,4,7190.99,82.4
4397,Customer 04397,SMB,North,2026-09-29,6,50184.57,54.2
4398,Customer 04398,Consumer,North,2026-09-07,8,50262.100000000006,49.7
4399,Customer 04399,Enterprise,Central,2026-04-22,12,15724.25,13.8
4400,Customer 04400,Consumer,East,2026-09-04,4,45622.82,84.2
4401,Customer 04401,SMB,North,2026-04-24,3,4433.73,83.8
4402,Customer 04402,Enterprise,Central,2026-09-23,8,18536.010000000002,55.8
4403,Customer 04403,Consumer,Central,2026-06-01,4,10325.45,94.8
4404,Customer 04404,SMB,East,2026-09-23,6,37018.450000000004,69.3
4405,Customer 04405,Consumer,South,2026-03-31,6,17337.62,60.0
4406,Customer 04406,Consumer,South,2026-07-20,7,53176.15,67.2
4407,Customer 04407,SMB,East,2026-05-26,4,9339.04,99.1
4408,Customer 04408,Consumer,West,2026-04-19,5,19149.74,56.7
4409,Customer 04409,Consumer,West,2026-03-30,5,12996.9,65.5
4410,Customer 04410,Enterprise,Central,2026-03-22,6,3390.54,48.2
4411,Customer 04411,Consumer,Central,2026-05-11,3,19808.7,83.2
4412,Customer 04412,Consumer,West,2026-03-14,4,4965.33,77.9
4413,Customer 04413,Consumer,North,2026-05-12,8,21643.55,47.9
4414,Customer 04414,Consumer,West,2026-08-17,7,13560.88,45.8
4415,Customer 04415,Consumer,North,2026-04-12,6,6049.99,63.3
4416,Customer 04416,Consumer,West,2026-06-23,9,30148.54,42.3
4417,Customer 04417,Enterprise,Central,2026-04-30,5,3956.24,59.4
4418,Customer 04418,Consumer,South,2026-03-12,7,8311.8,65.3
4419,Customer 04419,Consumer,North,2026-03-25,5,10202.09,64.4
4420,Customer 04420,Consumer,West,2026-04-19,9,5092.79,31.6
4421,Customer 04421,Consumer,South,2026-04-23,2,9643.39,88.1
4422,Customer 04422,SMB,Central,2026-04-27,5,5000.64,73.0
4423,Customer 04423,Consumer,West,2026-07-20,2,35021.54,76.1
4424,Customer 04424,SMB,West,2026-03-18,5,26167.28,78.1
4425,Customer 04425,Enterprise,East,2026-03-22,7,2101.9,52.5
4426,Customer 04426,Consumer,West,2026-07-14,9,8688.07,25.9
4427,Customer 04427,Consumer,North,2026-07-01,4,30612.59,59.9
4428,Customer 04428,Consumer,Central,2026-07-03,12,51880.44,4.6
4429,Customer 04429,Consumer,South,2026-05-26,4,15944.67,64.1
4430,Customer 04430,SMB,Central,2026-09-28,5,50959.7,69.0
4431,Customer 04431,Consumer,West,2026-05-09,6,16440.13,57.0
4432,Customer 04432,Consumer,Central,2026-09-27,11,259147.65,47.0
4433,Customer 04433,Consumer,East,2026-04-10,6,40159.82,77.3
4434,Customer 04434,SMB,Central,2026-07-28,5,10877.98,61.9
4435,Customer 04435,Consumer,South,2026-09-30,9,28952.0,53.1
4436,Customer 04436,Consumer,North,2026-08-06,11,4161.86,19.5
4437,Customer 04437,Consumer,West,2026-05-16,13,9844.03,0.0
4438,Customer 04438,SMB,Central,2026-03-21,4,5903.29,79.9
4439,Customer 04439,SMB,Central,2026-05-13,9,10498.96,18.3
4440,Customer 04440,Consumer,East,2026-09-12,4,239937.79,85.6
4441,Customer 04441,Consumer,North,2026-08-04,7,25205.45,52.9
4442,Customer 04442,Enterprise,West,2026-06-04,4,2506.93,93.7
4443,Customer 04443,Enterprise,North,2026-06-30,5,27399.55,60.9
4444,Customer 04444,Consumer,East,2026-09-20,6,97690.47,57.0
4445,Customer 04445,SMB,East,2026-09-17,9,92260.86,37.4
4446,Customer 04446,Consumer,South,2026-09-05,7,25276.870000000003,63.0
4447,Customer 04447,Consumer,North,2026-06-23,14,2521.86,15.7
4448,Customer 04448,Consumer,Central,2026-03-25,6,3331.25,40.5
4449,Customer 04449,Consumer,Central,2026-09-14,8,10928.45,57.1
4450,Customer 04450,Consumer,West,2026-08-23,3,17219.42,79.4
4451,Customer 04451,SMB,East,2026-08-27,7,33286.67,58.7
4452,Customer 04452,Consumer,South,2026-03-17,6,10401.16,54.1
4453,Customer 04453,Consumer,South,2026-03-07,6,8063.84,54.9
4454,Customer 04454,Consumer,Central,2026-06-23,3,17095.57,87.8
4455,Customer 04455,SMB,South,2026-08-06,5,16093.11,61.5
4456,Customer 04456,SMB,West,2026-08-28,7,2288.81,48.3
4457,Customer 04457,SMB,North,2026-09-21,3,26538.58,92.7
4458,Customer 04458,Consumer,North,2026-08-23,8,25584.59,37.4
4459,Customer 04459,Enterprise,North,2026-09-12,6,7705.67,62.9
4460,Customer 04460,Consumer,South,2026-07-05,6,10535.55,31.4
4461,Customer 04461,Consumer,South,2026-08-01,7,8221.13,54.4
4462,Customer 04462,Enterprise,Central,2026-08-24,6,10635.33,65.4
4463,Customer 04463,Consumer,Central,2026-07-06,6,28589.62,69.4
4464,Customer 04464,SMB,Central,2026-09-24,5,20287.52,81.9
4465,Customer 04465,Enterprise,North,2026-05-21,6,4388.41,59.2
4466,Customer 04466,Consumer,North,2026-03-26,5,15012.71,86.1
4467,Customer 04467,SMB,Central,2026-03-17,4,8919.81,86.1
4468,Customer 04468,Enterprise,East,2026-04-03,4,8693.58,67.1
4469,Customer 04469,Consumer,East,2026-04-23,4,8146.51,59.8
4470,Customer 04470,Consumer,East,2026-06-19,8,19800.95,35.2
4471,Customer 04471,SMB,West,2026-05-20,2,14803.47,100.0
4472,Customer 04472,Consumer,West,2026-06-24,8,2816.77,55.1
4473,Customer 04473,SMB,East,2026-06-30,4,24498.56,47.8
4474,Customer 04474,Consumer,East,2026-03-24,9,15948.97,38.0
4475,Customer 04475,Consumer,South,2026-08-06,6,15545.75,78.1
4476,Customer 04476,Consumer,East,2026-06-16,7,6126.48,56.9
4477,Customer 04477,SMB,South,2026-06-15,3,7824.45,64.4
4478,Customer 04478,Consumer,East,2026-05-19,4,61754.64,81.2
4479,Customer 04479,SMB,East,2026-08-01,6,8297.74,49.6
4480,Customer 04480,SMB,West,2026-07-03,7,23928.19,58.7
4481,Customer 04481,Consumer,Central,2026-09-23,11,81738.37000000001,41.2
4482,Customer 04482,Consumer,South,2026-05-21,5,13784.19,57.1
4483,Customer 04483,Consumer,West,2026-05-05,9,24258.1,43.5
4484,Customer 04484,SMB,South,2026-07-13,3,6589.51,87.2
4485,Customer 04485,Consumer,North,2026-09-30,9,95264.1,40.7
4486,Customer 04486,SMB,East,2026-06-21,6,17952.7,71.5
4487,Customer 04487,Enterprise,East,2026-08-05,5,4967.99,73.0
4488,Customer 04488,Consumer,South,2026-09-26,9,15073.91,42.8
4489,Customer 04489,Consumer,Central,2026-07-03,4,8591.72,82.3
4490,Customer 04490,Consumer,South,2026-08-31,5,13888.22,58.2
4491,Customer 04491,Consumer,West,2026-05-31,8,9854.76,54.3
4492,Customer 04492,SMB,South,2026-07-21,5,12907.91,72.4
4493,Customer 04493,Consumer,East,2026-07-19,4,11355.99,66.1
4494,Customer 04494,Consumer,West,2026-09-23,5,324249.98,80.0
4495,Customer 04495,SMB,West,2026-09-20,8,92145.99,52.9
4496,Customer 04496,SMB,North,2026-04-20,6,16377.0,50.2
4497,Customer 04497,Consumer,North,2026-09-16,7,22049.82,37.9
4498,Customer 04498,Consumer,West,2026-06-08,7,10535.48,58.8
4499,Customer 04499,SMB,Central,2026-09-21,3,66061.81,93.7
4500,Customer 04500,Enterprise,East,2026-05-23,8,11157.22,32.3
4501,Customer 04501,Consumer,West,2026-05-31,6,5063.97,60.6
4502,Customer 04502,Enterprise,East,2026-04-13,6,16940.19,43.6
4503,Customer 04503,Consumer,Central,2026-03-19,5,10580.98,85.2
4504,Customer 04504,Consumer,Central,2026-07-16,4,23381.92,87.2
4505,Customer 04505,Consumer,Central,2026-09-05,10,325341.05,50.0
4506,Customer 04506,Consumer,East,2026-09-27,6,61511.6,56.6
4507,Customer 04507,Consumer,West,2026-06-21,5,4337.18,74.8
4508,Customer 04508,SMB,South,2026-07-02,4,5693.21,65.5
4509,Customer 04509,Consumer,South,2026-08-29,10,8841.18,35.7
4510,Customer 04510,Consumer,South,2026-09-26,10,15968.529999999999,33.0
4511,Customer 04511,SMB,South,2026-04-04,9,3701.45,44.4
4512,Customer 04512,Consumer,North,2026-09-30,9,150561.55,33.7
4513,Customer 04513,Consumer,East,2026-06-21,7,8223.85,31.3
4514,Customer 04514,SMB,East,2026-08-11,7,4585.78,35.5
4515,Customer 04515,Consumer,Central,2026-03-10,8,14989.07,64.2
4516,Customer 04516,Consumer,East,2026-03-08,7,8050.21,57.1
4517,Customer 04517,SMB,East,2026-07-07,6,22474.73,33.6
4518,Customer 04518,Consumer,Central,2026-03-23,3,16277.16,67.8
4519,Customer 04519,Consumer,North,2026-07-12,4,5964.85,67.9
4520,Customer 04520,Consumer,Central,2026-05-27,4,18585.07,61.1
4521,Customer 04521,Consumer,West,2026-03-29,1,6935.66,95.1
4522,Customer 04522,SMB,East,2026-09-30,11,53691.32,49.9
4523,Customer 04523,SMB,South,2026-09-08,5,56138.51,45.4
4524,Customer 04524,SMB,East,2026-04-08,6,15617.09,61.1
4525,Customer 04525,SMB,East,2026-05-22,5,23237.68,53.6
4526,Customer 04526,Consumer,South,2026-04-24,4,9453.58,72.6
4527,Customer 04527,SMB,Central,2026-07-05,9,16557.88,40.1
4528,Customer 04528,Consumer,South,2026-06-18,8,5784.98,49.3
4529,Customer 04529,Consumer,East,2026-09-16,6,152032.09,74.9
4530,Customer 04530,Enterprise,East,2026-09-05,7,13982.58,63.9
4531,Customer 04531,Consumer,Central,2026-04-09,2,43855.03,93.7
4532,Customer 04532,Consumer,North,2026-05-19,6,6377.09,56.0
4533,Customer 04533,Enterprise,West,2026-03-11,5,9584.6,62.1
4534,Customer 04534,Consumer,Central,2026-04-30,9,8866.87,42.7
4535,Customer 04535,Enterprise,West,2026-09-07,6,209582.07,67.8
4536,Customer 04536,Consumer,East,2026-04-13,8,24247.31,32.9
4537,Customer 04537,Consumer,East,2026-05-23,3,4592.77,78.6
4538,Customer 04538,Consumer,Central,2026-06-01,4,11216.7,74.4
4539,Customer 04539,SMB,Central,2026-09-16,8,118694.41,64.7
4540,Customer 04540,Consumer,East,2026-06-17,7,10908.76,64.1
4541,Customer 04541,SMB,West,2026-08-11,8,9791.81,57.9
4542,Customer 04542,Consumer,North,2026-09-28,10,369368.26,23.7
4543,Customer 04543,Consumer,Central,2026-09-23,6,64823.69,45.4
4544,Customer 04544,Consumer,South,2026-09-04,4,29919.07,88.3
4545,Customer 04545,Consumer,East,2026-09-29,7,30719.21,64.1
4546,Customer 04546,Consumer,East,2026-09-04,5,81902.18000000001,41.3
4547,Customer 04547,Consumer,North,2026-09-14,12,73503.59999999999,33.7
4548,Customer 04548,Consumer,North,2026-06-23,9,15758.37,34.8
4549,Customer 04549,Consumer,West,2026-05-17,8,7746.33,51.9
4550,Customer 04550,Consumer,East,2026-03-07,4,38908.06,88.0
4551,Customer 04551,Consumer,North,2026-09-20,6,311689.11000000004,77.0
4552,Customer 04552,Consumer,South,2026-06-26,3,9565.37,87.1
4553,Customer 04553,SMB,East,2026-06-03,5,24158.68,55.1
4554,Customer 04554,Consumer,East,2026-06-04,8,4888.1,17.4
4555,Customer 04555,SMB,East,2026-08-08,4,6959.2,94.5
4556,Customer 04556,Consumer,South,2026-09-11,8,15047.779999999999,52.2
4557,Customer 04557,Consumer,North,2026-09-12,4,40564.06,74.7
4558,Customer 04558,Consumer,South,2026-09-19,6,53700.9,64.8
4559,Customer 04559,Consumer,South,2026-09-08,10,47332.1,40.7
4560,Customer 04560,Consumer,Central,2026-09-27,10,150006.83,37.2
4561,Customer 04561,Enterprise,Central,2026-04-04,6,19652.31,49.3
4562,Customer 04562,SMB,North,2026-09-04,6,442344.61,92.5
4563,Customer 04563,SMB,North,2026-03-19,5,28769.63,72.0
4564,Customer 04564,Enterprise,South,2026-09-22,9,26080.47,57.9
4565,Customer 04565,Enterprise,East,2026-09-06,6,68444.8,83.0
4566,Customer 04566,Consumer,West,2026-09-01,6,202450.22,66.8
4567,Customer 04567,SMB,East,2026-09-02,6,225715.69,83.6
4568,Customer 04568,Enterprise,North,2026-07-27,4,2859.97,64.7
4569,Customer 04569,SMB,South,2026-09-13,9,15904.3,37.4
4570,Customer 04570,Consumer,East,2026-07-18,6,6948.11,65.1
4571,Customer 04571,Consumer,Central,2026-08-23,6,17007.18,48.9
4572,Customer 04572,SMB,North,2026-06-23,6,19156.77,59.9
4573,Customer 04573,Consumer,West,2026-08-13,6,7786.92,54.3
4574,Customer 04574,Consumer,Central,2026-06-19,3,7168.33,77.0
4575,Customer 04575,Enterprise,South,2026-09-23,7,3499.9900000000002,50.8
4576,Customer 04576,Consumer,East,2026-09-26,4,5558.71,68.3
4577,Customer 04577,Consumer,Central,2026-07-26,7,25044.5,48.8
4578,Customer 04578,Consumer,South,2026-05-10,9,8668.11,46.8
4579,Customer 04579,Consumer,Central,2026-05-19,9,9767.05,44.0
4580,Customer 04580,Consumer,North,2026-07-20,8,9883.41,31.0
4581,Customer 04581,Consumer,South,2026-06-29,2,2990.3,92.1
4582,Customer 04582,Consumer,East,2026-03-16,6,15546.24,44.4
4583,Customer 04583,SMB,South,2026-06-02,9,2579.12,49.4
4584,Customer 04584,SMB,South,2026-07-14,6,11860.41,72.9
4585,Customer 04585,Consumer,East,2026-03-14,6,26319.95,53.6
4586,Customer 04586,SMB,West,2026-09-29,7,14086.029999999999,58.9
4587,Customer 04587,Consumer,South,2026-08-12,4,5643.74,65.0
4588,Customer 04588,Enterprise,North,2026-04-30,7,22897.52,46.1
4589,Customer 04589,Consumer,South,2026-09-29,3,21982.52,89.5
4590,Customer 04590,Consumer,Central,2026-04-08,6,10411.46,37.0
4591,Customer 04591,Consumer,North,2026-03-24,6,22179.59,50.7
4592,Customer 04592,SMB,North,2026-09-20,8,19096.9,40.5
4593,Customer 04593,Consumer,East,2026-05-02,8,5889.38,45.4
4594,Customer 04594,SMB,West,2026-09-08,11,24079.129999999997,20.8
4595,Customer 04595,Consumer,South,2026-06-23,11,4772.18,23.1
4596,Customer 04596,Consumer,Central,2026-05-21,3,3412.14,100.0
4597,Customer 04597,Consumer,West,2026-09-27,7,16332.439999999999,52.8
4598,Customer 04598,SMB,West,2026-09-14,11,10893.099999999999,57.7
4599,Customer 04599,Consumer,South,2026-08-10,7,7288.23,58.2
4600,Customer 04600,Consumer,North,2026-06-26,6,3345.27,50.3
4601,Customer 04601,Consumer,East,2026-08-23,4,11405.17,74.2
4602,Customer 04602,Consumer,North,2026-04-15,11,1981.12,13.4
4603,Customer 04603,Consumer,West,2026-09-09,11,43933.2,23.7
4604,Customer 04604,SMB,South,2026-06-16,8,38525.09,43.4
4605,Customer 04605,SMB,North,2026-06-06,9,39564.65,39.3
4606,Customer 04606,SMB,South,2026-09-20,7,49032.04,58.2
4607,Customer 04607,Consumer,South,2026-07-24,3,12902.98,52.9
4608,Customer 04608,SMB,South,2026-05-09,3,9893.7,85.6
4609,Customer 04609,Consumer,North,2026-08-01,4,33251.97,76.8
4610,Customer 04610,Consumer,West,2026-09-05,6,17239.02,48.6
4611,Customer 04611,Consumer,South,2026-07-30,4,6831.4,56.9
4612,Customer 04612,Consumer,East,2026-07-04,8,4136.18,48.0
4613,Customer 04613,Consumer,West,2026-04-15,9,34231.47,54.4
4614,Customer 04614,SMB,South,2026-03-23,3,7034.28,77.9
4615,Customer 04615,SMB,East,2026-05-13,4,8270.31,68.9
4616,Customer 04616,SMB,Central,2026-09-22,11,13791.85,26.4
4617,Customer 04617,Consumer,West,2026-08-28,3,14821.69,86.6
4618,Customer 04618,SMB,Central,2026-08-03,2,3958.12,100.0
4619,Customer 04619,SMB,North,2026-05-01,4,28535.16,75.4
4620,Customer 04620,Consumer,South,2026-07-05,8,22894.15,56.6
4621,Customer 04621,Enterprise,South,2026-06-03,5,10898.94,46.4
4622,Customer 04622,Consumer,West,2026-08-07,9,2996.8,50.4
4623,Customer 04623,Consumer,South,2026-07-21,7,3191.63,54.2
4624,Customer 04624,Consumer,North,2026-05-18,7,16327.19,71.7
4625,Customer 04625,Consumer,West,2026-09-17,3,38660.78,100.0
4626,Customer 04626,Consumer,Central,2026-06-26,9,6827.45,42.6
4627,Customer 04627,Consumer,East,2026-08-24,7,1976.23,36.5
4628,Customer 04628,SMB,South,2026-09-11,9,18370.829999999998,41.5
4629,Customer 04629,Consumer,East,2026-09-11,5,39208.48,72.9
4630,Customer 04630,SMB,East,2026-08-27,5,9268.67,71.5
4631,Customer 04631,Consumer,North,2026-09-19,6,32510.21,64.0
4632,Customer 04632,Consumer,East,2026-09-08,8,31961.940000000002,46.9
4633,Customer 04633,Consumer,South,2026-03-14,6,17896.05,71.6
4634,Customer 04634,Consumer,Central,2026-03-23,8,19473.35,39.1
4635,Customer 04635,SMB,Central,2026-08-07,4,3511.81,66.5
4636,Customer 04636,Consumer,Central,2026-04-07,8,14563.97,33.2
4637,Customer 04637,SMB,North,2026-03-23,5,8370.7,61.7
4638,Customer 04638,Consumer,North,2026-09-12,8,31597.199999999997,55.0
4639,Customer 04639,Consumer,South,2026-07-10,9,14914.31,42.8
4640,Customer 04640,Consumer,East,2026-09-11,4,55498.490000000005,62.7
4641,Customer 04641,Consumer,West,2026-06-10,4,14687.87,64.6
4642,Customer 04642,Consumer,Central,2026-05-30,14,19936.82,0.0
4643,Customer 04643,Consumer,South,2026-09-26,13,50743.149999999994,3.1
4644,Customer 04644,Consumer,West,2026-04-01,12,14961.34,12.1
4645,Customer 04645,Consumer,North,2026-07-23,5,7105.66,59.5
4646,Customer 04646,Consumer,South,2026-09-19,6,45949.91,58.0
4647,Customer 04647,SMB,South,2026-04-03,5,11241.88,54.1
4648,Customer 04648,Enterprise,Central,2026-05-19,6,4894.0,53.1
4649,Customer 04649,Consumer,North,2026-04-18,7,9419.46,49.2
4650,Customer 04650,Consumer,Central,2026-09-24,8,601484.41,60.6
4651,Customer 04651,Consumer,West,2026-04-14,10,4656.54,50.3
4652,Customer 04652,Consumer,Central,2026-09-19,9,83326.56,49.2
4653,Customer 04653,SMB,South,2026-09-12,5,168753.02,65.4
4654,Customer 04654,Consumer,West,2026-09-27,8,72174.44,62.4
4655,Customer 04655,Consumer,South,2026-03-14,3,4781.16,70.5
4656,Customer 04656,Consumer,North,2026-07-06,4,19755.1,88.0
4657,Customer 04657,Consumer,South,2026-04-27,5,8717.49,76.0
4658,Customer 04658,Consumer,West,2026-03-22,5,19802.75,49.0
4659,Customer 04659,SMB,South,2026-07-02,5,6684.0,91.2
4660,Customer 04660,Enterprise,North,2026-07-05,6,6357.97,64.4
4661,Customer 04661,SMB,South,2026-03-14,9,6000.07,58.5
4662,Customer 04662,Consumer,West,2026-07-21,9,7706.47,44.7
4663,Customer 04663,SMB,East,2026-04-13,4,7362.66,84.3
4664,Customer 04664,SMB,South,2026-09-19,8,40146.64,76.3
4665,Customer 04665,Consumer,Central,2026-08-20,7,5466.75,55.3
4666,Customer 04666,Consumer,East,2026-07-03,7,4151.95,58.4
4667,Customer 04667,SMB,West,2026-05-06,3,12073.48,98.9
4668,Customer 04668,Consumer,South,2026-07-30,9,10230.6,38.6
4669,Customer 04669,Enterprise,East,2026-06-30,7,17236.06,54.3
4670,Customer 04670,Consumer,East,2026-04-12,3,13113.14,79.6
4671,Customer 04671,Consumer,South,2026-07-25,7,9879.82,49.5
4672,Customer 04672,Enterprise,West,2026-07-24,6,14456.12,53.7
4673,Customer 04673,Consumer,East,2026-09-09,10,23259.02,64.2
4674,Customer 04674,SMB,East,2026-05-09,6,7640.41,54.3
4675,Customer 04675,SMB,Central,2026-08-28,8,21913.16,57.2
4676,Customer 04676,Consumer,Central,2026-09-09,9,52572.9,56.5
4677,Customer 04677,Consumer,Central,2026-05-19,11,11860.67,25.3
4678,Customer 04678,SMB,South,2026-09-16,7,49231.63,65.1
4679,Customer 04679,SMB,Central,2026-04-26,8,6386.38,53.3
4680,Customer 04680,SMB,Central,2026-09-14,4,57810.98,54.4
4681,Customer 04681,SMB,North,2026-08-01,7,13203.52,51.0
4682,Customer 04682,Consumer,North,2026-03-10,13,40769.54,17.8
4683,Customer 04683,Consumer,East,2026-09-04,6,17735.48,73.5
4684,Customer 04684,Consumer,South,2026-09-25,7,68717.51,60.3
4685,Customer 04685,Consumer,North,2026-05-08,5,6911.21,49.4
4686,Customer 04686,SMB,South,2026-09-15,9,21092.16,36.1
4687,Customer 04687,Consumer,Central,2026-03-26,3,5770.57,58.1
4688,Customer 04688,Consumer,Central,2026-09-26,6,38809.43,75.5
4689,Customer 04689,SMB,West,2026-05-04,5,3814.96,84.9
4690,Customer 04690,Consumer,Central,2026-08-15,10,30029.65,24.5
4691,Customer 04691,Consumer,Central,2026-09-24,7,27768.420000000002,59.3
4692,Customer 04692,SMB,South,2026-06-02,6,10821.27,27.8
4693,Customer 04693,Consumer,Central,2026-05-19,5,17245.93,67.2
4694,Customer 04694,Consumer,East,2026-05-14,4,13513.23,68.0
4695,Customer 04695,Consumer,South,2026-06-08,10,3938.36,36.2
4696,Customer 04696,Consumer,Central,2026-03-10,5,10085.35,86.3
4697,Customer 04697,Consumer,West,2026-07-21,5,9617.79,74.4
4698,Customer 04698,Consumer,North,2026-09-08,8,90624.89,41.1
4699,Customer 04699,SMB,Central,2026-03-10,10,9481.08,13.3
4700,Customer 04700,Consumer,North,2026-03-31,4,11262.35,54.7
4701,Customer 04701,Consumer,East,2026-08-28,5,1361.05,38.4
4702,Customer 04702,Consumer,Central,2026-04-11,6,28655.17,51.1
4703,Customer 04703,Consumer,North,2026-08-15,8,12889.53,53.7
4704,Customer 04704,Consumer,Central,2026-04-14,8,1680.45,66.8
4705,Customer 04705,SMB,Central,2026-06-25,5,23012.44,90.5
4706,Customer 04706,Consumer,West,2026-06-05,4,6920.59,92.6
4707,Customer 04707,Consumer,Central,2026-06-08,8,11981.19,34.1
4708,Customer 04708,Consumer,East,2026-08-22,3,11981.99,71.4
4709,Customer 04709,SMB,East,2026-08-16,6,18271.67,56.7
4710,Customer 04710,Consumer,West,2026-03-18,4,13520.07,79.2
4711,Customer 04711,Consumer,North,2026-03-25,5,9540.54,58.4
4712,Customer 04712,SMB,South,2026-04-29,3,5524.52,85.7
4713,Customer 04713,Consumer,West,2026-09-27,8,13282.54,47.4
4714,Customer 04714,Enterprise,North,2026-08-01,4,11483.44,60.6
4715,Customer 04715,Consumer,North,2026-09-18,5,15260.65,90.9
4716,Customer 04716,Consumer,Central,2026-04-22,7,9051.17,26.7
4717,Customer 04717,Consumer,South,2026-04-19,8,21400.25,49.1
4718,Customer 04718,Enterprise,Central,2026-09-27,8,24580.46,64.0
4719,Customer 04719,Consumer,North,2026-08-26,5,15770.12,77.0
4720,Customer 04720,SMB,Central,2026-07-04,10,8850.97,47.0
4721,Customer 04721,Consumer,West,2026-08-16,12,2770.46,2.2
4722,Customer 04722,Consumer,North,2026-04-23,5,11494.56,59.5
4723,Customer 04723,Consumer,East,2026-09-25,8,24354.160000000003,47.8
4724,Customer 04724,Consumer,East,2026-09-21,9,18409.95,62.6
4725,Customer 04725,Consumer,East,2026-06-29,4,12297.25,62.4
4726,Customer 04726,Consumer,East,2026-09-10,13,19572.9,0.6
4727,Customer 04727,SMB,West,2026-07-28,5,34306.27,47.6
4728,Customer 04728,Consumer,South,2026-05-15,4,4988.7,48.1
4729,Customer 04729,Consumer,North,2026-05-30,3,3245.83,91.8
4730,Customer 04730,Consumer,East,2026-09-12,3,34643.55,80.6
4731,Customer 04731,Consumer,East,2026-09-22,12,41482.93,19.8
4732,Customer 04732,Consumer,South,2026-06-26,9,15843.74,43.3
4733,Customer 04733,Consumer,West,2026-09-22,7,24727.92,49.0
4734,Customer 04734,Consumer,South,2026-09-16,9,68331.57,38.7
4735,Customer 04735,SMB,North,2026-03-16,3,9510.22,85.6
4736,Customer 04736,Consumer,South,2026-04-28,5,10341.91,63.8
4737,Customer 04737,Consumer,North,2026-06-13,8,6258.91,62.9
4738,Customer 04738,SMB,West,2026-08-28,6,5491.39,56.0
4739,Customer 04739,Consumer,South,2026-05-10,7,1686.55,51.0
4740,Customer 04740,SMB,East,2026-07-09,3,11315.97,74.5
4741,Customer 04741,Consumer,South,2026-07-10,3,9615.39,70.1
4742,Customer 04742,Consumer,West,2026-05-20,5,27469.87,68.0
4743,Customer 04743,SMB,East,2026-07-25,10,5041.61,48.6
4744,Customer 04744,Consumer,South,2026-09-28,8,336230.92,65.6
4745,Customer 04745,Consumer,East,2026-09-09,8,153342.75,51.9
4746,Customer 04746,Consumer,North,2026-06-08,6,9322.09,49.1
4747,Customer 04747,SMB,Central,2026-07-15,2,3232.19,90.5
4748,Customer 04748,SMB,North,2026-07-31,7,3559.69,64.1
4749,Customer 04749,Consumer,South,2026-09-30,9,20723.52,28.5
4750,Customer 04750,Consumer,East,2026-09-21,10,32465.120000000003,52.8
4751,Customer 04751,SMB,South,2026-06-20,9,5712.02,22.1
4752,Customer 04752,SMB,West,2026-04-16,8,21819.28,42.9
4753,Customer 04753,Consumer,South,2026-05-04,8,10961.96,45.3
4754,Customer 04754,Consumer,South,2026-09-02,11,22550.27,55.5
4755,Customer 04755,Consumer,East,2026-07-24,6,8638.87,54.2
4756,Customer 04756,SMB,Central,2026-03-29,4,2735.97,70.4
4757,Customer 04757,Consumer,West,2026-09-27,7,120255.3,60.5
4758,Customer 04758,Consumer,North,2026-06-12,4,53082.14,64.4
4759,Customer 04759,Consumer,South,2026-04-27,8,6942.01,31.8
4760,Customer 04760,Consumer,West,2026-05-03,7,12706.58,59.5
4761,Customer 04761,Consumer,Central,2026-06-08,7,10005.14,49.4
4762,Customer 04762,Consumer,South,2026-05-30,7,21461.21,50.4
4763,Customer 04763,SMB,South,2026-05-05,3,9465.5,65.0
4764,Customer 04764,Consumer,West,2026-09-07,9,48485.84,32.6
4765,Customer 04765,Consumer,North,2026-06-23,9,3292.32,8.6
4766,Customer 04766,Consumer,West,2026-07-16,7,2784.39,61.6
4767,Customer 04767,SMB,Central,2026-09-10,8,77066.28,54.2
4768,Customer 04768,Consumer,West,2026-03-31,6,10437.71,74.6
4769,Customer 04769,Consumer,South,2026-04-05,8,9138.86,63.4
4770,Customer 04770,Consumer,Central,2026-06-10,7,27290.25,35.8
4771,Customer 04771,Consumer,East,2026-08-26,6,40962.21,72.8
4772,Customer 04772,Consumer,South,2026-04-01,11,21186.91,18.9
4773,Customer 04773,Enterprise,East,2026-05-29,9,9236.77,22.8
4774,Customer 04774,Consumer,West,2026-04-26,5,10215.77,42.2
4775,Customer 04775,SMB,North,2026-05-07,9,2139.93,46.8
4776,Customer 04776,Consumer,South,2026-09-15,4,23800.25,77.4
4777,Customer 04777,Consumer,North,2026-03-14,6,10013.67,45.9
4778,Customer 04778,SMB,West,2026-07-28,8,14543.92,49.6
4779,Customer 04779,Consumer,Central,2026-05-20,7,11277.16,54.4
4780,Customer 04780,Consumer,West,2026-07-28,5,37741.58,50.4
4781,Customer 04781,Enterprise,North,2026-04-07,9,22153.47,19.2
4782,Customer 04782,Consumer,East,2026-07-15,3,6192.37,87.4
4783,Customer 04783,Consumer,South,2026-06-20,8,17596.02,44.4
4784,Customer 04784,Consumer,South,2026-07-30,9,8066.23,16.3
4785,Customer 04785,Enterprise,West,2026-09-29,8,26766.739999999998,48.6
4786,Customer 04786,Consumer,South,2026-08-26,3,4840.76,89.7
4787,Customer 04787,Consumer,West,2026-09-09,5,222060.8,100.0
4788,Customer 04788,SMB,North,2026-06-26,10,22936.96,32.9
4789,Customer 04789,Consumer,Central,2026-09-24,9,65520.9,56.0
4790,Customer 04790,SMB,North,2026-09-14,7,34068.380000000005,64.8
4791,Customer 04791,Consumer,Central,2026-09-10,6,28238.72,71.8
4792,Customer 04792,Enterprise,North,2026-08-11,5,36337.7,63.0
4793,Customer 04793,Consumer,Central,2026-07-22,10,4378.94,23.9
4794,Customer 04794,Consumer,Central,2026-09-12,9,31599.25,47.1
4795,Customer 04795,Consumer,South,2026-08-03,8,6863.07,49.8
4796,Customer 04796,Consumer,West,2026-04-19,4,3246.16,72.7
4797,Customer 04797,Consumer,Central,2026-09-09,7,49957.74,58.2
4798,Customer 04798,Consumer,West,2026-06-12,3,7668.58,57.6
4799,Customer 04799,SMB,West,2026-03-30,3,17315.08,66.1
4800,Customer 04800,Consumer,North,2026-06-24,7,4110.21,47.7
4801,Customer 04801,Consumer,Central,2026-09-19,7,13967.279999999999,64.3
4802,Customer 04802,Consumer,East,2026-03-06,6,5395.69,45.0
4803,Customer 04803,SMB,East,2026-03-19,4,2696.0,100.0
4804,Customer 04804,Consumer,West,2026-05-03,9,9692.52,37.4
4805,Customer 04805,Enterprise,South,2026-07-10,7,30512.67,44.5
4806,Customer 04806,Consumer,North,2026-08-29,4,14231.72,60.0
4807,Customer 04807,SMB,North,2026-03-23,5,6653.83,54.7
4808,Customer 04808,Consumer,North,2026-04-04,5,6916.77,56.8
4809,Customer 04809,Consumer,South,2026-05-20,6,10825.07,60.3
4810,Customer 04810,SMB,South,2026-09-13,8,57741.4,56.5
4811,Customer 04811,Consumer,West,2026-06-22,3,13768.7,67.1
4812,Customer 04812,Consumer,South,2026-03-23,8,6638.04,57.4
4813,Customer 04813,SMB,South,2026-08-20,6,37546.6,64.7
4814,Customer 04814,Consumer,Central,2026-09-28,6,101874.68,67.9
4815,Customer 04815,SMB,Central,2026-09-03,6,20830.45,58.1
4816,Customer 04816,Consumer,North,2026-05-01,7,9111.48,65.8
4817,Customer 04817,Consumer,West,2026-03-14,3,12885.47,79.4
4818,Customer 04818,Consumer,North,2026-08-30,4,8251.73,55.9
4819,Customer 04819,SMB,East,2026-09-26,5,8695.92,71.7
4820,Customer 04820,SMB,Central,2026-03-31,5,30392.9,71.7
4821,Customer 04821,Consumer,South,2026-09-08,4,101534.70999999999,90.5
4822,Customer 04822,Consumer,West,2026-04-12,3,9178.2,93.7
4823,Customer 04823,Enterprise,East,2026-06-05,6,13153.87,49.4
4824,Customer 04824,Consumer,Central,2026-05-08,5,11458.26,82.8
4825,Customer 04825,Enterprise,South,2026-04-25,8,28598.93,76.6
4826,Customer 04826,Consumer,West,2026-03-20,4,7842.66,50.6
4827,Customer 04827,Consumer,West,2026-07-29,4,6439.2,75.5
4828,Customer 04828,Consumer,South,2026-04-25,5,16371.15,59.4
4829,Customer 04829,SMB,Central,2026-03-16,7,7620.83,63.7
4830,Customer 04830,Consumer,East,2026-09-04,7,5441.719999999999,42.6
4831,Customer 04831,Enterprise,East,2026-07-25,7,8047.99,31.0
4832,Customer 04832,SMB,South,2026-08-18,5,2638.28,69.3
4833,Customer 04833,Consumer,West,2026-09-15,6,39917.64,46.7
4834,Customer 04834,SMB,West,2026-09-13,10,34309.96,25.2
4835,Customer 04835,Consumer,North,2026-09-16,6,58218.159999999996,70.0
4836,Customer 04836,Enterprise,West,2026-06-07,3,20646.9,85.8
4837,Customer 04837,Consumer,Central,2026-06-12,9,6756.07,47.4
4838,Customer 04838,Enterprise,South,2026-03-29,9,26916.89,8.4
4839,Customer 04839,Enterprise,East,2026-08-23,4,8584.4,69.4
4840,Customer 04840,SMB,East,2026-09-21,7,165285.77000000002,87.5
4841,Customer 04841,Consumer,South,2026-09-19,8,62294.61,34.7
4842,Customer 04842,Consumer,East,2026-05-08,8,8618.82,40.9
4843,Customer 04843,Consumer,East,2026-07-18,10,11941.75,14.3
4844,Customer 04844,Consumer,South,2026-05-14,6,13332.29,51.2
4845,Customer 04845,Consumer,East,2026-08-29,6,19951.75,63.0
4846,Customer 04846,SMB,West,2026-08-17,8,11095.96,28.1
4847,Customer 04847,Consumer,West,2026-05-02,8,3865.52,32.0
4848,Customer 04848,Enterprise,South,2026-03-28,6,6235.93,66.1
4849,Customer 04849,Consumer,East,2026-05-19,9,5837.5,45.5
4850,Customer 04850,Consumer,North,2026-04-21,3,6027.09,94.8
4851,Customer 04851,Consumer,East,2026-07-17,7,21323.06,64.8
4852,Customer 04852,Consumer,West,2026-08-30,4,9859.65,59.0
4853,Customer 04853,Consumer,East,2026-08-03,6,16675.24,40.4
4854,Customer 04854,Enterprise,West,2026-06-06,3,6773.64,72.9
4855,Customer 04855,Enterprise,North,2026-03-22,5,7803.47,51.9
4856,Customer 04856,Consumer,North,2026-09-23,4,32284.120000000003,89.1
4857,Customer 04857,SMB,South,2026-09-08,5,88286.43,58.3
4858,Customer 04858,Consumer,West,2026-09-01,4,13557.54,75.0
4859,Customer 04859,Consumer,Central,2026-04-18,8,9211.01,58.1
4860,Customer 04860,Enterprise,North,2026-05-23,10,9217.87,4.2
4861,Customer 04861,Consumer,South,2026-08-15,8,7899.97,36.8
4862,Customer 04862,Consumer,West,2026-09-12,5,65819.85,79.0
4863,Customer 04863,SMB,North,2026-04-29,7,9630.44,52.7
4864,Customer 04864,Consumer,South,2026-07-21,6,14712.72,58.2
4865,Customer 04865,Consumer,North,2026-06-03,6,5453.14,71.0
4866,Customer 04866,Consumer,South,2026-09-15,5,96670.19,83.8
4867,Customer 04867,Enterprise,Central,2026-09-05,10,197492.98,45.0
4868,Customer 04868,Consumer,Central,2026-08-24,4,2867.78,72.1
4869,Customer 04869,Consumer,East,2026-05-13,11,1851.32,26.6
4870,Customer 04870,Consumer,East,2026-04-17,7,7187.63,52.6
4871,Customer 04871,SMB,East,2026-09-02,5,114240.31,48.7
4872,Customer 04872,SMB,South,2026-06-29,8,11782.68,62.4
4873,Customer 04873,SMB,East,2026-03-15,6,29751.88,41.2
4874,Customer 04874,Consumer,North,2026-09-22,9,183971.02000000002,40.8
4875,Customer 04875,Consumer,West,2026-05-26,11,6060.82,22.6
4876,Customer 04876,Consumer,West,2026-08-09,5,28270.18,58.1
4877,Customer 04877,SMB,Central,2026-07-22,5,26493.75,71.2
4878,Customer 04878,Consumer,West,2026-07-09,7,13747.19,55.9
4879,Customer 04879,Consumer,North,2026-05-18,6,14531.75,55.0
4880,Customer 04880,Consumer,East,2026-05-02,3,22414.26,77.2
4881,Customer 04881,Consumer,East,2026-03-14,6,10922.76,35.1
4882,Customer 04882,Consumer,North,2026-08-25,7,7775.17,62.1
4883,Customer 04883,Consumer,Central,2026-06-05,9,11851.76,17.0
4884,Customer 04884,Consumer,North,2026-09-14,8,26775.67,57.9
4885,Customer 04885,Consumer,South,2026-06-08,3,12368.57,85.5
4886,Customer 04886,Consumer,West,2026-06-01,10,11765.88,36.5
4887,Customer 04887,Consumer,East,2026-09-11,8,123356.23000000001,56.1
4888,Customer 04888,SMB,West,2026-05-16,3,11166.23,52.5
4889,Customer 04889,Consumer,West,2026-07-03,5,9875.16,69.4
4890,Customer 04890,Consumer,Central,2026-08-21,6,4111.92,35.0
4891,Customer 04891,SMB,South,2026-05-12,7,7923.66,53.0
4892,Customer 04892,Enterprise,South,2026-07-07,5,17108.2,64.5
4893,Customer 04893,Consumer,South,2026-04-28,2,10385.26,80.5
4894,Customer 04894,Consumer,East,2026-04-17,7,4982.42,50.5
4895,Customer 04895,Consumer,East,2026-09-03,10,526836.56,41.3
4896,Customer 04896,Consumer,North,2026-09-05,5,10021.23,54.6
4897,Customer 04897,SMB,West,2026-09-11,8,24171.620000000003,52.2
4898,Customer 04898,SMB,East,2026-09-24,10,37651.05,58.2
4899,Customer 04899,Enterprise,South,2026-04-30,9,8427.77,41.5
4900,Customer 04900,SMB,North,2026-07-26,7,6422.35,62.7
4901,Customer 04901,Consumer,East,2026-05-14,9,4572.51,33.5
4902,Customer 04902,Consumer,North,2026-03-21,7,21948.08,42.9
4903,Customer 04903,Consumer,Central,2026-07-27,10,2511.99,32.2
4904,Customer 04904,SMB,South,2026-07-25,5,4995.21,61.6
4905,Customer 04905,Enterprise,Central,2026-09-20,10,40285.16,45.1
4906,Customer 04906,Consumer,East,2026-09-25,9,28530.26,55.6
4907,Customer 04907,Consumer,Central,2026-05-28,5,11383.8,49.8
4908,Customer 04908,Consumer,North,2026-03-14,5,19871.99,49.6
4909,Customer 04909,SMB,South,2026-06-28,5,4271.78,52.7
4910,Customer 04910,Enterprise,North,2026-04-20,7,4566.79,55.3
4911,Customer 04911,SMB,Central,2026-08-01,8,4897.09,27.7
4912,Customer 04912,Enterprise,South,2026-07-12,5,18108.97,30.8
4913,Customer 04913,SMB,Central,2026-09-17,8,24155.300000000003,46.0
4914,Customer 04914,Consumer,West,2026-08-17,4,48895.4,78.2
4915,Customer 04915,Consumer,North,2026-03-11,5,2090.0,65.3
4916,Customer 04916,SMB,North,2026-09-05,9,313930.36,46.0
4917,Customer 04917,SMB,East,2026-09-28,6,175809.05999999997,78.5
4918,Customer 04918,Consumer,West,2026-09-20,4,41404.21,64.5
4919,Customer 04919,SMB,South,2026-04-04,8,12511.44,63.1
4920,Customer 04920,Consumer,East,2026-09-25,7,73844.19,64.5
4921,Customer 04921,Consumer,East,2026-04-12,8,10124.02,43.8
4922,Customer 04922,Consumer,South,2026-07-21,4,7671.84,89.0
4923,Customer 04923,Consumer,West,2026-05-02,6,1394.44,66.5
4924,Customer 04924,SMB,East,2026-03-08,4,4149.99,88.7
4925,Customer 04925,Consumer,Central,2026-09-10,10,67755.6,33.0
4926,Customer 04926,SMB,North,2026-05-27,2,3893.96,93.7
4927,Customer 04927,SMB,East,2026-06-06,6,34072.03,56.0
4928,Customer 04928,SMB,South,2026-05-15,5,6732.28,55.2
4929,Customer 04929,SMB,West,2026-06-12,4,1513.97,60.8
4930,Customer 04930,SMB,North,2026-08-21,6,19542.28,66.6
4931,Customer 04931,Consumer,North,2026-07-22,3,4943.67,72.6
4932,Customer 04932,Consumer,Central,2026-09-03,8,7332.08,58.3
4933,Customer 04933,Consumer,East,2026-03-18,6,13801.6,58.4
4934,Customer 04934,Enterprise,Central,2026-09-20,5,9801.22,65.2
4935,Customer 04935,Enterprise,East,2026-08-06,3,3135.6,53.6
4936,Customer 04936,Consumer,West,2026-05-21,3,8245.89,63.4
4937,Customer 04937,Enterprise,South,2026-07-10,7,7540.23,34.5
4938,Customer 04938,SMB,East,2026-08-17,7,21603.44,69.7
4939,Customer 04939,Consumer,North,2026-04-19,7,13080.3,35.2
4940,Customer 04940,SMB,West,2026-07-13,7,18914.67,56.4
4941,Customer 04941,Consumer,Central,2026-03-14,9,6329.61,24.1
4942,Customer 04942,SMB,Central,2026-09-22,7,251211.21999999997,51.6
4943,Customer 04943,Consumer,South,2026-04-04,8,5783.74,60.6
4944,Customer 04944,Consumer,East,2026-09-26,8,109960.64,32.6
4945,Customer 04945,Consumer,East,2026-07-19,4,10993.59,56.4
4946,Customer 04946,Consumer,Central,2026-07-28,7,7472.97,38.6
4947,Customer 04947,Consumer,North,2026-03-07,2,6706.19,83.7
4948,Customer 04948,Consumer,South,2026-06-11,11,23039.52,37.7
4949,Customer 04949,SMB,North,2026-06-17,9,2032.91,32.4
4950,Customer 04950,Enterprise,North,2026-07-29,7,3452.43,47.5
4951,Customer 04951,Consumer,West,2026-08-01,5,11292.1,64.4
4952,Customer 04952,Consumer,North,2026-09-01,3,14113.63,100.0
4953,Customer 04953,Consumer,West,2026-04-13,4,4045.26,60.9
4954,Customer 04954,Consumer,Central,2026-07-13,6,4871.53,45.3
4955,Customer 04955,Consumer,South,2026-05-25,7,3621.06,47.7
4956,Customer 04956,Consumer,North,2026-08-22,10,22545.47,15.5
4957,Customer 04957,Consumer,South,2026-08-16,5,17984.56,77.3
4958,Customer 04958,Consumer,Central,2026-06-15,8,8043.28,45.5
4959,Customer 04959,SMB,South,2026-04-02,6,22818.69,44.7
4960,Customer 04960,SMB,North,2026-09-14,8,30111.18,64.7
4961,Customer 04961,SMB,West,2026-03-06,5,12900.12,73.7
4962,Customer 04962,Consumer,North,2026-06-11,4,6595.17,65.0
4963,Customer 04963,Consumer,East,2026-09-13,7,318920.88,73.6
4964,Customer 04964,Consumer,East,2026-06-27,4,8747.53,86.9
4965,Customer 04965,Consumer,Central,2026-09-25,8,196501.00999999998,79.1
4966,Customer 04966,Consumer,Central,2026-09-17,10,15950.850000000002,35.4
4967,Customer 04967,SMB,East,2026-09-24,6,16374.25,46.3
4968,Customer 04968,Consumer,West,2026-09-22,8,65587.97,49.6
4969,Customer 04969,SMB,South,2026-08-24,7,9381.39,61.1
4970,Customer 04970,Consumer,Central,2026-06-25,4,13875.5,67.4
4971,Customer 04971,SMB,South,2026-07-06,3,4337.7,86.0
4972,Customer 04972,Consumer,West,2026-09-02,8,24296.04,64.3
4973,Customer 04973,Enterprise,East,2026-07-31,6,12158.11,46.2
4974,Customer 04974,Enterprise,South,2026-06-24,7,14603.85,62.2
4975,Customer 04975,Consumer,Central,2026-09-03,5,17834.07,76.8
4976,Customer 04976,SMB,South,2026-05-01,4,7180.05,52.6
4977,Customer 04977,SMB,South,2026-05-21,3,8460.81,85.2
4978,Customer 04978,SMB,East,2026-08-02,9,110463.42,36.0
4979,Customer 04979,Consumer,Central,2026-05-24,6,6968.5,76.5
4980,Customer 04980,Consumer,East,2026-07-14,8,5909.9,26.1
4981,Customer 04981,Consumer,South,2026-09-25,4,27553.96,75.0
4982,Customer 04982,Consumer,West,2026-04-09,7,10500.8,56.0
4983,Customer 04983,Enterprise,East,2026-09-13,10,24640.42,24.3
4984,Customer 04984,Enterprise,South,2026-03-11,4,8072.31,69.1
4985,Customer 04985,Consumer,Central,2026-08-28,3,3574.51,77.6
4986,Customer 04986,SMB,West,2026-05-14,4,14552.5,70.9
4987,Customer 04987,SMB,North,2026-03-30,4,4283.55,75.3
4988,Customer 04988,SMB,Central,2026-05-26,10,4351.91,28.8
4989,Customer 04989,SMB,South,2026-09-23,12,22621.739999999998,18.5
4990,Customer 04990,SMB,Central,2026-05-17,7,5469.28,60.6
4991,Customer 04991,Consumer,South,2026-03-24,11,3540.95,30.0
4992,Customer 04992,Consumer,East,2026-07-08,7,8839.61,36.8
4993,Customer 04993,Enterprise,Central,2026-04-21,7,9583.05,50.1
4994,Customer 04994,Consumer,West,2026-09-29,5,40242.979999999996,59.7
4995,Customer 04995,Consumer,East,2026-03-08,5,23313.94,62.7
4996,Customer 04996,Enterprise,South,2026-06-30,4,33645.41,83.0
4997,Customer 04997,SMB,South,2026-04-01,5,12148.26,52.5
4998,Customer 04998,Consumer,Central,2026-09-22,6,25068.92,69.8
4999,Customer 04999,SMB,South,2026-04-20,7,11527.55,60.4
5000,Customer 05000,SMB,North,2026-09-20,4,165094.77000000002,78.0
5001,Customer 05001,Consumer,East,2026-05-27,9,11356.01,57.0
5002,Customer 05002,Consumer,South,2026-05-30,4,13286.91,74.7
5003,Customer 05003,Consumer,North,2026-08-05,8,10559.36,45.8
5004,Customer 05004,Consumer,West,2026-05-14,3,8138.6,89.0
5005,Customer 05005,Consumer,East,2026-08-05,5,3770.24,70.6
5006,Customer 05006,SMB,South,2026-09-12,6,12048.820000000002,76.5
5007,Customer 05007,Consumer,North,2026-03-22,1,23212.19,100.0
5008,Customer 05008,Consumer,Central,2026-08-27,7,38559.67,51.8
5009,Customer 05009,Consumer,West,2026-09-28,6,207055.81000000003,79.2
5010,Customer 05010,Consumer,East,2026-03-27,8,21221.77,19.4
5011,Customer 05011,Consumer,West,2026-09-23,8,107001.03,78.6
5012,Customer 05012,Consumer,South,2026-04-19,5,12920.37,68.6
5013,Customer 05013,Consumer,Central,2026-04-09,4,35650.09,81.9
5014,Customer 05014,Consumer,South,2026-09-10,7,222453.22,62.4
5015,Customer 05015,Consumer,East,2026-08-03,5,7986.26,57.0
5016,Customer 05016,Consumer,South,2026-03-23,4,12203.31,100.0
5017,Customer 05017,Consumer,Central,2026-07-04,6,49045.74,33.7
5018,Customer 05018,Enterprise,South,2026-09-25,3,30359.170000000002,63.4
5019,Customer 05019,SMB,Central,2026-09-10,12,49523.01,20.3
5020,Customer 05020,Consumer,East,2026-09-30,7,60711.509999999995,72.4
5021,Customer 05021,SMB,East,2026-09-02,11,15787.18,31.4
5022,Customer 05022,Consumer,North,2026-04-19,3,15897.6,50.9
5023,Customer 05023,Consumer,South,2026-05-08,6,7912.08,77.3
5024,Customer 05024,Consumer,South,2026-09-05,4,26702.42,97.5
5025,Customer 05025,Consumer,West,2026-09-02,6,136846.69,80.1
5026,Customer 05026,Consumer,West,2026-07-24,7,24554.71,43.3
5027,Customer 05027,Enterprise,West,2026-07-12,3,39849.29,97.1
5028,Customer 05028,Consumer,East,2026-03-07,7,20570.23,66.5
5029,Customer 05029,Consumer,North,2026-05-28,5,5613.6,52.1
5030,Customer 05030,Consumer,West,2026-08-18,7,16930.72,51.3
5031,Customer 05031,Enterprise,West,2026-03-22,3,10951.35,90.0
5032,Customer 05032,Consumer,Central,2026-07-15,4,28732.71,78.1
5033,Customer 05033,Consumer,West,2026-03-31,4,20397.09,70.9
5034,Customer 05034,Consumer,South,2026-03-09,5,6291.68,28.0
5035,Customer 05035,Consumer,South,2026-07-09,7,794.67,53.3
5036,Customer 05036,Consumer,Central,2026-05-20,7,5825.5,70.2
5037,Customer 05037,Consumer,East,2026-06-19,8,20645.75,37.4
5038,Customer 05038,Consumer,South,2026-04-01,4,11328.96,58.2
5039,Customer 05039,Consumer,West,2026-08-05,3,8145.83,77.4
5040,Customer 05040,Consumer,West,2026-08-09,5,5543.9,80.6
5041,Customer 05041,Consumer,West,2026-09-11,5,17377.3,65.4
5042,Customer 05042,Consumer,South,2026-07-11,8,1837.13,56.5
5043,Customer 05043,Consumer,North,2026-05-12,3,17312.12,100.0
5044,Customer 05044,Consumer,West,2026-07-26,5,16240.89,64.0
5045,Customer 05045,Consumer,West,2026-05-27,6,21433.65,43.6
5046,Customer 05046,Consumer,Central,2026-08-11,3,6896.63,93.9
5047,Customer 05047,Consumer,East,2026-05-19,7,9357.37,47.8
5048,Customer 05048,Consumer,West,2026-09-20,8,399073.46,64.7
5049,Customer 05049,Enterprise,East,2026-05-24,9,5273.0,50.9
5050,Customer 05050,Consumer,West,2026-09-10,10,53657.09,36.7
5051,Customer 05051,Consumer,West,2026-08-11,6,30570.26,44.6
5052,Customer 05052,Enterprise,East,2026-04-06,7,7000.78,35.0
5053,Customer 05053,Consumer,North,2026-04-06,4,3695.81,44.4
5054,Customer 05054,Consumer,North,2026-03-29,3,27227.92,63.8
5055,Customer 05055,Consumer,East,2026-03-20,5,58387.99,54.4
5056,Customer 05056,Consumer,East,2026-04-08,7,5865.29,41.5
5057,Customer 05057,Consumer,East,2026-08-13,2,7145.7,100.0
5058,Customer 05058,Consumer,North,2026-09-16,11,17340.800000000003,39.2
5059,Customer 05059,SMB,East,2026-03-14,6,19253.14,51.1
5060,Customer 05060,Consumer,North,2026-07-29,6,8264.17,48.5
5061,Customer 05061,Consumer,North,2026-09-21,3,16514.53,86.8
5062,Customer 05062,Consumer,Central,2026-04-14,6,6069.52,54.5
5063,Customer 05063,Enterprise,South,2026-09-16,4,53922.73,81.1
5064,Customer 05064,SMB,West,2026-04-13,5,15599.57,62.4
5065,Customer 05065,Consumer,South,2026-03-24,4,42669.74,67.6
5066,Customer 05066,Consumer,Central,2026-06-13,4,12111.33,88.2
5067,Customer 05067,SMB,South,2026-09-19,5,541980.87,66.2
5068,Customer 05068,Consumer,North,2026-06-06,6,18670.78,67.2
5069,Customer 05069,SMB,Central,2026-03-17,4,7586.29,71.2
5070,Customer 05070,Enterprise,South,2026-05-08,5,3890.79,63.9
5071,Customer 05071,Consumer,South,2026-05-27,2,23047.31,76.5
5072,Customer 05072,Consumer,South,2026-06-11,3,5342.18,81.4
5073,Customer 05073,Consumer,West,2026-06-27,8,7520.75,59.5
5074,Customer 05074,Consumer,North,2026-04-04,7,20048.07,50.5
5075,Customer 05075,Consumer,North,2026-05-18,6,11305.84,43.7
5076,Customer 05076,Consumer,South,2026-04-30,4,3951.44,47.8
5077,Customer 05077,Consumer,North,2026-09-17,4,11202.220000000001,92.9
5078,Customer 05078,Consumer,South,2026-06-09,6,15619.3,54.4
5079,Customer 05079,Consumer,East,2026-06-05,4,23437.83,67.6
5080,Customer 05080,SMB,South,2026-03-20,7,3138.64,55.5
5081,Customer 05081,SMB,East,2026-09-14,7,282998.35000000003,40.9
5082,Customer 05082,Consumer,North,2026-09-25,7,291116.27999999997,69.9
5083,Customer 05083,SMB,East,2026-06-20,10,6051.07,37.1
5084,Customer 05084,Consumer,Central,2026-06-14,10,9467.92,22.4
5085,Customer 05085,Enterprise,East,2026-08-07,6,14184.62,60.8
5086,Customer 05086,SMB,South,2026-07-19,6,1292.07,93.1
5087,Customer 05087,Consumer,Central,2026-05-26,8,7747.02,56.4
5088,Customer 05088,SMB,West,2026-06-05,5,8646.52,51.1
5089,Customer 05089,Consumer,East,2026-09-12,5,43339.71,81.1
5090,Customer 05090,Enterprise,Central,2026-09-26,9,10598.289999999999,51.5
5091,Customer 05091,Consumer,East,2026-06-27,4,16354.74,73.7
5092,Customer 05092,SMB,North,2026-07-29,6,5100.75,63.8
5093,Customer 05093,Consumer,Central,2026-05-25,6,4315.7,58.5
5094,Customer 05094,Consumer,West,2026-07-25,6,2942.72,70.5
5095,Customer 05095,Consumer,East,2026-09-19,4,459751.04000000004,68.8
5096,Customer 05096,Consumer,North,2026-09-28,9,168693.6,51.3
5097,Customer 05097,Consumer,West,2026-05-24,7,10002.41,61.1
5098,Customer 05098,Consumer,West,2026-07-25,5,1585.95,70.7
5099,Customer 05099,Consumer,West,2026-06-27,7,8882.79,56.6
5100,Customer 05100,SMB,East,2026-03-06,4,9537.34,67.4
5101,Customer 05101,Consumer,West,2026-09-09,5,48844.05,86.2
5102,Customer 05102,Consumer,North,2026-05-22,4,12539.56,76.2
5103,Customer 05103,SMB,Central,2026-08-06,2,13070.42,100.0
5104,Customer 05104,Consumer,Central,2026-05-04,6,21785.68,55.2
5105,Customer 05105,Enterprise,South,2026-05-05,5,2611.79,68.3
5106,Customer 05106,Consumer,North,2026-06-22,3,5195.96,100.0
5107,Customer 05107,Consumer,East,2026-05-22,7,22747.36,61.3
5108,Customer 05108,Consumer,Central,2026-03-13,9,16427.77,46.8
5109,Customer 05109,Consumer,East,2026-09-03,6,56786.96,60.6
5110,Customer 05110,Consumer,North,2026-09-28,5,227118.72000000003,85.3
5111,Customer 05111,SMB,East,2026-05-06,6,6478.51,64.1
5112,Customer 05112,Consumer,West,2026-06-03,5,13855.57,85.3
5113,Customer 05113,Enterprise,West,2026-03-23,8,10455.34,47.0
5114,Customer 05114,Consumer,Central,2026-06-08,5,9971.59,79.5
5115,Customer 05115,Consumer,Central,2026-04-15,3,13301.06,68.8
5116,Customer 05116,SMB,West,2026-07-15,5,9834.16,51.2
5117,Customer 05117,Consumer,North,2026-03-19,4,9133.0,55.2
5118,Customer 05118,SMB,Central,2026-05-01,3,19677.97,81.4
5119,Customer 05119,Consumer,East,2026-09-29,8,53048.350000000006,34.1
5120,Customer 05120,Consumer,East,2026-05-28,1,9202.03,91.6
5121,Customer 05121,Consumer,North,2026-07-02,6,2563.39,47.8
5122,Customer 05122,Consumer,East,2026-09-23,5,24905.63,69.2
5123,Customer 05123,Consumer,South,2026-09-27,5,12953.259999999998,77.2
5124,Customer 05124,Consumer,East,2026-09-27,11,17709.94,25.2
5125,Customer 05125,Consumer,North,2026-04-17,3,2496.13,91.0
5126,Customer 05126,Consumer,Central,2026-06-13,4,3946.85,57.9
5127,Customer 05127,Consumer,South,2026-05-23,5,13240.05,72.0
5128,Customer 05128,SMB,East,2026-07-30,2,7844.8,78.7
5129,Customer 05129,SMB,South,2026-04-20,8,3567.59,34.3
5130,Customer 05130,Consumer,Central,2026-09-12,9,9502.26,35.7
5131,Customer 05131,Enterprise,West,2026-09-17,6,30694.25,77.1
5132,Customer 05132,Consumer,West,2026-04-07,4,7985.56,87.3
5133,Customer 05133,Enterprise,East,2026-04-16,3,34995.52,100.0
5134,Customer 05134,Consumer,South,2026-08-17,9,13924.77,31.3
5135,Customer 05135,Consumer,Central,2026-04-05,7,8516.5,56.0
5136,Customer 05136,Consumer,Central,2026-03-09,7,9551.6,44.9
5137,Customer 05137,SMB,North,2026-07-16,8,12222.61,36.0
5138,Customer 05138,SMB,East,2026-08-21,5,3613.7,68.1
5139,Customer 05139,SMB,West,2026-04-22,8,12837.47,52.9
5140,Customer 05140,Consumer,East,2026-08-23,6,19105.09,55.1
5141,Customer 05141,SMB,South,2026-08-01,5,20391.48,53.2
5142,Customer 05142,SMB,Central,2026-08-21,9,8635.3,23.6
5143,Customer 05143,Consumer,Central,2026-09-15,8,90885.45000000001,72.4
5144,Customer 05144,Consumer,West,2026-09-15,8,9433.61,47.0
5145,Customer 05145,SMB,Central,2026-08-29,5,17138.27,63.6
5146,Customer 05146,Consumer,East,2026-07-20,10,4655.63,38.0
5147,Customer 05147,Consumer,Central,2026-09-20,6,105645.47,71.1
5148,Customer 05148,Consumer,East,2026-06-27,9,10799.27,17.2
5149,Customer 05149,Consumer,South,2026-06-11,5,7492.63,58.2
5150,Customer 05150,SMB,West,2026-03-17,5,1922.62,56.6
5151,Customer 05151,Consumer,West,2026-08-12,5,2625.89,79.1
5152,Customer 05152,Consumer,East,2026-07-18,7,3645.89,51.1
5153,Customer 05153,Consumer,West,2026-09-17,2,127067.59999999999,100.0
5154,Customer 05154,Consumer,East,2026-09-13,6,34055.8,40.3
5155,Customer 05155,Enterprise,East,2026-05-05,6,17867.73,49.8
5156,Customer 05156,Consumer,East,2026-08-25,6,4401.09,38.1
5157,Customer 05157,Consumer,West,2026-09-15,5,36247.1,85.7
5158,Customer 05158,SMB,West,2026-04-06,7,17950.08,45.0
5159,Customer 05159,Consumer,East,2026-09-14,5,233452.29,65.1
5160,Customer 05160,Consumer,North,2026-05-17,5,46958.11,59.0
5161,Customer 05161,Consumer,East,2026-07-23,8,23746.47,33.7
5162,Customer 05162,Consumer,South,2026-06-18,4,4121.34,69.3
5163,Customer 05163,Consumer,East,2026-06-11,2,9091.92,92.3
5164,Customer 05164,Enterprise,East,2026-09-28,5,5367.59,56.5
5165,Customer 05165,SMB,East,2026-07-12,10,3743.34,22.4
5166,Customer 05166,SMB,Central,2026-09-25,4,13617.519999999999,57.7
5167,Customer 05167,Consumer,Central,2026-03-21,7,5578.45,57.5
5168,Customer 05168,Enterprise,Central,2026-06-22,3,4489.0,86.7
5169,Customer 05169,Consumer,South,2026-03-10,7,17401.88,56.7
5170,Customer 05170,Consumer,West,2026-04-07,4,4609.52,84.2
5171,Customer 05171,SMB,East,2026-07-08,9,12202.78,22.7
5172,Customer 05172,Consumer,North,2026-09-28,6,26454.55,57.3
5173,Customer 05173,Consumer,North,2026-04-04,8,19911.85,46.4
5174,Customer 05174,Enterprise,East,2026-08-20,7,15586.18,66.8
5175,Customer 05175,Enterprise,West,2026-05-06,5,9910.82,56.3
5176,Customer 05176,Enterprise,Central,2026-03-06,7,1473.47,33.5
5177,Customer 05177,Consumer,East,2026-06-19,9,4361.51,21.7
5178,Customer 05178,SMB,West,2026-05-05,6,4959.13,62.7
5179,Customer 05179,SMB,North,2026-06-15,9,9386.02,37.0
5180,Customer 05180,Enterprise,West,2026-08-03,4,16222.72,73.4
5181,Customer 05181,Consumer,Central,2026-04-15,6,27203.09,40.9
5182,Customer 05182,Consumer,Central,2026-04-16,8,20073.68,40.5
5183,Customer 05183,Consumer,North,2026-03-15,6,6946.86,70.5
5184,Customer 05184,SMB,Central,2026-05-17,9,20627.31,14.6
5185,Customer 05185,Consumer,East,2026-09-12,4,23418.19,69.9
5186,Customer 05186,SMB,North,2026-03-22,6,24226.05,71.1
5187,Customer 05187,SMB,Central,2026-05-30,6,4633.49,61.1
5188,Customer 05188,Consumer,South,2026-09-29,5,37504.48,76.9
5189,Customer 05189,SMB,North,2026-08-09,7,35240.33,52.5
5190,Customer 05190,SMB,Central,2026-09-09,4,44413.869999999995,71.5
5191,Customer 05191,Consumer,South,2026-07-04,7,6255.93,48.1
5192,Customer 05192,Consumer,West,2026-05-25,8,3593.17,27.1
5193,Customer 05193,Consumer,North,2026-09-30,7,303309.18,43.7
5194,Customer 05194,SMB,Central,2026-09-23,12,12536.42,7.8
5195,Customer 05195,Consumer,North,2026-04-12,3,6191.82,73.4
5196,Customer 05196,Consumer,East,2026-03-13,10,7536.75,23.4
5197,Customer 05197,Consumer,East,2026-07-10,12,14309.93,8.0
5198,Customer 05198,Consumer,West,2026-07-19,7,12699.86,60.1
5199,Customer 05199,Consumer,North,2026-05-08,5,8597.5,60.1
5200,Customer 05200,Consumer,South,2026-05-27,5,3740.15,82.6
5201,Customer 05201,Consumer,South,2026-08-16,7,33288.97,48.3
5202,Customer 05202,Consumer,West,2026-08-16,5,19740.94,62.0
5203,Customer 05203,SMB,South,2026-07-28,8,26815.94,25.2
5204,Customer 05204,Consumer,West,2026-09-08,8,15745.14,38.8
5205,Customer 05205,Consumer,South,2026-04-14,6,6186.86,52.2
5206,Customer 05206,Consumer,South,2026-03-23,7,5072.24,29.8
5207,Customer 05207,SMB,Central,2026-06-12,6,17621.16,58.9
5208,Customer 05208,Consumer,North,2026-04-05,3,7016.69,69.4
5209,Customer 05209,SMB,West,2026-07-06,5,5852.19,63.2
5210,Customer 05210,Consumer,West,2026-03-15,5,6749.9,49.3
5211,Customer 05211,Consumer,East,2026-05-11,10,1876.82,40.2
5212,Customer 05212,Consumer,North,2026-08-30,9,7878.64,45.0
5213,Customer 05213,Consumer,West,2026-07-26,4,12178.17,62.5
5214,Customer 05214,Consumer,North,2026-07-14,9,17042.86,54.9
5215,Customer 05215,Consumer,East,2026-03-29,7,8283.15,66.7
5216,Customer 05216,SMB,Central,2026-04-29,7,9413.0,72.0
5217,Customer 05217,Consumer,South,2026-09-19,7,97394.98,67.2
5218,Customer 05218,Consumer,North,2026-03-30,5,7167.0,59.1
5219,Customer 05219,Consumer,North,2026-04-08,7,33494.11,62.1
5220,Customer 05220,Consumer,West,2026-03-12,7,5652.68,65.1
5221,Customer 05221,Enterprise,North,2026-07-05,6,21155.61,64.2
5222,Customer 05222,SMB,Central,2026-07-23,4,16253.15,57.0
5223,Customer 05223,Consumer,West,2026-05-12,5,26760.34,69.2
5224,Customer 05224,Consumer,South,2026-05-16,6,8105.88,73.8
5225,Customer 05225,Consumer,West,2026-07-25,4,12965.93,64.4
5226,Customer 05226,Consumer,South,2026-05-24,7,21495.2,68.5
5227,Customer 05227,Consumer,East,2026-06-13,5,48770.72,73.1
5228,Customer 05228,Consumer,North,2026-04-06,9,14855.51,37.0
5229,Customer 05229,SMB,Central,2026-07-08,5,9884.38,62.7
5230,Customer 05230,Consumer,North,2026-09-29,8,36150.19,48.5
5231,Customer 05231,Consumer,Central,2026-06-22,6,13191.51,35.3
5232,Customer 05232,SMB,Central,2026-09-15,5,15193.44,56.9
5233,Customer 05233,Consumer,North,2026-04-01,8,7291.21,37.9
5234,Customer 05234,Consumer,East,2026-04-17,7,13825.0,39.6
5235,Customer 05235,Consumer,North,2026-07-01,5,31826.72,62.1
5236,Customer 05236,Consumer,West,2026-06-29,8,4798.61,33.8
5237,Customer 05237,SMB,Central,2026-04-26,5,10079.15,75.9
5238,Customer 05238,Consumer,South,2026-07-27,6,8547.84,56.6
5239,Customer 05239,Consumer,Central,2026-06-30,4,6056.31,68.4
5240,Customer 05240,SMB,West,2026-07-22,12,21996.66,11.9
5241,Customer 05241,Consumer,North,2026-09-15,6,29384.99,61.3
5242,Customer 05242,Consumer,South,2026-03-20,4,8707.01,51.9
5243,Customer 05243,Consumer,West,2026-05-24,4,3270.0,85.5
5244,Customer 05244,SMB,South,2026-06-16,6,11663.43,32.3
5245,Customer 05245,Consumer,West,2026-08-20,2,6424.51,91.1
5246,Customer 05246,Consumer,East,2026-08-23,5,16853.01,69.3
5247,Customer 05247,Consumer,North,2026-06-16,5,11403.62,63.6
5248,Customer 05248,SMB,Central,2026-06-15,5,6820.19,62.7
5249,Customer 05249,Consumer,South,2026-05-26,4,6996.59,60.0
5250,Customer 05250,Consumer,West,2026-04-11,6,3136.6,53.9
5251,Customer 05251,SMB,North,2026-09-07,11,54251.44,29.9
5252,Customer 05252,Consumer,South,2026-06-03,6,20138.99,83.9
5253,Customer 05253,Consumer,East,2026-05-09,9,3307.02,43.7
5254,Customer 05254,SMB,South,2026-07-24,9,27566.18,44.6
5255,Customer 05255,Enterprise,East,2026-03-21,3,9630.96,87.3
5256,Customer 05256,Consumer,East,2026-08-13,6,6262.66,76.3
5257,Customer 05257,SMB,Central,2026-03-24,6,9121.6,48.0
5258,Customer 05258,Enterprise,Central,2026-08-07,6,15282.86,37.0
5259,Customer 05259,SMB,East,2026-03-21,5,10956.54,84.1
5260,Customer 05260,SMB,West,2026-04-10,6,13782.77,55.3
5261,Customer 05261,SMB,West,2026-03-18,1,4190.47,78.9
5262,Customer 05262,Consumer,Central,2026-09-07,3,102655.18000000001,94.8
5263,Customer 05263,SMB,East,2026-09-06,8,215556.84000000003,61.6
5264,Customer 05264,Consumer,Central,2026-07-14,6,16221.05,51.0
5265,Customer 05265,Consumer,South,2026-09-27,5,58346.409999999996,67.3
5266,Customer 05266,Consumer,East,2026-09-23,10,25553.120000000003,33.3
5267,Customer 05267,SMB,West,2026-03-17,4,4286.43,92.4
5268,Customer 05268,Consumer,South,2026-04-28,7,7870.73,39.2
5269,Customer 05269,Consumer,Central,2026-04-26,10,5410.85,32.9
5270,Customer 05270,Enterprise,South,2026-08-23,3,3914.18,71.7
5271,Customer 05271,SMB,North,2026-03-17,4,13755.37,62.2
5272,Customer 05272,SMB,West,2026-06-24,4,18230.5,66.8
5273,Customer 05273,SMB,West,2026-07-28,6,4833.04,68.1
5274,Customer 05274,Consumer,East,2026-09-23,5,35668.67,44.9
5275,Customer 05275,Consumer,East,2026-04-20,6,18008.78,41.1
5276,Customer 05276,SMB,North,2026-04-01,4,37286.25,67.3
5277,Customer 05277,Consumer,Central,2026-09-09,4,8470.300000000001,57.5
5278,Customer 05278,Consumer,West,2026-09-24,9,34013.19,49.2
5279,Customer 05279,Consumer,East,2026-04-27,11,6541.75,23.3
5280,Customer 05280,Consumer,East,2026-03-16,4,21931.99,71.5
5281,Customer 05281,SMB,North,2026-07-26,4,9718.5,92.8
5282,Customer 05282,SMB,East,2026-08-02,7,20798.45,51.1
5283,Customer 05283,SMB,South,2026-03-25,5,33184.18,67.6
5284,Customer 05284,Enterprise,Central,2026-08-13,4,10743.11,73.1
5285,Customer 05285,SMB,North,2026-06-12,9,6766.63,40.8
5286,Customer 05286,Consumer,West,2026-09-16,8,34754.47,56.4
5287,Customer 05287,SMB,South,2026-05-20,8,16717.02,29.5
5288,Customer 05288,Enterprise,Central,2026-09-24,7,113825.81000000001,70.1
5289,Customer 05289,SMB,West,2026-07-12,6,9291.29,58.1
5290,Customer 05290,SMB,East,2026-09-05,5,23104.16,70.1
5291,Customer 05291,Consumer,West,2026-09-07,7,74882.03,41.4
5292,Customer 05292,Consumer,Central,2026-04-19,6,35181.05,62.5
5293,Customer 05293,SMB,Central,2026-09-05,6,33788.25,56.2
5294,Customer 05294,Consumer,East,2026-08-18,2,4476.76,80.3
5295,Customer 05295,SMB,Central,2026-05-05,3,15399.48,83.3
5296,Customer 05296,Consumer,South,2026-09-18,9,17548.97,59.7
5297,Customer 05297,SMB,South,2026-03-10,4,7826.77,76.1
5298,Customer 05298,Consumer,West,2026-06-20,4,2630.86,65.2
5299,Customer 05299,Enterprise,North,2026-04-23,8,5504.35,39.7
5300,Customer 05300,Consumer,East,2026-05-14,6,3590.16,65.6
5301,Customer 05301,Enterprise,South,2026-03-19,1,23620.29,93.2
5302,Customer 05302,SMB,West,2026-08-10,3,4281.97,75.1
5303,Customer 05303,Consumer,North,2026-03-28,4,9437.48,77.0
5304,Customer 05304,Consumer,East,2026-09-17,5,27514.71,66.3
5305,Customer 05305,Enterprise,North,2026-03-27,6,12781.56,81.0
5306,Customer 05306,Consumer,North,2026-08-11,6,14190.57,70.6
5307,Customer 05307,Consumer,East,2026-05-31,6,25463.95,64.3
5308,Customer 05308,SMB,South,2026-07-24,6,6424.4,66.5
5309,Customer 05309,SMB,South,2026-09-04,5,7073.68,76.5
5310,Customer 05310,Consumer,West,2026-09-13,9,37492.97,40.9
5311,Customer 05311,SMB,West,2026-09-25,4,12664.710000000001,92.2
5312,Customer 05312,Consumer,Central,2026-07-05,6,12701.61,81.1
5313,Customer 05313,Consumer,South,2026-08-02,5,8516.02,79.3
5314,Customer 05314,Consumer,South,2026-06-09,4,7217.55,64.5
5315,Customer 05315,Enterprise,North,2026-09-08,5,60953.05,74.8
5316,Customer 05316,Consumer,East,2026-09-10,8,15234.17,55.5
5317,Customer 05317,Consumer,Central,2026-07-06,7,5891.15,67.8
5318,Customer 05318,Consumer,North,2026-09-18,9,8076.3099999999995,27.7
5319,Customer 05319,SMB,South,2026-03-29,4,4834.81,85.3
5320,Customer 05320,Consumer,West,2026-09-24,5,41674.66,80.5
5321,Customer 05321,Consumer,Central,2026-09-03,7,152068.02,73.5
5322,Customer 05322,Consumer,North,2026-07-16,8,12879.89,61.6
5323,Customer 05323,Consumer,Central,2026-08-09,5,14381.52,72.8
5324,Customer 05324,Enterprise,West,2026-09-25,9,151470.32,31.4
5325,Customer 05325,Consumer,North,2026-08-03,5,13382.44,60.5
5326,Customer 05326,SMB,West,2026-05-28,6,40780.59,60.0
5327,Customer 05327,Consumer,West,2026-03-15,6,11923.1,61.9
5328,Customer 05328,SMB,North,2026-05-26,5,4795.5,65.9
5329,Customer 05329,Consumer,South,2026-08-30,2,6545.09,82.6
5330,Customer 05330,SMB,East,2026-06-27,10,11385.55,45.2
5331,Customer 05331,SMB,East,2026-07-08,3,13577.81,82.7
5332,Customer 05332,Consumer,South,2026-09-16,4,35205.72,68.5
5333,Customer 05333,Consumer,East,2026-07-29,7,29504.75,61.5
5334,Customer 05334,Consumer,East,2026-05-07,4,10305.51,73.4
5335,Customer 05335,Enterprise,West,2026-07-22,3,16929.33,72.5
5336,Customer 05336,Consumer,North,2026-05-08,6,11071.4,53.3
5337,Customer 05337,SMB,Central,2026-05-31,3,5666.29,79.0
5338,Customer 05338,Consumer,North,2026-06-15,5,6318.72,49.8
5339,Customer 05339,Consumer,Central,2026-04-18,6,5911.95,64.5
5340,Customer 05340,SMB,West,2026-07-05,5,6442.08,62.5
5341,Customer 05341,Consumer,Central,2026-08-20,7,4563.95,39.5
5342,Customer 05342,Consumer,East,2026-07-10,3,11402.37,79.9
5343,Customer 05343,Consumer,South,2026-06-29,7,21100.99,58.4
5344,Customer 05344,Consumer,Central,2026-09-27,5,86939.06999999999,96.1
5345,Customer 05345,Consumer,West,2026-04-16,9,10836.45,37.3
5346,Customer 05346,Consumer,South,2026-03-05,3,5422.03,82.2
5347,Customer 05347,SMB,Central,2026-04-07,6,8518.9,50.4
5348,Customer 05348,Enterprise,East,2026-05-28,5,49407.36,68.7
5349,Customer 05349,Consumer,East,2026-09-16,9,74635.43000000001,27.9
5350,Customer 05350,Consumer,North,2026-09-06,7,13088.7,47.9
5351,Customer 05351,SMB,North,2026-06-15,5,5075.98,70.6
5352,Customer 05352,SMB,West,2026-09-23,11,28825.85,33.7
5353,Customer 05353,Consumer,West,2026-09-29,8,448245.94999999995,51.6
5354,Customer 05354,Consumer,Central,2026-06-05,4,19656.97,60.6
5355,Customer 05355,Consumer,South,2026-08-15,5,11652.64,59.5
5356,Customer 05356,SMB,West,2026-08-29,6,7862.86,44.2
5357,Customer 05357,Consumer,Central,2026-07-26,6,16776.08,68.6
5358,Customer 05358,Consumer,North,2026-06-30,4,7810.91,59.4
5359,Customer 05359,Consumer,South,2026-06-06,3,14426.83,83.7
5360,Customer 05360,SMB,East,2026-09-16,9,14215.39,52.8
5361,Customer 05361,Enterprise,North,2026-04-08,2,9889.6,79.8
5362,Customer 05362,Consumer,Central,2026-06-15,7,15095.75,66.6
5363,Customer 05363,Consumer,South,2026-09-12,9,28835.579999999998,70.4
5364,Customer 05364,Consumer,East,2026-05-31,8,53714.18,45.9
5365,Customer 05365,Consumer,East,2026-09-11,9,155550.46,45.4
5366,Customer 05366,SMB,North,2026-04-25,6,8455.43,57.9
5367,Customer 05367,SMB,Central,2026-09-02,8,45892.85,57.8
5368,Customer 05368,SMB,East,2026-03-11,2,11271.43,100.0
5369,Customer 05369,SMB,West,2026-06-03,8,18614.46,34.6
5370,Customer 05370,Consumer,West,2026-09-05,13,92359.85,13.7
5371,Customer 05371,Consumer,East,2026-05-09,6,4864.03,53.6
5372,Customer 05372,SMB,North,2026-07-27,10,10238.0,29.2
5373,Customer 05373,Consumer,South,2026-08-02,8,4259.14,34.9
5374,Customer 05374,SMB,North,2026-09-30,8,13321.55,32.2
5375,Customer 05375,Consumer,West,2026-08-06,7,40468.47,25.3
5376,Customer 05376,SMB,East,2026-08-14,3,14400.84,69.0
5377,Customer 05377,Consumer,North,2026-09-20,9,55747.009999999995,44.8
5378,Customer 05378,Enterprise,East,2026-06-27,2,4309.28,95.8
5379,Customer 05379,Consumer,East,2026-07-08,6,2676.89,57.5
5380,Customer 05380,Consumer,North,2026-08-26,8,7933.58,54.0
5381,Customer 05381,SMB,South,2026-07-19,6,8781.02,49.2
5382,Customer 05382,Consumer,West,2026-05-22,6,3565.05,26.8
5383,Customer 05383,Consumer,West,2026-06-26,7,11065.18,46.2
5384,Customer 05384,Consumer,Central,2026-03-20,5,7965.05,57.5
5385,Customer 05385,Consumer,Central,2026-07-22,7,8834.64,45.1
5386,Customer 05386,Consumer,North,2026-08-13,5,9929.64,71.0
5387,Customer 05387,Consumer,East,2026-06-28,5,7475.47,38.0
5388,Customer 05388,Consumer,South,2026-07-28,13,3988.97,25.7
5389,Customer 05389,Consumer,Central,2026-07-29,4,41924.01,93.8
5390,Customer 05390,SMB,Central,2026-09-24,6,37973.649999999994,81.2
5391,Customer 05391,Consumer,Central,2026-08-09,8,12585.16,58.1
5392,Customer 05392,SMB,South,2026-06-26,5,21462.68,65.8
5393,Customer 05393,Consumer,East,2026-07-12,5,24796.58,84.1
5394,Customer 05394,Consumer,Central,2026-07-29,6,6776.65,74.5
5395,Customer 05395,Consumer,North,2026-08-15,2,9634.73,96.1
5396,Customer 05396,SMB,South,2026-09-04,9,42177.85,25.5
5397,Customer 05397,SMB,South,2026-06-24,6,6473.72,51.3
5398,Customer 05398,Consumer,Central,2026-04-01,4,3760.27,91.9
5399,Customer 05399,Enterprise,West,2026-08-17,11,10183.52,27.4
5400,Customer 05400,Consumer,West,2026-09-28,6,20356.93,49.6
5401,Customer 05401,Consumer,North,2026-04-17,9,9955.55,34.3
5402,Customer 05402,Consumer,North,2026-04-14,11,17181.07,21.9
5403,Customer 05403,SMB,North,2026-04-30,8,26971.24,33.1
5404,Customer 05404,Consumer,South,2026-05-23,8,11409.8,24.8
5405,Customer 05405,SMB,North,2026-09-28,5,189824.32,82.8
5406,Customer 05406,Consumer,East,2026-06-19,7,10548.77,60.1
5407,Customer 05407,SMB,North,2026-09-07,6,12719.560000000001,66.5
5408,Customer 05408,Consumer,East,2026-08-19,5,7975.3,32.1
5409,Customer 05409,SMB,North,2026-06-01,6,12059.59,75.3
5410,Customer 05410,Consumer,West,2026-05-27,3,19075.86,75.9
5411,Customer 05411,Consumer,North,2026-03-17,9,13122.3,65.3
5412,Customer 05412,Enterprise,West,2026-06-26,5,10477.42,79.3
5413,Customer 05413,Consumer,North,2026-08-14,8,4352.75,49.9
5414,Customer 05414,Consumer,South,2026-09-07,8,92989.26000000001,73.0
5415,Customer 05415,Consumer,North,2026-05-30,1,9302.51,92.9
5416,Customer 05416,Consumer,Central,2026-06-14,9,7315.71,46.6
5417,Customer 05417,Enterprise,East,2026-09-10,11,22066.91,52.4
5418,Customer 05418,Enterprise,North,2026-08-20,7,3441.7,45.4
5419,Customer 05419,SMB,North,2026-08-21,10,10931.4,41.1
5420,Customer 05420,Enterprise,East,2026-05-31,5,12272.22,92.4
5421,Customer 05421,Consumer,East,2026-09-24,7,20596.550000000003,74.7
5422,Customer 05422,SMB,West,2026-05-20,3,12921.32,86.5
5423,Customer 05423,Consumer,South,2026-09-27,11,127984.62,21.7
5424,Customer 05424,Consumer,Central,2026-06-04,9,6925.04,40.1
5425,Customer 05425,Consumer,West,2026-09-27,5,10281.93,78.5
5426,Customer 05426,Enterprise,East,2026-09-27,8,19482.64,31.2
5427,Customer 05427,SMB,North,2026-03-24,2,5928.12,100.0
5428,Customer 05428,Consumer,East,2026-03-17,13,7698.53,24.7
5429,Customer 05429,SMB,West,2026-06-02,4,9109.64,72.9
5430,Customer 05430,Consumer,North,2026-06-24,5,39143.72,73.2
5431,Customer 05431,Consumer,East,2026-04-14,6,19096.77,54.6
5432,Customer 05432,Consumer,Central,2026-07-13,4,24380.58,71.7
5433,Customer 05433,SMB,East,2026-05-17,6,16991.87,55.9
5434,Customer 05434,Consumer,Central,2026-05-06,7,3973.53,56.8
5435,Customer 05435,Consumer,South,2026-08-15,8,11130.27,35.4
5436,Customer 05436,Consumer,Central,2026-03-14,6,12619.49,55.6
5437,Customer 05437,Consumer,North,2026-09-16,7,15451.27,57.5
5438,Customer 05438,SMB,North,2026-06-19,4,7153.54,63.1
5439,Customer 05439,SMB,North,2026-04-27,3,21642.39,76.7
5440,Customer 05440,Enterprise,South,2026-04-13,2,22444.74,83.3
5441,Customer 05441,Consumer,West,2026-06-23,5,23560.93,69.2
5442,Customer 05442,Consumer,South,2026-06-27,6,3922.52,69.6
5443,Customer 05443,SMB,East,2026-08-27,6,17822.94,55.3
5444,Customer 05444,Consumer,South,2026-05-02,4,10142.88,68.6
5445,Customer 05445,Consumer,East,2026-04-18,10,13004.14,43.7
5446,Customer 05446,Consumer,North,2026-04-21,6,9458.79,60.5
5447,Customer 05447,Consumer,South,2026-06-09,4,14218.97,70.1
5448,Customer 05448,SMB,Central,2026-03-07,4,24234.04,89.4
5449,Customer 05449,Consumer,East,2026-09-23,6,40459.33,52.1
5450,Customer 05450,Consumer,Central,2026-07-16,8,16759.43,53.4
5451,Customer 05451,SMB,South,2026-06-20,5,6621.39,79.7
5452,Customer 05452,Enterprise,North,2026-08-18,4,9883.48,60.8
5453,Customer 05453,Consumer,Central,2026-07-19,7,10131.56,40.5
5454,Customer 05454,SMB,Central,2026-03-07,7,7593.67,55.1
5455,Customer 05455,Consumer,Central,2026-08-30,2,10619.04,75.9
5456,Customer 05456,Consumer,North,2026-03-24,6,14222.88,43.7
5457,Customer 05457,SMB,East,2026-06-19,6,4542.66,53.4
5458,Customer 05458,Consumer,North,2026-09-04,8,18006.57,60.8
5459,Customer 05459,SMB,South,2026-09-11,7,35421.57,79.9
5460,Customer 05460,SMB,North,2026-06-14,4,8248.62,60.5
5461,Customer 05461,SMB,East,2026-09-24,10,28346.760000000002,43.0
5462,Customer 05462,Consumer,South,2026-07-19,4,18338.08,77.9
5463,Customer 05463,Consumer,West,2026-04-03,3,8748.08,74.8
5464,Customer 05464,SMB,North,2026-09-20,8,86053.8,60.2
5465,Customer 05465,Consumer,West,2026-04-10,3,7579.65,82.1
5466,Customer 05466,SMB,Central,2026-09-05,6,34473.49,69.5
5467,Customer 05467,Consumer,Central,2026-09-05,9,32942.47,20.7
5468,Customer 05468,Consumer,West,2026-05-31,4,8649.18,80.8
5469,Customer 05469,SMB,East,2026-04-07,5,13195.24,62.8
5470,Customer 05470,Consumer,North,2026-04-01,6,33882.06,46.9
5471,Customer 05471,Consumer,North,2026-09-07,10,21085.34,17.5
5472,Customer 05472,Consumer,Central,2026-06-22,4,6679.85,88.9
5473,Customer 05473,Consumer,West,2026-06-22,7,4131.32,57.5
5474,Customer 05474,Consumer,Central,2026-06-01,8,5411.4,45.6
5475,Customer 05475,SMB,South,2026-09-13,8,127034.14,68.8
5476,Customer 05476,SMB,East,2026-09-03,10,42563.2,37.6
5477,Customer 05477,Consumer,East,2026-07-26,8,2975.96,38.0
5478,Customer 05478,Consumer,West,2026-09-04,8,156376.03,50.8
5479,Customer 05479,Consumer,East,2026-06-22,8,18481.26,18.5
5480,Customer 05480,Consumer,South,2026-09-13,7,151621.63,49.8
5481,Customer 05481,Consumer,North,2026-09-13,7,39383.79,60.5
5482,Customer 05482,Consumer,East,2026-09-03,10,48296.369999999995,58.7
5483,Customer 05483,Enterprise,East,2026-05-24,5,9150.9,68.9
5484,Customer 05484,Enterprise,North,2026-05-20,5,5171.09,81.2
5485,Customer 05485,Consumer,West,2026-05-06,5,8041.67,62.0
5486,Customer 05486,Consumer,West,2026-04-14,5,17264.22,65.0
5487,Customer 05487,Consumer,West,2026-04-03,10,7813.49,52.6
5488,Customer 05488,Consumer,East,2026-07-11,9,10390.28,41.7
5489,Customer 05489,SMB,South,2026-08-22,4,16083.68,75.6
5490,Customer 05490,Consumer,North,2026-05-27,4,15574.01,60.6
5491,Customer 05491,Consumer,West,2026-07-12,9,8440.35,28.8
5492,Customer 05492,Consumer,Central,2026-09-29,9,77047.37,44.3
5493,Customer 05493,Consumer,South,2026-03-12,6,5837.91,70.3
5494,Customer 05494,Consumer,Central,2026-03-25,3,28083.44,74.7
5495,Customer 05495,SMB,East,2026-03-31,11,16073.91,23.8
5496,Customer 05496,SMB,West,2026-06-13,3,16556.39,81.3
5497,Customer 05497,Consumer,South,2026-09-20,6,16464.17,80.5
5498,Customer 05498,SMB,North,2026-07-04,2,37675.15,99.2
5499,Customer 05499,Consumer,Central,2026-07-06,9,6598.79,41.0
5500,Customer 05500,Consumer,Central,2026-09-22,9,64796.16,31.7
5501,Customer 05501,Consumer,South,2026-04-29,5,8329.32,44.6
5502,Customer 05502,Consumer,West,2026-08-14,6,5462.78,68.4
5503,Customer 05503,SMB,North,2026-07-02,7,5278.88,44.4
5504,Customer 05504,Consumer,East,2026-07-26,8,7845.49,33.8
5505,Customer 05505,Consumer,South,2026-09-15,6,71017.48,68.7
5506,Customer 05506,Consumer,East,2026-09-28,6,13977.96,72.1
5507,Customer 05507,SMB,North,2026-07-01,4,26824.5,65.7
5508,Customer 05508,Consumer,Central,2026-03-05,4,20202.1,80.0
5509,Customer 05509,SMB,South,2026-09-16,3,45952.67,87.5
5510,Customer 05510,Consumer,East,2026-03-30,5,10108.98,62.1
5511,Customer 05511,Enterprise,North,2026-06-24,5,16808.55,66.1
5512,Customer 05512,Consumer,Central,2026-09-20,6,20107.629999999997,97.3
5513,Customer 05513,Consumer,Central,2026-05-25,2,22407.64,92.8
5514,Customer 05514,SMB,North,2026-09-29,5,53109.8,86.9
5515,Customer 05515,Consumer,North,2026-09-08,9,130114.43,50.8
5516,Customer 05516,Consumer,South,2026-05-24,6,4203.52,50.7
5517,Customer 05517,Consumer,East,2026-07-11,4,17175.5,85.8
5518,Customer 05518,Consumer,North,2026-05-03,8,9463.96,60.2
5519,Customer 05519,SMB,North,2026-06-19,5,11820.22,51.9
5520,Customer 05520,SMB,West,2026-09-20,10,7090.1900000000005,22.9
5521,Customer 05521,SMB,South,2026-03-09,7,26458.15,66.7
5522,Customer 05522,Consumer,West,2026-03-18,3,17071.76,85.3
5523,Customer 05523,Enterprise,East,2026-07-21,6,8422.38,66.2
5524,Customer 05524,Consumer,Central,2026-06-11,8,31461.1,43.1
5525,Customer 05525,Consumer,East,2026-07-18,7,7311.75,41.7
5526,Customer 05526,SMB,Central,2026-07-02,7,27230.76,76.4
5527,Customer 05527,Consumer,East,2026-05-27,8,10980.27,42.0
5528,Customer 05528,Consumer,Central,2026-09-30,6,10272.14,59.1
5529,Customer 05529,SMB,East,2026-05-17,5,39350.75,77.0
5530,Customer 05530,Consumer,Central,2026-09-06,5,12361.93,57.4
5531,Customer 05531,Consumer,Central,2026-04-25,5,5254.15,100.0
5532,Customer 05532,Consumer,East,2026-05-12,6,11308.64,56.1
5533,Customer 05533,SMB,West,2026-05-16,5,13216.79,72.0
5534,Customer 05534,Consumer,Central,2026-09-24,9,94668.37999999999,55.4
5535,Customer 05535,Consumer,South,2026-09-16,8,20607.45,47.1
5536,Customer 05536,Consumer,Central,2026-05-09,4,4274.75,69.7
5537,Customer 05537,Consumer,East,2026-05-26,3,2783.68,78.1
5538,Customer 05538,Consumer,West,2026-09-12,3,69579.34,78.2
5539,Customer 05539,Consumer,North,2026-06-06,5,21590.89,79.4
5540,Customer 05540,SMB,South,2026-09-17,6,169421.5,66.2
5541,Customer 05541,Consumer,South,2026-07-10,6,40701.44,50.2
5542,Customer 05542,Consumer,South,2026-08-18,4,13376.11,79.2
5543,Customer 05543,SMB,South,2026-06-23,6,69745.53,78.0
5544,Customer 05544,Consumer,South,2026-08-28,7,31466.8,53.2
5545,Customer 05545,Consumer,Central,2026-08-22,6,19345.73,34.2
5546,Customer 05546,Consumer,South,2026-08-31,3,17345.02,69.9
5547,Customer 05547,SMB,West,2026-06-06,6,7853.7,44.4
5548,Customer 05548,SMB,Central,2026-03-27,4,4112.08,78.1
5549,Customer 05549,Consumer,North,2026-03-07,6,5688.03,69.7
5550,Customer 05550,Consumer,West,2026-06-13,4,25967.06,67.5
5551,Customer 05551,Consumer,Central,2026-03-22,10,7104.53,52.3
5552,Customer 05552,Consumer,East,2026-05-20,4,7428.45,48.2
5553,Customer 05553,Consumer,Central,2026-04-07,4,32064.3,76.1
5554,Customer 05554,Consumer,South,2026-07-25,5,18720.39,65.4
5555,Customer 05555,SMB,Central,2026-05-15,8,8417.94,41.0
5556,Customer 05556,Enterprise,East,2026-09-27,7,31938.41,55.3
5557,Customer 05557,Consumer,West,2026-09-18,11,96645.99,47.7
5558,Customer 05558,Consumer,North,2026-05-27,6,20563.91,53.7
5559,Customer 05559,Consumer,South,2026-06-17,7,21636.43,36.9
5560,Customer 05560,SMB,Central,2026-08-23,6,4832.65,58.3
5561,Customer 05561,SMB,East,2026-09-28,6,31999.61,67.1
5562,Customer 05562,Consumer,East,2026-04-09,5,15479.81,65.3
5563,Customer 05563,Consumer,East,2026-07-31,9,19100.05,31.5
5564,Customer 05564,SMB,North,2026-09-25,8,50009.950000000004,45.5
5565,Customer 05565,Consumer,South,2026-08-12,4,8306.43,86.6
5566,Customer 05566,Consumer,East,2026-08-28,5,8419.0,60.8
5567,Customer 05567,Consumer,South,2026-06-18,5,8598.19,56.2
5568,Customer 05568,SMB,Central,2026-09-25,7,45018.74,54.4
5569,Customer 05569,SMB,West,2026-04-18,8,5287.96,24.3
5570,Customer 05570,Consumer,Central,2026-09-22,8,32029.62,47.9
5571,Customer 05571,Consumer,West,2026-08-06,5,3265.52,73.6
5572,Customer 05572,Consumer,Central,2026-08-05,5,5624.54,71.3
5573,Customer 05573,SMB,South,2026-07-04,4,5733.03,77.5
5574,Customer 05574,Consumer,North,2026-03-20,5,10610.98,61.1
5575,Customer 05575,SMB,Central,2026-06-15,5,7268.3,52.6
5576,Customer 05576,SMB,West,2026-03-10,6,13450.83,68.7
5577,Customer 05577,Consumer,North,2026-04-04,5,13445.92,72.1
5578,Customer 05578,Enterprise,North,2026-09-09,4,362697.35,60.9
5579,Customer 05579,Consumer,Central,2026-09-17,8,135085.88,70.4
5580,Customer 05580,Consumer,Central,2026-09-06,4,20546.36,91.7
5581,Customer 05581,SMB,East,2026-09-08,11,62140.939999999995,30.3
5582,Customer 05582,Consumer,Central,2026-05-24,5,15340.73,55.0
5583,Customer 05583,SMB,West,2026-07-19,6,1700.17,53.6
5584,Customer 05584,SMB,West,2026-09-26,10,43667.33,44.4
5585,Customer 05585,Consumer,Central,2026-06-19,10,16602.65,31.3
5586,Customer 05586,Consumer,West,2026-05-14,7,5661.3,51.3
5587,Customer 05587,SMB,North,2026-03-25,8,17575.76,30.1
5588,Customer 05588,SMB,East,2026-08-16,5,15291.12,50.6
5589,Customer 05589,Consumer,Central,2026-09-26,6,54340.29,82.6
5590,Customer 05590,Consumer,North,2026-09-06,9,106516.85,55.4
5591,Customer 05591,Consumer,Central,2026-08-12,7,18856.18,63.5
5592,Customer 05592,SMB,Central,2026-07-08,9,4427.9,27.1
5593,Customer 05593,SMB,West,2026-05-15,6,4582.75,58.2
5594,Customer 05594,Consumer,North,2026-05-24,1,14135.04,97.2
5595,Customer 05595,SMB,East,2026-09-12,8,16061.79,52.9
5596,Customer 05596,SMB,Central,2026-09-13,12,38870.84,14.9
5597,Customer 05597,SMB,North,2026-03-28,6,5304.75,44.7
5598,Customer 05598,Consumer,West,2026-05-06,5,18120.85,54.5
5599,Customer 05599,SMB,North,2026-05-09,7,14361.8,61.4
5600,Customer 05600,SMB,North,2026-03-20,9,6683.8,49.1
5601,Customer 05601,Consumer,South,2026-06-25,3,22992.85,87.3
5602,Customer 05602,Consumer,East,2026-08-22,2,14595.38,82.1
5603,Customer 05603,Consumer,East,2026-07-26,8,12652.73,38.3
5604,Customer 05604,SMB,South,2026-04-02,6,15731.45,72.1
5605,Customer 05605,Consumer,North,2026-06-03,11,5852.81,37.6
5606,Customer 05606,Consumer,North,2026-08-26,6,7148.35,49.1
5607,Customer 05607,Consumer,East,2026-03-06,6,8555.16,73.3
5608,Customer 05608,SMB,South,2026-04-03,8,12010.95,26.4
5609,Customer 05609,Consumer,North,2026-04-26,10,4314.22,20.1
5610,Customer 05610,Consumer,South,2026-09-08,5,24371.51,85.5
5611,Customer 05611,Consumer,Central,2026-08-31,5,11054.4,44.4
5612,Customer 05612,Consumer,Central,2026-08-07,7,20468.43,47.9
5613,Customer 05613,Consumer,Central,2026-09-06,7,23703.14,46.9
5614,Customer 05614,Consumer,Central,2026-04-21,6,28269.81,53.1
5615,Customer 05615,Consumer,South,2026-05-12,4,2324.91,82.7
5616,Customer 05616,Consumer,North,2026-07-11,4,13148.2,75.8
5617,Customer 05617,Consumer,West,2026-09-09,5,342991.44,71.8
5618,Customer 05618,Consumer,East,2026-09-04,10,247989.0,42.6
5619,Customer 05619,Consumer,Central,2026-09-28,12,542548.7799999999,14.0
5620,Customer 05620,Consumer,West,2026-04-17,4,5393.32,70.0
5621,Customer 05621,Consumer,West,2026-09-05,11,173872.94,34.8
5622,Customer 05622,Consumer,West,2026-05-04,3,13406.1,88.6
5623,Customer 05623,Enterprise,West,2026-05-06,3,9078.29,88.4
5624,Customer 05624,Consumer,West,2026-04-22,9,12740.92,50.0
5625,Customer 05625,Consumer,West,2026-09-02,9,37430.57,55.2
5626,Customer 05626,SMB,West,2026-08-30,6,4398.7,52.6
5627,Customer 05627,Consumer,South,2026-04-20,4,4141.49,67.4
5628,Customer 05628,SMB,North,2026-09-17,3,20248.730000000003,86.4
5629,Customer 05629,SMB,West,2026-06-09,6,3142.29,61.7
5630,Customer 05630,Consumer,North,2026-05-03,8,9361.58,35.1
5631,Customer 05631,Consumer,North,2026-09-18,7,20764.22,79.5
5632,Customer 05632,Consumer,West,2026-03-12,6,3642.4,69.6
5633,Customer 05633,SMB,East,2026-06-26,7,11661.07,37.2
5634,Customer 05634,Consumer,South,2026-08-16,3,8893.06,68.3
5635,Customer 05635,Enterprise,North,2026-09-24,9,13054.4,41.2
5636,Customer 05636,Consumer,East,2026-04-09,10,36831.48,64.2
5637,Customer 05637,SMB,Central,2026-03-17,11,6299.52,32.1
5638,Customer 05638,SMB,South,2026-09-20,7,59939.64,69.1
5639,Customer 05639,Consumer,East,2026-07-21,4,4811.7,73.1
5640,Customer 05640,SMB,North,2026-05-26,8,8293.79,32.9
5641,Customer 05641,SMB,Central,2026-03-29,7,6375.97,58.5
5642,Customer 05642,Consumer,East,2026-07-21,9,4564.31,47.0
5643,Customer 05643,Consumer,East,2026-08-03,5,10333.01,60.0
5644,Customer 05644,SMB,South,2026-07-10,5,3870.73,71.9
5645,Customer 05645,Consumer,North,2026-09-23,7,14548.85,46.2
5646,Customer 05646,Consumer,West,2026-09-09,11,32005.820000000003,50.8
5647,Customer 05647,Consumer,South,2026-04-18,6,5968.8,87.0
5648,Customer 05648,SMB,East,2026-06-16,6,29493.07,61.8
5649,Customer 05649,SMB,Central,2026-07-12,5,2908.96,75.5
5650,Customer 05650,SMB,West,2026-07-15,5,2673.49,58.6
5651,Customer 05651,Consumer,East,2026-05-25,4,5816.57,74.7
5652,Customer 05652,SMB,South,2026-09-03,6,17234.77,68.8
5653,Customer 05653,SMB,South,2026-07-06,4,22068.32,54.4
5654,Customer 05654,Consumer,East,2026-08-07,4,5248.45,51.2
5655,Customer 05655,Consumer,East,2026-06-30,5,13073.08,67.5
5656,Customer 05656,Enterprise,East,2026-09-11,5,16596.32,75.3
5657,Customer 05657,Consumer,East,2026-04-18,5,7670.71,47.4
5658,Customer 05658,Enterprise,Central,2026-08-22,4,17985.96,64.6
5659,Customer 05659,Consumer,West,2026-04-28,5,4749.25,51.6
5660,Customer 05660,Consumer,West,2026-09-09,4,152096.88999999998,81.1
5661,Customer 05661,Consumer,North,2026-09-07,5,22044.600000000002,63.8
5662,Customer 05662,Consumer,East,2026-04-10,4,10832.49,75.1
5663,Customer 05663,Consumer,Central,2026-04-15,8,3347.1,28.9
5664,Customer 05664,Consumer,East,2026-09-30,6,46404.46,82.6
5665,Customer 05665,Enterprise,East,2026-08-01,6,37158.42,65.3
5666,Customer 05666,Enterprise,East,2026-08-01,5,3012.03,65.4
5667,Customer 05667,Enterprise,North,2026-04-10,6,3727.47,66.1
5668,Customer 05668,Consumer,South,2026-06-21,4,37658.57,61.1
5669,Customer 05669,SMB,South,2026-09-27,9,27694.58,54.0
5670,Customer 05670,Consumer,East,2026-09-30,8,57516.19,48.7
5671,Customer 05671,Consumer,North,2026-06-30,9,34441.99,48.0
5672,Customer 05672,Consumer,Central,2026-05-29,4,7199.22,93.5
5673,Customer 05673,Consumer,South,2026-06-14,2,4913.97,84.9
5674,Customer 05674,Consumer,South,2026-07-15,6,19638.63,59.1
5675,Customer 05675,SMB,East,2026-03-14,8,14700.66,59.1
5676,Customer 05676,Consumer,Central,2026-06-27,5,7294.13,67.9
5677,Customer 05677,Consumer,South,2026-08-13,5,2765.22,60.8
5678,Customer 05678,Enterprise,East,2026-07-30,6,8131.98,55.7
5679,Customer 05679,Consumer,Central,2026-06-15,4,29112.99,62.1
5680,Customer 05680,Consumer,West,2026-09-16,6,30220.76,82.2
5681,Customer 05681,Consumer,East,2026-04-30,7,7123.52,48.0
5682,Customer 05682,Enterprise,North,2026-04-06,8,7653.59,53.3
5683,Customer 05683,Consumer,East,2026-07-14,9,12348.78,41.0
5684,Customer 05684,Consumer,South,2026-06-21,5,7251.8,49.0
5685,Customer 05685,Consumer,North,2026-09-14,5,34526.01,79.4
5686,Customer 05686,Consumer,Central,2026-04-15,14,8677.71,8.9
5687,Customer 05687,Consumer,North,2026-09-23,5,47978.44,67.1
5688,Customer 05688,Consumer,East,2026-08-25,8,18027.04,33.0
5689,Customer 05689,Consumer,Central,2026-06-06,9,17832.14,26.2
5690,Customer 05690,Consumer,South,2026-05-27,6,12610.2,77.1
5691,Customer 05691,Consumer,South,2026-03-05,6,12394.45,59.0
5692,Customer 05692,Consumer,Central,2026-06-19,7,2219.56,61.0
5693,Customer 05693,Consumer,Central,2026-09-02,6,38386.759999999995,65.4
5694,Customer 05694,Consumer,West,2026-09-16,5,62448.38,78.5
5695,Customer 05695,Consumer,South,2026-06-13,7,1469.69,47.6
5696,Customer 05696,SMB,West,2026-06-05,8,2447.62,40.5
5697,Customer 05697,Consumer,West,2026-04-09,4,13312.68,76.8
5698,Customer 05698,Consumer,West,2026-09-10,9,74599.45,48.9
5699,Customer 05699,Enterprise,West,2026-04-23,7,17951.86,53.9
5700,Customer 05700,Enterprise,Central,2026-09-18,7,46713.1,51.6
5701,Customer 05701,Consumer,East,2026-07-21,7,2775.15,54.3
5702,Customer 05702,Enterprise,South,2026-04-05,4,6562.31,78.4
5703,Customer 05703,SMB,Central,2026-09-03,7,62843.81999999999,53.8
5704,Customer 05704,Consumer,North,2026-05-31,4,5966.41,52.9
5705,Customer 05705,Consumer,North,2026-07-09,6,7790.96,67.8
5706,Customer 05706,SMB,East,2026-09-01,5,65935.27,62.4
5707,Customer 05707,Consumer,Central,2026-07-18,5,6260.43,82.5
5708,Customer 05708,Enterprise,West,2026-03-25,5,6665.46,49.9
5709,Customer 05709,Consumer,East,2026-04-25,6,2661.33,69.1
5710,Customer 05710,Consumer,East,2026-06-26,2,7013.05,70.1
5711,Customer 05711,Enterprise,South,2026-03-11,5,100363.33,67.4
5712,Customer 05712,Enterprise,West,2026-03-21,7,71083.99,56.6
5713,Customer 05713,Consumer,East,2026-05-23,8,10263.34,49.6
5714,Customer 05714,SMB,West,2026-07-04,6,2452.53,68.0
5715,Customer 05715,Consumer,Central,2026-06-13,8,6933.43,31.9
5716,Customer 05716,Consumer,South,2026-05-11,7,14813.25,46.9
5717,Customer 05717,Consumer,East,2026-04-15,6,14393.54,27.9
5718,Customer 05718,Consumer,South,2026-09-27,9,59488.439999999995,60.2
5719,Customer 05719,Enterprise,Central,2026-09-17,5,25217.86,72.9
5720,Customer 05720,Consumer,North,2026-09-07,8,60914.20999999999,44.3
5721,Customer 05721,Enterprise,Central,2026-03-14,4,4938.07,84.4
5722,Customer 05722,Consumer,East,2026-09-21,7,47077.11,67.7
5723,Customer 05723,SMB,North,2026-04-22,7,2706.96,54.2
5724,Customer 05724,Consumer,Central,2026-09-15,11,124046.78,33.4
5725,Customer 05725,Consumer,Central,2026-03-05,4,29783.66,75.4
5726,Customer 05726,Consumer,East,2026-09-18,10,106922.15,36.3
5727,Customer 05727,Enterprise,South,2026-09-03,6,22867.63,63.0
5728,Customer 05728,Consumer,West,2026-03-29,5,8042.95,68.7
5729,Customer 05729,Consumer,West,2026-05-03,6,4096.59,72.2
5730,Customer 05730,SMB,Central,2026-08-09,9,8783.43,6.0
5731,Customer 05731,SMB,East,2026-06-01,8,14562.34,29.6
5732,Customer 05732,Consumer,Central,2026-05-26,4,15680.81,54.4
5733,Customer 05733,Consumer,West,2026-03-15,7,16985.97,28.3
5734,Customer 05734,Consumer,West,2026-05-13,3,3304.53,93.7
5735,Customer 05735,SMB,South,2026-09-04,6,283752.48,62.5
5736,Customer 05736,Consumer,North,2026-03-23,5,7176.76,73.5
5737,Customer 05737,SMB,South,2026-08-22,2,53633.19,97.7
5738,Customer 05738,Consumer,Central,2026-04-17,7,22071.55,51.4
5739,Customer 05739,Consumer,West,2026-08-23,8,6002.74,19.5
5740,Customer 05740,Consumer,Central,2026-06-01,7,11800.11,37.7
5741,Customer 05741,Enterprise,North,2026-08-03,6,55729.65,33.8
5742,Customer 05742,Consumer,East,2026-05-07,5,15458.81,67.5
5743,Customer 05743,Consumer,North,2026-09-06,10,232948.72,26.2
5744,Customer 05744,Consumer,North,2026-03-12,7,30746.68,47.9
5745,Customer 05745,Consumer,East,2026-06-17,8,5736.02,36.5
5746,Customer 05746,Consumer,East,2026-05-22,6,7190.16,50.6
5747,Customer 05747,Consumer,North,2026-09-07,7,78687.15,56.5
5748,Customer 05748,Consumer,West,2026-03-05,3,11793.87,87.3
5749,Customer 05749,Enterprise,East,2026-09-03,8,32520.129999999997,55.4
5750,Customer 05750,SMB,East,2026-09-29,8,65951.34999999999,58.4
5751,Customer 05751,Consumer,West,2026-07-11,4,9374.83,67.0
5752,Customer 05752,Consumer,East,2026-05-02,6,4295.51,68.5
5753,Customer 05753,Consumer,North,2026-04-07,5,18324.5,92.7
5754,Customer 05754,Consumer,North,2026-05-13,7,11606.05,41.7
5755,Customer 05755,Consumer,South,2026-09-29,7,60256.08,39.6
5756,Customer 05756,Consumer,South,2026-06-08,5,7331.79,67.7
5757,Customer 05757,SMB,East,2026-08-08,7,4290.58,58.6
5758,Customer 05758,Consumer,East,2026-03-19,4,3470.33,76.9
5759,Customer 05759,Consumer,North,2026-09-11,5,195195.03,95.7
5760,Customer 05760,Consumer,North,2026-03-15,6,11277.32,44.6
5761,Customer 05761,Consumer,East,2026-04-01,8,28007.36,30.0
5762,Customer 05762,Consumer,North,2026-09-02,8,14567.349999999999,39.6
5763,Customer 05763,Consumer,West,2026-09-06,6,15886.0,75.1
5764,Customer 05764,Consumer,East,2026-07-28,8,6464.49,34.0
5765,Customer 05765,SMB,North,2026-04-02,7,8811.83,47.7
5766,Customer 05766,Enterprise,West,2026-08-06,9,3222.39,56.0
5767,Customer 05767,SMB,Central,2026-09-12,8,46368.96,56.0
5768,Customer 05768,Consumer,South,2026-05-20,6,34502.8,61.0
5769,Customer 05769,Consumer,East,2026-06-10,6,15846.97,61.0
5770,Customer 05770,Consumer,Central,2026-07-03,7,9496.21,43.4
5771,Customer 05771,Consumer,East,2026-09-21,9,11548.51,38.9
5772,Customer 05772,Consumer,North,2026-03-26,7,14774.03,58.2
5773,Customer 05773,Consumer,Central,2026-03-22,9,30648.48,31.2
5774,Customer 05774,Consumer,Central,2026-08-23,8,10683.44,58.6
5775,Customer 05775,Enterprise,East,2026-07-06,12,13186.9,18.3
5776,Customer 05776,Consumer,South,2026-04-28,4,17191.27,64.5
5777,Customer 05777,SMB,Central,2026-09-16,7,541289.4,54.3
5778,Customer 05778,Enterprise,South,2026-03-21,5,9075.27,79.2
5779,Customer 05779,Consumer,East,2026-06-19,2,18843.98,63.0
5780,Customer 05780,Consumer,South,2026-09-13,11,47298.88,50.1
5781,Customer 05781,Enterprise,North,2026-08-15,4,36862.85,69.9
5782,Customer 05782,SMB,South,2026-06-15,8,30136.63,57.2
5783,Customer 05783,SMB,West,2026-06-20,3,5658.12,84.9
5784,Customer 05784,SMB,North,2026-08-06,7,13653.72,54.1
5785,Customer 05785,Consumer,North,2026-09-02,7,165651.56999999998,34.2
5786,Customer 05786,Consumer,West,2026-08-16,5,2581.79,61.8
5787,Customer 05787,Enterprise,East,2026-08-09,10,7788.7,26.4
5788,Customer 05788,Enterprise,Central,2026-08-24,4,10444.63,66.8
5789,Customer 05789,Consumer,West,2026-08-03,5,89198.54,54.8
5790,Customer 05790,Consumer,North,2026-05-07,7,2267.38,63.3
5791,Customer 05791,Consumer,Central,2026-07-13,8,14500.76,42.7
5792,Customer 05792,SMB,South,2026-05-23,10,3016.43,42.1
5793,Customer 05793,SMB,North,2026-09-30,9,16973.129999999997,54.8
5794,Customer 05794,Consumer,West,2026-07-26,2,17044.73,87.9
5795,Customer 05795,Consumer,Central,2026-05-14,7,16253.58,56.6
5796,Customer 05796,SMB,West,2026-07-30,4,18350.26,66.0
5797,Customer 05797,Enterprise,East,2026-05-27,4,22103.29,85.5
5798,Customer 05798,Consumer,West,2026-08-18,6,7001.51,30.1
5799,Customer 05799,Consumer,North,2026-09-05,6,7168.65,60.1
5800,Customer 05800,SMB,East,2026-09-04,8,18156.739999999998,59.8
5801,Customer 05801,Consumer,North,2026-09-03,7,39776.28,75.6
5802,Customer 05802,Consumer,West,2026-09-25,7,9923.69,78.5
5803,Customer 05803,Consumer,South,2026-06-05,7,36137.14,54.6
5804,Customer 05804,SMB,Central,2026-04-12,8,9191.79,37.9
5805,Customer 05805,SMB,Central,2026-03-09,5,12478.52,75.2
5806,Customer 05806,Enterprise,West,2026-05-27,5,14979.91,60.2
5807,Customer 05807,SMB,South,2026-04-13,10,13794.16,19.8
5808,Customer 05808,SMB,South,2026-09-30,10,55660.29,42.1
5809,Customer 05809,Consumer,East,2026-07-04,7,5450.12,32.6
5810,Customer 05810,SMB,West,2026-09-20,4,241193.03,82.4
5811,Customer 05811,Consumer,North,2026-04-10,6,8053.64,40.4
5812,Customer 05812,Enterprise,South,2026-09-27,5,107022.06999999999,81.6
5813,Customer 05813,Consumer,Central,2026-07-25,11,9703.27,31.3
5814,Customer 05814,Consumer,West,2026-07-15,9,4254.62,58.5
5815,Customer 05815,Consumer,West,2026-09-13,11,13213.92,29.4
5816,Customer 05816,Consumer,East,2026-05-02,7,6051.77,51.9
5817,Customer 05817,SMB,Central,2026-09-13,3,28017.559999999998,87.8
5818,Customer 05818,Consumer,South,2026-09-12,8,37856.69,38.7
5819,Customer 05819,Consumer,Central,2026-04-21,9,14086.78,33.8
5820,Customer 05820,Consumer,Central,2026-08-16,5,3962.6,70.7
5821,Customer 05821,SMB,Central,2026-04-26,2,34782.79,94.5
5822,Customer 05822,Consumer,West,2026-09-14,6,54489.85,78.9
5823,Customer 05823,Consumer,Central,2026-06-29,5,13456.11,70.3
5824,Customer 05824,Enterprise,Central,2026-05-19,6,8228.44,59.1
5825,Customer 05825,Consumer,South,2026-05-05,13,4943.09,6.6
5826,Customer 05826,Consumer,South,2026-09-01,7,26985.47,70.0
5827,Customer 05827,Consumer,South,2026-04-13,3,20052.26,70.2
5828,Customer 05828,SMB,North,2026-07-24,4,3450.96,49.9
5829,Customer 05829,Consumer,East,2026-05-24,5,5209.47,59.9
5830,Customer 05830,Consumer,North,2026-08-09,7,28595.18,33.7
5831,Customer 05831,Consumer,South,2026-05-24,10,6241.96,31.6
5832,Customer 05832,Consumer,South,2026-05-28,6,3690.36,65.8
5833,Customer 05833,Consumer,East,2026-08-20,7,19898.27,51.5
5834,Customer 05834,Consumer,East,2026-09-27,7,30643.159999999996,68.4
5835,Customer 05835,Consumer,North,2026-04-30,3,2336.0,95.3
5836,Customer 05836,SMB,East,2026-07-30,8,5809.39,51.6
5837,Customer 05837,Consumer,South,2026-06-05,3,16940.33,74.7
5838,Customer 05838,Consumer,North,2026-09-26,3,203266.44,88.9
5839,Customer 05839,Consumer,North,2026-08-01,2,12675.28,100.0
5840,Customer 05840,SMB,Central,2026-04-04,7,13318.66,44.9
5841,Customer 05841,Consumer,West,2026-09-27,7,210856.43,65.9
5842,Customer 05842,Consumer,South,2026-03-09,9,10329.41,41.7
5843,Customer 05843,Consumer,North,2026-03-20,7,5432.53,66.3
5844,Customer 05844,Enterprise,South,2026-05-26,5,2138.89,45.5
5845,Customer 05845,Enterprise,North,2026-04-26,3,31436.85,75.8
5846,Customer 05846,SMB,South,2026-03-07,9,6733.39,16.9
5847,Customer 05847,SMB,Central,2026-03-14,6,9363.93,53.9
5848,Customer 05848,Consumer,South,2026-09-06,13,108278.98000000001,33.6
5849,Customer 05849,Consumer,West,2026-03-19,6,42316.11,66.9
5850,Customer 05850,Consumer,Central,2026-06-08,8,17317.86,55.3
5851,Customer 05851,Consumer,West,2026-06-16,10,2809.68,40.5
5852,Customer 05852,Consumer,Central,2026-04-03,6,16649.65,80.0
5853,Customer 05853,Consumer,South,2026-03-19,3,6284.31,79.6
5854,Customer 05854,Consumer,West,2026-07-22,7,3321.81,56.2
5855,Customer 05855,Consumer,Central,2026-05-29,3,13593.55,80.1
5856,Customer 05856,SMB,South,2026-07-25,6,2981.13,54.8
5857,Customer 05857,Enterprise,West,2026-09-06,4,69925.09,82.1
5858,Customer 05858,Consumer,West,2026-07-10,3,6862.72,66.2
5859,Customer 05859,Consumer,East,2026-03-16,6,30567.22,72.9
5860,Customer 05860,SMB,East,2026-04-07,5,4067.44,61.7
5861,Customer 05861,Consumer,North,2026-05-15,9,2248.73,33.0
5862,Customer 05862,Consumer,South,2026-03-28,5,4773.12,62.8
5863,Customer 05863,Enterprise,East,2026-04-14,4,7187.18,57.6
5864,Customer 05864,Consumer,South,2026-09-22,8,34552.48,42.8
5865,Customer 05865,SMB,Central,2026-05-11,2,9147.46,99.6
5866,Customer 05866,Consumer,Central,2026-03-15,4,23071.29,50.3
5867,Customer 05867,Consumer,Central,2026-06-27,4,13194.38,60.5
5868,Customer 05868,Consumer,North,2026-04-18,4,11306.24,58.4
5869,Customer 05869,Consumer,North,2026-08-07,7,19446.29,55.5
5870,Customer 05870,SMB,North,2026-03-16,7,10166.98,28.7
5871,Customer 05871,Consumer,Central,2026-04-25,3,21037.74,76.6
5872,Customer 05872,Enterprise,East,2026-09-20,5,38601.21,60.4
5873,Customer 05873,Consumer,South,2026-06-14,4,3161.87,44.9
5874,Customer 05874,Consumer,East,2026-09-06,5,17351.190000000002,77.8
5875,Customer 05875,Consumer,North,2026-08-16,7,5576.05,30.1
5876,Customer 05876,Consumer,North,2026-07-26,5,11449.83,58.0
5877,Customer 05877,Consumer,East,2026-09-20,6,457683.93,61.3
5878,Customer 05878,Consumer,Central,2026-07-18,6,29839.46,60.0
5879,Customer 05879,Consumer,North,2026-09-30,9,30551.5,27.8
5880,Customer 05880,Consumer,North,2026-06-08,8,13844.3,34.8
5881,Customer 05881,Consumer,Central,2026-08-16,4,5971.2,63.4
5882,Customer 05882,Consumer,Central,2026-09-27,4,486987.8,81.1
5883,Customer 05883,Consumer,Central,2026-05-13,8,20454.06,28.5
5884,Customer 05884,SMB,East,2026-04-03,5,24805.44,72.1
5885,Customer 05885,SMB,West,2026-06-24,5,4345.92,84.1
5886,Customer 05886,Consumer,South,2026-05-06,3,39540.49,72.7
5887,Customer 05887,Consumer,South,2026-04-14,5,10062.73,80.4
5888,Customer 05888,Consumer,West,2026-03-26,3,1403.26,85.4
5889,Customer 05889,Consumer,North,2026-07-14,7,19400.63,40.1
5890,Customer 05890,Enterprise,West,2026-09-25,6,409521.75,63.8
5891,Customer 05891,SMB,Central,2026-07-13,9,10873.92,27.9
5892,Customer 05892,Consumer,North,2026-07-30,7,45504.79,63.3
5893,Customer 05893,SMB,East,2026-04-30,5,24709.77,62.0
5894,Customer 05894,Consumer,Central,2026-03-05,6,4163.23,75.6
5895,Customer 05895,SMB,South,2026-09-01,6,105580.67,59.1
5896,Customer 05896,Consumer,Central,2026-05-05,5,7734.75,55.1
5897,Customer 05897,SMB,East,2026-04-15,4,25996.91,83.9
5898,Customer 05898,Consumer,South,2026-03-22,5,18713.55,43.9
5899,Customer 05899,Consumer,Central,2026-05-01,10,9542.78,36.5
5900,Customer 05900,Consumer,South,2026-04-27,5,6645.59,44.7
5901,Customer 05901,Consumer,East,2026-09-18,10,49817.28,39.7
5902,Customer 05902,Consumer,West,2026-09-20,9,242158.80000000002,57.3
5903,Customer 05903,Consumer,West,2026-03-06,7,40299.38,55.6
5904,Customer 05904,Consumer,Central,2026-06-28,5,6113.65,42.4
5905,Customer 05905,Consumer,Central,2026-09-14,7,12754.43,62.7
5906,Customer 05906,SMB,South,2026-04-18,7,8423.03,62.3
5907,Customer 05907,Consumer,East,2026-09-21,6,25765.1,63.1
5908,Customer 05908,Consumer,West,2026-03-06,8,9139.18,57.8
5909,Customer 05909,SMB,East,2026-09-12,6,64622.38,59.1
5910,Customer 05910,Consumer,Central,2026-06-02,6,3422.21,45.7
5911,Customer 05911,SMB,Central,2026-06-01,4,4445.85,64.4
5912,Customer 05912,SMB,South,2026-08-09,3,28972.33,73.4
5913,Customer 05913,Consumer,South,2026-08-24,8,13000.77,40.5
5914,Customer 05914,Consumer,East,2026-05-30,7,7054.63,52.7
5915,Customer 05915,Consumer,South,2026-09-08,9,56976.61,43.4
5916,Customer 05916,Consumer,Central,2026-03-19,3,3628.65,66.7
5917,Customer 05917,Consumer,West,2026-08-31,6,10582.79,44.1
5918,Customer 05918,Consumer,West,2026-09-03,5,26500.38,65.3
5919,Customer 05919,Consumer,West,2026-08-13,6,4891.63,74.4
5920,Customer 05920,Consumer,Central,2026-09-13,9,30927.17,56.1
5921,Customer 05921,SMB,South,2026-08-11,3,2818.22,81.2
5922,Customer 05922,Consumer,South,2026-04-11,6,9633.48,46.5
5923,Customer 05923,SMB,West,2026-09-24,9,48867.66,43.8
5924,Customer 05924,Enterprise,North,2026-09-30,7,24318.809999999998,47.2
5925,Customer 05925,Consumer,South,2026-03-10,8,12603.7,19.4
5926,Customer 05926,Consumer,West,2026-09-29,10,49811.17,58.0
5927,Customer 05927,SMB,South,2026-03-05,6,6653.53,59.4
5928,Customer 05928,Enterprise,South,2026-09-11,6,21190.0,59.2
5929,Customer 05929,Consumer,Central,2026-09-24,6,121326.44,80.5
5930,Customer 05930,Consumer,East,2026-07-03,9,6321.37,45.1
5931,Customer 05931,Consumer,West,2026-08-31,7,4603.78,60.3
5932,Customer 05932,Consumer,South,2026-04-24,4,24228.45,85.2
5933,Customer 05933,Consumer,North,2026-07-09,7,5355.11,44.5
5934,Customer 05934,Consumer,West,2026-04-13,9,54389.82,42.2
5935,Customer 05935,SMB,East,2026-07-19,4,5505.19,80.7
5936,Customer 05936,SMB,South,2026-05-09,5,5371.53,57.3
5937,Customer 05937,SMB,North,2026-03-07,7,20900.2,61.8
5938,Customer 05938,Consumer,North,2026-09-28,7,48015.62,68.1
5939,Customer 05939,Consumer,North,2026-07-03,5,15648.65,66.5
5940,Customer 05940,Consumer,East,2026-08-29,6,23079.49,64.2
5941,Customer 05941,Consumer,South,2026-09-03,6,132093.24,78.4
5942,Customer 05942,SMB,South,2026-05-24,6,21071.58,54.0
5943,Customer 05943,Consumer,East,2026-06-30,6,13318.54,44.3
5944,Customer 05944,Consumer,Central,2026-07-18,9,8013.29,17.2
5945,Customer 05945,Consumer,South,2026-09-20,6,179953.69999999998,76.0
5946,Customer 05946,SMB,East,2026-09-30,8,45446.880000000005,40.9
5947,Customer 05947,Consumer,Central,2026-06-27,8,21246.81,73.4
5948,Customer 05948,Consumer,South,2026-04-06,6,11131.56,62.2
5949,Customer 05949,Consumer,South,2026-09-11,6,133352.35,49.0
5950,Customer 05950,Consumer,South,2026-09-14,9,16699.82,51.5
5951,Customer 05951,Consumer,West,2026-09-16,9,114890.15999999999,49.7
5952,Customer 05952,SMB,West,2026-06-25,6,13698.38,35.4
5953,Customer 05953,Consumer,North,2026-08-05,7,10397.54,56.7
5954,Customer 05954,SMB,East,2026-05-25,5,62247.82,66.8
5955,Customer 05955,Consumer,North,2026-08-21,8,8750.68,59.8
5956,Customer 05956,Consumer,West,2026-05-18,7,7996.12,46.6
5957,Customer 05957,Consumer,South,2026-08-08,7,22575.85,50.8
5958,Customer 05958,Consumer,Central,2026-08-05,11,12198.83,35.5
5959,Customer 05959,SMB,East,2026-09-03,12,16938.73,16.5
5960,Customer 05960,SMB,Central,2026-03-13,5,4893.43,69.7
5961,Customer 05961,Consumer,East,2026-08-27,9,6756.31,50.9
5962,Customer 05962,Consumer,North,2026-05-08,6,8161.04,62.0
5963,Customer 05963,Consumer,Central,2026-09-28,7,9522.189999999999,69.9
5964,Customer 05964,Consumer,South,2026-09-21,6,37050.880000000005,52.6
5965,Customer 05965,Consumer,North,2026-09-19,8,15775.810000000001,37.9
5966,Customer 05966,Consumer,South,2026-07-13,6,33662.56,28.3
5967,Customer 05967,Consumer,West,2026-05-12,6,7175.99,45.6
5968,Customer 05968,Consumer,South,2026-03-26,2,4695.87,83.9
5969,Customer 05969,Consumer,East,2026-07-08,5,2762.19,72.3
5970,Customer 05970,Consumer,West,2026-09-01,5,79754.64,74.6
5971,Customer 05971,SMB,East,2026-03-19,7,18377.82,34.3
5972,Customer 05972,Enterprise,East,2026-09-01,5,47845.729999999996,100.0
5973,Customer 05973,Consumer,West,2026-04-10,5,15187.98,70.0
5974,Customer 05974,Consumer,East,2026-04-09,7,6572.39,21.8
5975,Customer 05975,Consumer,West,2026-08-08,4,10265.5,60.6
5976,Customer 05976,Consumer,North,2026-04-12,3,34587.8,100.0
5977,Customer 05977,Consumer,West,2026-05-20,5,13249.48,52.8
5978,Customer 05978,Consumer,South,2026-03-23,3,5050.41,80.4
5979,Customer 05979,Consumer,West,2026-04-06,10,5900.82,23.0
5980,Customer 05980,SMB,South,2026-03-07,4,7566.18,54.0
5981,Customer 05981,SMB,West,2026-09-30,7,291847.20999999996,82.3
5982,Customer 05982,Consumer,North,2026-06-28,4,35582.21,68.2
5983,Customer 05983,SMB,Central,2026-09-05,6,101388.0,78.9
5984,Customer 05984,Enterprise,South,2026-05-16,9,8936.32,29.6
5985,Customer 05985,Consumer,North,2026-08-24,4,16472.29,64.6
5986,Customer 05986,Consumer,East,2026-07-15,5,12299.87,76.5
5987,Customer 05987,Consumer,West,2026-07-20,6,17808.99,36.0
5988,Customer 05988,SMB,East,2026-06-26,4,14584.38,77.5
5989,Customer 05989,Consumer,West,2026-03-12,5,1826.41,78.5
5990,Customer 05990,Enterprise,North,2026-06-24,7,21970.56,45.7
5991,Customer 05991,Consumer,North,2026-06-14,10,16446.72,23.4
5992,Customer 05992,Consumer,Central,2026-09-24,5,87254.69,86.2
5993,Customer 05993,Consumer,South,2026-04-28,4,54255.77,64.8
5994,Customer 05994,Consumer,Central,2026-09-06,8,36771.479999999996,87.4
5995,Customer 05995,SMB,South,2026-07-27,5,7289.38,67.0
5996,Customer 05996,SMB,North,2026-08-23,6,10895.51,42.4
5997,Customer 05997,Consumer,West,2026-08-24,3,16312.31,81.6
5998,Customer 05998,SMB,North,2026-07-31,7,25046.61,40.7
5999,Customer 05999,Consumer,East,2026-05-21,3,7606.48,75.4
6000,Customer 06000,SMB,North,2026-06-30,4,12017.5,75.3
6001,Customer 06001,Consumer,East,2026-04-28,7,20087.48,40.9
6002,Customer 06002,SMB,West,2026-05-28,5,5970.69,76.8
6003,Customer 06003,SMB,West,2026-05-29,5,3380.18,55.3
6004,Customer 06004,Consumer,Central,2026-06-22,4,24105.56,85.6
6005,Customer 06005,Consumer,East,2026-04-18,3,28270.65,94.2
6006,Customer 06006,SMB,South,2026-03-08,3,25696.23,79.8
6007,Customer 06007,Enterprise,East,2026-07-06,5,14427.4,74.8
6008,Customer 06008,Consumer,Central,2026-07-24,4,6206.29,75.0
6009,Customer 06009,SMB,East,2026-04-17,5,11928.89,63.4
6010,Customer 06010,Consumer,South,2026-03-15,7,12949.01,42.8
6011,Customer 06011,Consumer,East,2026-08-15,5,4176.96,49.4
6012,Customer 06012,Consumer,East,2026-09-29,4,4534.0599999999995,98.6
6013,Customer 06013,Consumer,North,2026-03-12,5,6361.98,56.5
6014,Customer 06014,Consumer,East,2026-06-01,11,23156.28,32.1
6015,Customer 06015,Consumer,West,2026-08-29,5,12728.93,62.6
6016,Customer 06016,Consumer,North,2026-04-03,6,10589.39,50.4
6017,Customer 06017,Enterprise,Central,2026-09-07,9,18621.54,42.4
6018,Customer 06018,Consumer,South,2026-04-25,7,20791.11,48.5
6019,Customer 06019,Consumer,East,2026-08-02,6,12194.61,80.4
6020,Customer 06020,Consumer,West,2026-08-31,3,21254.45,86.0
6021,Customer 06021,Consumer,East,2026-06-21,6,17440.16,50.8
6022,Customer 06022,Consumer,South,2026-04-12,4,8601.65,73.7
6023,Customer 06023,Consumer,West,2026-09-01,8,23975.77,77.3
6024,Customer 06024,Consumer,Central,2026-09-13,9,256252.0,40.0
6025,Customer 06025,Consumer,West,2026-05-20,9,15101.01,44.0
6026,Customer 06026,Consumer,Central,2026-09-25,10,27989.230000000003,26.5
6027,Customer 06027,Consumer,North,2026-07-23,7,11208.54,73.7
6028,Customer 06028,Consumer,South,2026-09-16,8,32388.65,66.3
6029,Customer 06029,Consumer,Central,2026-09-25,12,68487.67,25.1
6030,Customer 06030,SMB,East,2026-05-26,7,6638.46,40.8
6031,Customer 06031,Consumer,Central,2026-04-08,4,17491.95,65.2
6032,Customer 06032,Consumer,Central,2026-04-03,4,4788.51,65.2
6033,Customer 06033,Consumer,East,2026-08-13,4,25002.25,76.6
6034,Customer 06034,Consumer,West,2026-03-31,5,2277.06,80.5
6035,Customer 06035,SMB,North,2026-07-29,6,8084.05,56.5
6036,Customer 06036,SMB,South,2026-06-27,10,9650.16,28.3
6037,Customer 06037,SMB,South,2026-08-25,7,9689.02,37.5
6038,Customer 06038,Consumer,West,2026-03-18,8,8432.46,54.3
6039,Customer 06039,Enterprise,Central,2026-03-09,8,11374.09,39.7
6040,Customer 06040,SMB,Central,2026-04-12,2,7437.43,98.3
6041,Customer 06041,Consumer,South,2026-09-10,10,54176.84,57.9
6042,Customer 06042,Consumer,Central,2026-08-18,10,31028.93,26.7
6043,Customer 06043,Consumer,East,2026-03-16,4,5352.08,71.1
6044,Customer 06044,Enterprise,North,2026-09-17,8,108753.06,54.5
6045,Customer 06045,Consumer,West,2026-06-14,7,6646.48,44.1
6046,Customer 06046,Consumer,Central,2026-08-25,7,19527.71,52.4
6047,Customer 06047,SMB,South,2026-06-25,4,20265.17,75.5
6048,Customer 06048,Consumer,West,2026-06-05,7,20298.46,57.2
6049,Customer 06049,SMB,North,2026-05-23,8,7245.44,46.7
6050,Customer 06050,Consumer,West,2026-06-30,6,27093.28,43.1
6051,Customer 06051,Consumer,South,2026-09-13,6,17996.949999999997,91.4
6052,Customer 06052,Consumer,East,2026-04-30,5,40295.87,77.9
6053,Customer 06053,Consumer,North,2026-06-05,7,14779.43,33.5
6054,Customer 06054,Consumer,West,2026-09-17,9,37251.47,24.7
6055,Customer 06055,SMB,North,2026-07-19,6,2991.29,40.8
6056,Customer 06056,SMB,East,2026-07-26,3,14747.09,65.8
6057,Customer 06057,SMB,Central,2026-06-21,3,5002.48,69.7
6058,Customer 06058,Consumer,Central,2026-04-26,6,16431.94,74.1
6059,Customer 06059,Consumer,West,2026-09-03,4,358211.35000000003,75.4
6060,Customer 06060,Consumer,East,2026-07-01,7,6143.73,42.6
6061,Customer 06061,Consumer,South,2026-06-13,3,25434.36,78.6
6062,Customer 06062,Consumer,East,2026-04-07,8,6113.56,52.8
6063,Customer 06063,Consumer,South,2026-05-08,8,4380.88,32.7
6064,Customer 06064,Consumer,West,2026-05-02,8,12376.27,22.4
6065,Customer 06065,Consumer,West,2026-04-30,7,3485.95,65.1
6066,Customer 06066,SMB,North,2026-09-22,6,13279.44,46.5
6067,Customer 06067,SMB,North,2026-09-22,7,26477.32,39.7
6068,Customer 06068,Consumer,South,2026-07-23,3,20584.57,96.8
6069,Customer 06069,Consumer,West,2026-09-20,8,45111.979999999996,62.7
6070,Customer 06070,SMB,South,2026-09-21,8,412062.14,29.5
6071,Customer 06071,Enterprise,Central,2026-09-28,6,14744.62,56.7
6072,Customer 06072,Consumer,South,2026-04-14,5,7444.72,65.6
6073,Customer 06073,SMB,South,2026-09-11,9,39219.33,47.0
6074,Customer 06074,Consumer,East,2026-09-18,6,84297.18,64.6
6075,Customer 06075,Consumer,East,2026-05-04,8,19043.9,51.0
6076,Customer 06076,Consumer,North,2026-09-23,7,258233.14,88.3
6077,Customer 06077,SMB,East,2026-07-12,5,13121.04,61.9
6078,Customer 06078,SMB,West,2026-09-10,9,201363.22,54.6
6079,Customer 06079,Consumer,East,2026-08-16,7,6600.97,58.3
6080,Customer 06080,Enterprise,West,2026-03-30,9,9808.42,46.8
6081,Customer 06081,Consumer,South,2026-08-29,4,14620.83,76.7
6082,Customer 06082,Consumer,South,2026-04-10,4,6160.82,100.0
6083,Customer 06083,Enterprise,South,2026-05-23,3,7268.05,80.8
6084,Customer 06084,Consumer,East,2026-09-01,7,21321.5,57.0
6085,Customer 06085,Enterprise,North,2026-03-17,6,9942.53,47.3
6086,Customer 06086,Consumer,Central,2026-06-02,8,8064.7,28.1
6087,Customer 06087,Consumer,West,2026-08-22,9,4021.25,31.3
6088,Customer 06088,Consumer,East,2026-07-03,2,9650.07,81.6
6089,Customer 06089,Consumer,East,2026-05-24,8,16882.66,18.3
6090,Customer 06090,Consumer,West,2026-08-05,12,13214.24,0.6
6091,Customer 06091,Consumer,East,2026-04-18,7,5565.64,42.2
6092,Customer 06092,SMB,South,2026-07-04,7,5205.47,38.8
6093,Customer 06093,SMB,East,2026-03-27,5,11233.51,61.0
6094,Customer 06094,Consumer,South,2026-03-23,7,7230.88,50.5
6095,Customer 06095,Consumer,North,2026-09-25,6,16868.23,54.2
6096,Customer 06096,Consumer,South,2026-06-16,6,11800.9,59.4
6097,Customer 06097,Consumer,North,2026-05-07,2,9214.87,95.3
6098,Customer 06098,Consumer,North,2026-09-17,5,31893.399999999998,96.0
6099,Customer 06099,Consumer,East,2026-09-18,7,70693.59,62.0
6100,Customer 06100,Enterprise,East,2026-09-10,10,43207.74,23.7
6101,Customer 06101,Consumer,East,2026-04-28,5,16829.73,81.3
6102,Customer 06102,Consumer,South,2026-03-12,9,13565.68,39.3
6103,Customer 06103,SMB,North,2026-03-11,8,3163.68,55.0
6104,Customer 06104,Consumer,West,2026-03-17,5,7497.4,75.1
6105,Customer 06105,Consumer,South,2026-04-26,5,7389.62,69.5
6106,Customer 06106,SMB,South,2026-04-22,2,19324.83,90.6
6107,Customer 06107,Consumer,North,2026-06-10,7,12572.69,29.5
6108,Customer 06108,Enterprise,South,2026-07-01,11,4589.31,25.5
6109,Customer 06109,SMB,North,2026-06-14,5,5364.23,69.4
6110,Customer 06110,Consumer,Central,2026-06-22,6,19787.86,68.4
6111,Customer 06111,SMB,South,2026-06-15,8,9951.07,40.7
6112,Customer 06112,SMB,Central,2026-06-30,9,20625.33,8.3
6113,Customer 06113,Consumer,Central,2026-04-17,7,5084.01,69.0
6114,Customer 06114,Consumer,East,2026-09-01,5,24523.59,68.9
6115,Customer 06115,Consumer,Central,2026-03-17,9,27360.29,27.0
6116,Customer 06116,SMB,West,2026-09-07,13,9191.869999999999,20.2
6117,Customer 06117,Consumer,West,2026-06-01,3,11934.72,59.0
6118,Customer 06118,Consumer,Central,2026-05-29,4,8279.96,89.3
6119,Customer 06119,Consumer,South,2026-08-16,4,13877.78,77.8
6120,Customer 06120,Consumer,East,2026-03-21,7,15359.07,41.6
6121,Customer 06121,Enterprise,East,2026-03-09,9,5726.25,34.0
6122,Customer 06122,SMB,East,2026-08-17,6,15757.28,47.2
6123,Customer 06123,Consumer,West,2026-09-25,4,17510.84,81.6
6124,Customer 06124,SMB,Central,2026-04-07,6,2747.39,79.2
6125,Customer 06125,Consumer,Central,2026-07-28,6,19376.05,74.1
6126,Customer 06126,SMB,South,2026-09-10,10,48904.16,52.1
6127,Customer 06127,SMB,East,2026-07-31,3,16472.99,82.8
6128,Customer 06128,Consumer,South,2026-07-08,6,8506.42,40.5
6129,Customer 06129,SMB,East,2026-03-10,5,4182.69,81.9
6130,Customer 06130,Consumer,North,2026-04-23,7,2882.67,68.9
6131,Customer 06131,Consumer,East,2026-06-23,8,8042.9,44.3
6132,Customer 06132,Consumer,North,2026-08-02,7,5328.09,24.8
6133,Customer 06133,Consumer,East,2026-05-28,1,6616.86,90.1
6134,Customer 06134,Enterprise,West,2026-04-06,6,58981.44,57.0
6135,Customer 06135,Consumer,North,2026-06-14,5,17103.13,74.5
6136,Customer 06136,SMB,North,2026-03-28,8,2914.76,49.4
6137,Customer 06137,SMB,North,2026-03-12,6,10889.4,62.7
6138,Customer 06138,SMB,East,2026-08-07,5,6403.59,77.9
6139,Customer 06139,Consumer,Central,2026-06-22,7,3589.38,50.0
6140,Customer 06140,Consumer,East,2026-09-30,8,34037.119999999995,54.8
6141,Customer 06141,Consumer,Central,2026-08-08,10,13247.79,25.4
6142,Customer 06142,SMB,Central,2026-06-11,5,9307.38,83.0
6143,Customer 06143,Enterprise,East,2026-09-13,5,26102.76,70.4
6144,Customer 06144,Consumer,South,2026-09-27,5,26952.71,74.8
6145,Customer 06145,Consumer,West,2026-09-07,9,71513.18,44.9
6146,Customer 06146,Consumer,Central,2026-07-26,6,11491.0,55.8
6147,Customer 06147,Consumer,Central,2026-09-25,7,54467.399999999994,57.4
6148,Customer 06148,Consumer,North,2026-08-13,6,6998.38,63.5
6149,Customer 06149,SMB,North,2026-05-03,6,8631.05,47.0
6150,Customer 06150,Consumer,West,2026-09-05,10,129210.43,32.7
6151,Customer 06151,Enterprise,East,2026-06-24,7,22360.9,23.3
6152,Customer 06152,SMB,North,2026-06-02,8,10185.41,45.7
6153,Customer 06153,Consumer,South,2026-09-20,7,10079.52,53.3
6154,Customer 06154,Consumer,South,2026-08-19,8,12809.38,30.4
6155,Customer 06155,Consumer,West,2026-07-06,4,20223.29,66.8
6156,Customer 06156,Consumer,West,2026-06-03,7,39014.93,51.6
6157,Customer 06157,Enterprise,East,2026-07-10,13,12581.23,8.4
6158,Customer 06158,Consumer,North,2026-05-14,6,9630.66,54.7
6159,Customer 06159,Consumer,North,2026-06-14,3,17221.3,80.3
6160,Customer 06160,Enterprise,North,2026-06-20,5,18430.19,74.7
6161,Customer 06161,Consumer,East,2026-09-12,7,62485.29,48.7
6162,Customer 06162,Consumer,South,2026-07-12,4,6009.06,93.7
6163,Customer 06163,SMB,South,2026-08-30,7,4671.76,56.7
6164,Customer 06164,SMB,North,2026-04-03,8,4998.98,32.8
6165,Customer 06165,Enterprise,Central,2026-07-23,4,11492.32,67.6
6166,Customer 06166,SMB,South,2026-05-16,3,15320.99,99.4
6167,Customer 06167,Consumer,West,2026-08-25,5,27153.75,59.0
6168,Customer 06168,SMB,West,2026-06-02,5,3743.54,65.2
6169,Customer 06169,Consumer,South,2026-08-13,7,8612.27,42.8
6170,Customer 06170,Consumer,North,2026-09-13,9,43381.520000000004,59.2
6171,Customer 06171,Consumer,Central,2026-09-28,7,270123.31,82.1
6172,Customer 06172,Consumer,North,2026-05-10,8,26613.64,69.8
6173,Customer 06173,Consumer,West,2026-04-24,6,8053.6,52.2
6174,Customer 06174,Consumer,South,2026-09-24,8,385594.63,78.4
6175,Customer 06175,Consumer,East,2026-09-30,7,56486.310000000005,45.6
6176,Customer 06176,SMB,North,2026-03-19,5,5286.7,69.3
6177,Customer 06177,Consumer,Central,2026-08-28,7,20812.03,46.2
6178,Customer 06178,Consumer,North,2026-08-26,5,38325.77,72.3
6179,Customer 06179,SMB,Central,2026-07-28,2,8267.84,99.4
6180,Customer 06180,Consumer,East,2026-08-10,4,22734.33,43.7
6181,Customer 06181,SMB,Central,2026-07-22,4,28097.09,49.8
6182,Customer 06182,Consumer,South,2026-09-02,8,34685.009999999995,59.1
6183,Customer 06183,Consumer,Central,2026-09-27,5,89805.53,79.0
6184,Customer 06184,Consumer,East,2026-03-28,7,7527.45,68.1
6185,Customer 06185,Consumer,East,2026-08-25,6,15847.77,48.7
6186,Customer 06186,Consumer,East,2026-08-27,5,8980.53,81.1
6187,Customer 06187,Consumer,Central,2026-03-18,9,19860.47,33.2
6188,Customer 06188,Consumer,Central,2026-07-28,4,3413.53,83.6
6189,Customer 06189,Consumer,North,2026-09-25,6,54433.920000000006,36.7
6190,Customer 06190,Consumer,East,2026-09-14,5,75222.62,73.6
6191,Customer 06191,Consumer,North,2026-09-20,8,9369.3,80.3
6192,Customer 06192,Consumer,North,2026-09-25,8,26817.14,68.4
6193,Customer 06193,Consumer,West,2026-07-06,5,24291.5,76.4
6194,Customer 06194,SMB,North,2026-09-11,7,53653.36,48.7
6195,Customer 06195,SMB,East,2026-05-28,8,26287.16,31.2
6196,Customer 06196,SMB,North,2026-08-16,8,4416.7,47.0
6197,Customer 06197,Consumer,Central,2026-06-15,5,28107.85,67.5
6198,Customer 06198,SMB,West,2026-06-11,2,20182.59,86.4
6199,Customer 06199,Consumer,South,2026-08-14,5,4262.87,92.6
6200,Customer 06200,Consumer,West,2026-08-06,9,10130.37,46.4
6201,Customer 06201,Consumer,West,2026-07-07,7,2979.99,64.1
6202,Customer 06202,Consumer,East,2026-08-18,6,5867.32,63.5
6203,Customer 06203,SMB,North,2026-06-27,11,12424.85,21.5
6204,Customer 06204,Consumer,Central,2026-04-05,5,3145.39,72.2
6205,Customer 06205,Consumer,Central,2026-04-27,7,26575.09,64.8
6206,Customer 06206,Consumer,South,2026-03-07,4,9398.05,61.9
6207,Customer 06207,Consumer,North,2026-07-22,6,3873.91,73.2
6208,Customer 06208,Consumer,South,2026-03-10,2,10167.17,96.8
6209,Customer 06209,Enterprise,Central,2026-06-26,9,13595.66,51.9
6210,Customer 06210,Consumer,East,2026-09-03,9,144130.89,29.8
6211,Customer 06211,SMB,South,2026-03-09,6,2948.08,59.2
6212,Customer 06212,Consumer,North,2026-04-18,6,12069.14,58.4
6213,Customer 06213,Consumer,South,2026-06-20,8,8128.65,50.0
6214,Customer 06214,Consumer,West,2026-09-17,5,14491.17,76.4
6215,Customer 06215,Enterprise,East,2026-06-15,7,6608.01,65.0
6216,Customer 06216,Consumer,West,2026-07-16,2,5061.31,100.0
6217,Customer 06217,Consumer,East,2026-04-18,6,11149.34,50.2
6218,Customer 06218,Consumer,East,2026-07-20,7,4248.04,65.6
6219,Customer 06219,Consumer,East,2026-04-19,8,8723.59,31.7
6220,Customer 06220,Consumer,West,2026-09-23,9,35174.119999999995,43.9
6221,Customer 06221,Consumer,East,2026-06-18,6,8731.4,69.5
6222,Customer 06222,Consumer,North,2026-06-08,8,10801.49,24.6
6223,Customer 06223,Consumer,Central,2026-09-23,8,13672.670000000002,52.5
6224,Customer 06224,SMB,East,2026-05-04,5,20182.59,69.6
6225,Customer 06225,Consumer,North,2026-08-24,7,13002.12,40.1
6226,Customer 06226,Consumer,West,2026-06-18,5,8011.89,78.2
6227,Customer 06227,Consumer,South,2026-04-30,3,32930.02,100.0
6228,Customer 06228,Enterprise,South,2026-09-01,7,254857.40000000002,46.8
6229,Customer 06229,Enterprise,North,2026-09-06,9,24108.25,58.3
6230,Customer 06230,Enterprise,South,2026-07-30,9,8854.86,51.9
6231,Customer 06231,Enterprise,East,2026-09-19,4,4176.41,92.1
6232,Customer 06232,Consumer,East,2026-03-05,6,9790.25,68.0
6233,Customer 06233,SMB,South,2026-05-08,6,3825.06,62.3
6234,Customer 06234,Consumer,West,2026-08-01,3,3354.68,77.4
6235,Customer 06235,Consumer,North,2026-09-03,7,45152.17,70.6
6236,Customer 06236,SMB,Central,2026-06-09,5,8427.62,70.3
6237,Customer 06237,Consumer,East,2026-05-01,5,13149.63,81.5
6238,Customer 06238,SMB,West,2026-09-22,7,44470.76,56.5
6239,Customer 06239,SMB,West,2026-08-13,4,10673.82,68.5
6240,Customer 06240,Consumer,West,2026-03-10,12,9209.69,6.9
6241,Customer 06241,Consumer,Central,2026-04-17,7,13423.13,40.2
6242,Customer 06242,Consumer,North,2026-04-17,4,20505.43,65.0
6243,Customer 06243,Consumer,Central,2026-09-21,8,88507.93,32.6
6244,Customer 06244,Consumer,North,2026-04-17,3,18985.84,79.6
6245,Customer 06245,Consumer,North,2026-05-24,5,18742.89,58.8
6246,Customer 06246,Consumer,Central,2026-06-20,7,11022.28,30.9
6247,Customer 06247,Consumer,West,2026-04-18,7,19489.74,44.9
6248,Customer 06248,Consumer,South,2026-04-04,2,3222.01,72.3
6249,Customer 06249,Consumer,South,2026-03-19,8,5121.51,39.6
6250,Customer 06250,Consumer,Central,2026-04-07,5,8142.67,83.4
6251,Customer 06251,Consumer,East,2026-08-23,4,5269.32,78.1
6252,Customer 06252,Consumer,Central,2026-05-11,4,13278.19,75.1
6253,Customer 06253,SMB,East,2026-07-28,6,11445.7,50.0
6254,Customer 06254,Consumer,North,2026-07-06,5,11658.78,74.9
6255,Customer 06255,Consumer,West,2026-04-19,6,8302.85,53.8
6256,Customer 06256,SMB,North,2026-03-06,6,6888.49,65.4
6257,Customer 06257,SMB,East,2026-09-17,9,30582.28,44.7
6258,Customer 06258,Consumer,Central,2026-04-06,7,2816.85,58.7
6259,Customer 06259,Consumer,North,2026-08-01,2,3859.99,98.5
6260,Customer 06260,Enterprise,South,2026-07-28,8,8702.79,37.7
6261,Customer 06261,Consumer,North,2026-07-16,6,7748.02,64.6
6262,Customer 06262,SMB,Central,2026-09-22,9,97155.17000000001,56.8
6263,Customer 06263,Consumer,East,2026-06-22,8,4259.95,35.5
6264,Customer 06264,SMB,Central,2026-07-14,4,10689.37,76.9
6265,Customer 06265,Enterprise,North,2026-08-09,5,11002.87,48.6
6266,Customer 06266,SMB,East,2026-09-19,8,23118.62,53.3
6267,Customer 06267,Consumer,West,2026-08-26,7,11059.53,55.7
6268,Customer 06268,Consumer,South,2026-06-08,3,7416.61,69.0
6269,Customer 06269,Enterprise,West,2026-04-10,11,5130.52,39.3
6270,Customer 06270,SMB,South,2026-08-05,3,27024.89,93.2
6271,Customer 06271,Consumer,Central,2026-05-05,11,14554.3,31.2
6272,Customer 06272,Consumer,East,2026-05-03,9,8694.2,41.8
6273,Customer 06273,Consumer,West,2026-06-14,8,16344.83,36.6
6274,Customer 06274,Consumer,Central,2026-07-02,4,7939.69,80.1
6275,Customer 06275,Consumer,West,2026-09-28,4,23366.43,76.1
6276,Customer 06276,Enterprise,North,2026-08-19,4,6594.83,95.3
6277,Customer 06277,Consumer,West,2026-08-20,8,50900.78,23.3
6278,Customer 06278,SMB,South,2026-03-28,8,12667.04,15.5
6279,Customer 06279,Consumer,East,2026-07-02,5,18736.93,67.8
6280,Customer 06280,SMB,East,2026-09-03,5,18331.96,86.6
6281,Customer 06281,Enterprise,West,2026-09-01,9,31727.510000000002,35.1
6282,Customer 06282,SMB,East,2026-03-25,6,5890.09,63.7
6283,Customer 06283,Consumer,North,2026-07-24,7,2945.33,58.4
6284,Customer 06284,Consumer,South,2026-07-04,4,9506.66,52.7
6285,Customer 06285,SMB,North,2026-09-26,5,22867.22,71.8
6286,Customer 06286,SMB,South,2026-09-12,11,40153.52,11.0
6287,Customer 06287,Consumer,North,2026-08-27,5,3841.13,73.2
6288,Customer 06288,Enterprise,East,2026-08-09,7,1848.25,51.3
6289,Customer 06289,Consumer,East,2026-03-05,7,14040.26,48.6
6290,Customer 06290,Consumer,West,2026-09-26,9,483702.48,50.3
6291,Customer 06291,Consumer,South,2026-09-12,6,94955.04999999999,59.8
6292,Customer 06292,Consumer,West,2026-07-25,5,20757.49,62.8
6293,Customer 06293,SMB,North,2026-06-14,7,6541.63,30.9
6294,Customer 06294,SMB,West,2026-05-07,4,6095.45,77.2
6295,Customer 06295,Consumer,East,2026-05-09,7,5624.92,52.2
6296,Customer 06296,Consumer,West,2026-04-16,4,29313.68,66.2
6297,Customer 06297,Consumer,Central,2026-06-14,12,9148.75,21.3
6298,Customer 06298,SMB,South,2026-05-17,10,14270.07,29.0
6299,Customer 06299,Consumer,East,2026-03-20,11,21835.72,33.7
6300,Customer 06300,Consumer,West,2026-09-07,8,63009.5,44.4
6301,Customer 06301,SMB,Central,2026-09-25,6,11226.009999999998,53.2
6302,Customer 06302,SMB,Central,2026-09-27,4,11009.54,67.4
6303,Customer 06303,Consumer,East,2026-09-29,8,47548.42,53.6
6304,Customer 06304,Consumer,South,2026-03-28,4,25298.02,80.2
6305,Customer 06305,Enterprise,West,2026-09-16,6,97132.23,59.3
6306,Customer 06306,Consumer,Central,2026-04-02,6,4435.18,60.2
6307,Customer 06307,Consumer,East,2026-04-15,6,8253.46,58.3
6308,Customer 06308,SMB,West,2026-09-13,5,39027.969999999994,55.2
6309,Customer 06309,SMB,North,2026-09-13,4,99734.23999999999,79.7
6310,Customer 06310,SMB,South,2026-06-18,7,27586.52,38.4
6311,Customer 06311,Consumer,North,2026-04-10,5,9244.47,65.7
6312,Customer 06312,SMB,West,2026-07-03,2,30367.28,65.3
6313,Customer 06313,SMB,Central,2026-08-02,7,7970.73,45.3
6314,Customer 06314,SMB,South,2026-05-18,3,878.98,68.2
6315,Customer 06315,Enterprise,Central,2026-09-04,10,43778.38,40.8
6316,Customer 06316,SMB,West,2026-05-03,6,10854.42,43.2
6317,Customer 06317,Consumer,South,2026-07-27,12,11579.93,0.0
6318,Customer 06318,Consumer,South,2026-08-01,10,10561.0,3.6
6319,Customer 06319,Consumer,Central,2026-05-12,4,19800.75,86.0
6320,Customer 06320,Consumer,South,2026-05-10,7,11717.92,71.6
6321,Customer 06321,Consumer,West,2026-08-25,7,5464.7,56.1
6322,Customer 06322,Consumer,North,2026-09-13,6,32063.42,66.0
6323,Customer 06323,Consumer,South,2026-09-29,5,19356.32,54.3
6324,Customer 06324,Enterprise,West,2026-08-20,10,4291.37,57.0
6325,Customer 06325,Enterprise,East,2026-09-01,14,56651.15,7.1
6326,Customer 06326,Consumer,East,2026-09-14,4,24067.08,73.7
6327,Customer 06327,Consumer,South,2026-07-06,11,3686.65,18.3
6328,Customer 06328,Consumer,West,2026-06-27,6,24076.11,55.5
6329,Customer 06329,Consumer,Central,2026-07-03,6,7784.48,66.0
6330,Customer 06330,SMB,West,2026-06-21,6,5468.58,55.4
6331,Customer 06331,Consumer,Central,2026-09-24,11,30555.589999999997,30.1
6332,Customer 06332,SMB,East,2026-03-13,5,7992.05,73.0
6333,Customer 06333,SMB,South,2026-04-29,5,30975.49,73.4
6334,Customer 06334,SMB,Central,2026-09-05,10,28165.78,38.6
6335,Customer 06335,Consumer,West,2026-09-24,6,131302.48,40.9
6336,Customer 06336,Consumer,South,2026-07-27,4,3990.69,64.2
6337,Customer 06337,Consumer,West,2026-07-10,5,19813.05,47.2
6338,Customer 06338,Consumer,West,2026-06-25,3,16732.9,85.3
6339,Customer 06339,Consumer,South,2026-06-20,11,10040.35,6.3
6340,Customer 06340,Enterprise,North,2026-08-16,5,11531.32,59.9
6341,Customer 06341,Consumer,Central,2026-04-30,3,9943.65,77.1
6342,Customer 06342,Consumer,West,2026-05-20,9,6860.32,28.1
6343,Customer 06343,Consumer,East,2026-04-14,7,16973.22,50.9
6344,Customer 06344,Consumer,North,2026-09-06,6,32537.410000000003,85.9
6345,Customer 06345,SMB,East,2026-03-06,5,36917.13,60.7
6346,Customer 06346,Consumer,South,2026-09-14,6,8277.14,62.2
6347,Customer 06347,SMB,Central,2026-05-02,5,5088.86,54.0
6348,Customer 06348,Consumer,Central,2026-08-17,7,4025.88,37.8
6349,Customer 06349,Consumer,North,2026-05-27,10,27429.28,30.0
6350,Customer 06350,Consumer,Central,2026-03-18,8,7248.4,54.5
6351,Customer 06351,Consumer,South,2026-04-14,7,12969.2,62.3
6352,Customer 06352,SMB,Central,2026-09-19,7,9433.69,59.2
6353,Customer 06353,Consumer,West,2026-08-05,7,18104.46,60.7
6354,Customer 06354,Consumer,Central,2026-09-20,7,86643.35,77.0
6355,Customer 06355,Consumer,South,2026-05-31,2,22753.25,99.2
6356,Customer 06356,Enterprise,North,2026-06-27,6,7488.19,69.9
6357,Customer 06357,Consumer,South,2026-09-29,6,37016.58,58.3
6358,Customer 06358,Enterprise,East,2026-06-04,1,5342.37,100.0
6359,Customer 06359,Consumer,Central,2026-09-18,5,24234.35,73.0
6360,Customer 06360,SMB,South,2026-08-08,2,14456.74,93.0
6361,Customer 06361,Consumer,North,2026-03-12,8,5968.43,40.0
6362,Customer 06362,SMB,West,2026-09-20,6,36207.97,65.0
6363,Customer 06363,Consumer,North,2026-09-18,10,36156.59,50.2
6364,Customer 06364,Consumer,Central,2026-03-26,2,22976.96,100.0
6365,Customer 06365,Consumer,West,2026-05-20,11,10880.73,14.6
6366,Customer 06366,SMB,West,2026-07-18,5,7990.16,71.1
6367,Customer 06367,Consumer,East,2026-04-05,5,8051.65,51.2
6368,Customer 06368,Consumer,West,2026-05-17,5,14841.51,79.8
6369,Customer 06369,Consumer,South,2026-09-17,9,16445.56,45.0
6370,Customer 06370,Consumer,West,2026-08-07,4,7624.17,50.9
6371,Customer 06371,Consumer,North,2026-04-01,5,5683.61,60.3
6372,Customer 06372,Enterprise,Central,2026-07-31,6,14276.93,40.5
6373,Customer 06373,Consumer,Central,2026-03-28,5,17863.52,54.2
6374,Customer 06374,Consumer,North,2026-08-25,8,7041.45,26.6
6375,Customer 06375,SMB,West,2026-08-16,4,11599.9,73.8
6376,Customer 06376,Consumer,West,2026-08-30,2,5110.69,99.6
6377,Customer 06377,Consumer,North,2026-09-11,9,103147.99,47.4
6378,Customer 06378,Consumer,Central,2026-09-08,4,332941.29,74.2
6379,Customer 06379,Consumer,South,2026-06-05,7,2689.94,39.0
6380,Customer 06380,Consumer,East,2026-03-15,7,7559.55,31.2
6381,Customer 06381,Consumer,East,2026-09-21,5,22984.3,73.9
6382,Customer 06382,Enterprise,East,2026-03-22,7,4525.5,42.9
6383,Customer 06383,Consumer,North,2026-04-03,5,11627.62,58.5
6384,Customer 06384,SMB,North,2026-07-17,6,3715.24,45.1
6385,Customer 06385,SMB,Central,2026-03-18,1,7772.52,92.3
6386,Customer 06386,Consumer,East,2026-08-21,6,5024.58,60.7
6387,Customer 06387,Consumer,North,2026-08-29,3,10492.04,63.8
6388,Customer 06388,Consumer,Central,2026-06-03,2,9262.35,80.7
6389,Customer 06389,Consumer,North,2026-05-16,4,11609.47,75.7
6390,Customer 06390,SMB,Central,2026-06-28,4,6605.53,81.2
6391,Customer 06391,SMB,South,2026-04-26,4,6822.44,58.0
6392,Customer 06392,Consumer,Central,2026-05-07,4,7546.82,86.6
6393,Customer 06393,SMB,South,2026-04-18,9,15771.09,30.3
6394,Customer 06394,Consumer,South,2026-07-13,5,12939.96,84.6
6395,Customer 06395,Enterprise,South,2026-07-19,3,18148.28,82.1
6396,Customer 06396,Consumer,South,2026-05-07,4,14099.01,80.5
6397,Customer 06397,Consumer,West,2026-07-09,4,16871.87,69.3
6398,Customer 06398,Consumer,Central,2026-06-07,11,17247.24,28.5
6399,Customer 06399,Consumer,North,2026-04-21,8,3589.96,39.0
6400,Customer 06400,Consumer,West,2026-08-17,8,32051.58,27.6
6401,Customer 06401,Enterprise,South,2026-05-10,4,17535.5,67.8
6402,Customer 06402,SMB,North,2026-08-02,5,24644.92,62.2
6403,Customer 06403,SMB,West,2026-09-22,6,182408.75,67.7
6404,Customer 06404,Consumer,North,2026-09-06,6,62311.39,54.4
6405,Customer 06405,Enterprise,Central,2026-09-03,11,23161.75,29.2
6406,Customer 06406,Consumer,North,2026-09-14,6,22626.52,70.6
6407,Customer 06407,SMB,North,2026-04-21,5,13511.78,59.4
6408,Customer 06408,SMB,Central,2026-09-15,6,14504.39,91.7
6409,Customer 06409,Consumer,East,2026-05-07,3,10236.98,75.0
6410,Customer 06410,SMB,West,2026-09-02,8,68386.91,49.9
6411,Customer 06411,SMB,East,2026-07-11,4,7853.19,35.7
6412,Customer 06412,Consumer,Central,2026-05-07,6,4782.6,51.4
6413,Customer 06413,Consumer,East,2026-04-13,4,7902.43,67.9
6414,Customer 06414,Enterprise,South,2026-03-18,11,2669.3,11.1
6415,Customer 06415,Consumer,West,2026-09-27,6,54142.59,56.0
6416,Customer 06416,Enterprise,West,2026-05-17,5,4698.65,56.8
6417,Customer 06417,SMB,Central,2026-09-28,7,24922.57,43.3
6418,Customer 06418,SMB,East,2026-03-12,5,20808.58,52.2
6419,Customer 06419,Consumer,East,2026-04-13,6,10736.48,55.2
6420,Customer 06420,Consumer,South,2026-06-27,7,6576.67,68.6
6421,Customer 06421,Consumer,North,2026-04-22,9,13377.87,54.3
6422,Customer 06422,SMB,West,2026-05-14,5,7292.75,66.9
6423,Customer 06423,Consumer,North,2026-08-31,6,3783.2,64.9
6424,Customer 06424,Consumer,North,2026-05-18,5,8097.47,69.0
6425,Customer 06425,SMB,North,2026-03-16,3,71642.99,73.7
6426,Customer 06426,Consumer,East,2026-08-01,8,3939.65,71.8
6427,Customer 06427,Consumer,East,2026-03-14,7,9023.0,41.5
6428,Customer 06428,SMB,Central,2026-07-03,10,7810.02,51.4
6429,Customer 06429,Consumer,North,2026-08-07,3,3352.11,64.9
6430,Customer 06430,Consumer,East,2026-06-02,8,18414.94,48.9
6431,Customer 06431,SMB,North,2026-09-18,9,444546.61,52.8
6432,Customer 06432,Enterprise,East,2026-09-02,8,30079.72,57.5
6433,Customer 06433,SMB,South,2026-09-22,5,41406.619999999995,37.4
6434,Customer 06434,Consumer,Central,2026-06-24,9,4658.83,34.4
6435,Customer 06435,SMB,Central,2026-05-06,7,13306.92,69.8
6436,Customer 06436,Enterprise,South,2026-03-14,5,3814.61,67.8
6437,Customer 06437,Consumer,North,2026-05-16,2,8432.87,56.2
6438,Customer 06438,Consumer,Central,2026-04-17,7,6596.86,71.6
6439,Customer 06439,Consumer,South,2026-06-04,7,7189.09,47.1
6440,Customer 06440,SMB,North,2026-03-25,8,8371.74,63.9
6441,Customer 06441,SMB,Central,2026-09-15,7,35830.29,51.6
6442,Customer 06442,SMB,South,2026-03-12,5,9391.75,70.5
6443,Customer 06443,Consumer,South,2026-05-08,4,12789.83,52.7
6444,Customer 06444,Consumer,Central,2026-07-28,6,13372.0,58.6
6445,Customer 06445,Consumer,Central,2026-08-05,5,8652.96,46.2
6446,Customer 06446,Consumer,East,2026-04-27,8,6122.62,26.6
6447,Customer 06447,Enterprise,East,2026-05-02,5,7350.03,88.5
6448,Customer 06448,Consumer,West,2026-04-09,6,13721.35,64.8
6449,Customer 06449,SMB,West,2026-04-04,7,15773.37,48.1
6450,Customer 06450,Consumer,Central,2026-07-22,4,10731.05,62.2
6451,Customer 06451,Consumer,South,2026-04-24,9,5359.05,35.1
6452,Customer 06452,Consumer,South,2026-09-25,6,110164.62,68.2
6453,Customer 06453,Enterprise,Central,2026-08-14,5,55062.88,80.1
6454,Customer 06454,Consumer,East,2026-09-26,9,33202.880000000005,33.7
6455,Customer 06455,Consumer,South,2026-06-22,9,2653.05,43.3
6456,Customer 06456,Consumer,North,2026-09-19,5,37681.100000000006,63.1
6457,Customer 06457,Consumer,West,2026-06-18,9,4647.05,71.7
6458,Customer 06458,Consumer,West,2026-09-03,6,38466.73,85.6
6459,Customer 06459,Consumer,Central,2026-03-07,6,34827.25,57.3
6460,Customer 06460,SMB,East,2026-08-21,7,7186.49,64.1
6461,Customer 06461,Enterprise,North,2026-07-13,8,6589.05,38.4
6462,Customer 06462,SMB,Central,2026-09-30,8,34977.94,42.1
6463,Customer 06463,Enterprise,North,2026-06-28,5,7797.06,47.5
6464,Customer 06464,SMB,West,2026-09-25,6,408940.32,62.6
6465,Customer 06465,Enterprise,West,2026-09-10,9,61682.52,57.2
6466,Customer 06466,SMB,West,2026-04-18,5,19533.95,75.0
6467,Customer 06467,Consumer,East,2026-04-01,2,25915.77,97.2
6468,Customer 06468,Consumer,Central,2026-07-04,8,15984.32,18.7
6469,Customer 06469,Consumer,East,2026-04-21,5,27162.69,65.8
6470,Customer 06470,Consumer,East,2026-09-11,6,146590.28999999998,60.9
6471,Customer 06471,Consumer,South,2026-07-05,4,13441.39,60.5
6472,Customer 06472,Consumer,South,2026-08-22,7,5799.59,57.9
6473,Customer 06473,Consumer,Central,2026-03-26,8,39188.93,47.2
6474,Customer 06474,Consumer,Central,2026-05-15,5,10668.72,58.3
6475,Customer 06475,Consumer,East,2026-07-19,5,12098.75,73.1
6476,Customer 06476,SMB,North,2026-07-17,7,7174.28,64.0
6477,Customer 06477,SMB,Central,2026-09-20,4,46654.22,76.1
6478,Customer 06478,Consumer,South,2026-06-04,6,13208.08,71.4
6479,Customer 06479,Consumer,South,2026-03-05,7,46634.16,21.3
6480,Customer 06480,Consumer,North,2026-05-23,4,6120.62,50.2
6481,Customer 06481,Consumer,West,2026-06-19,7,10160.31,53.6
6482,Customer 06482,Consumer,North,2026-09-01,4,142869.99000000002,100.0
6483,Customer 06483,SMB,Central,2026-06-13,9,14076.44,52.1
6484,Customer 06484,SMB,Central,2026-08-02,5,8623.37,74.7
6485,Customer 06485,Consumer,North,2026-05-25,5,5131.1,93.3
6486,Customer 06486,Enterprise,East,2026-04-21,6,7917.59,76.5
6487,Customer 06487,Enterprise,North,2026-09-28,5,374593.43,50.9
6488,Customer 06488,Consumer,South,2026-07-31,2,6416.6,73.4
6489,Customer 06489,Consumer,East,2026-03-19,5,11887.22,71.5
6490,Customer 06490,Consumer,Central,2026-08-11,4,11720.71,62.2
6491,Customer 06491,SMB,West,2026-07-11,5,16508.84,54.6
6492,Customer 06492,Consumer,South,2026-07-28,5,10224.36,86.0
6493,Customer 06493,Consumer,Central,2026-07-02,7,16282.68,41.8
6494,Customer 06494,SMB,West,2026-04-02,9,2531.32,29.8
6495,Customer 06495,Enterprise,South,2026-04-11,6,14447.59,58.8
6496,Customer 06496,SMB,Central,2026-04-26,6,19025.16,45.2
6497,Customer 06497,SMB,South,2026-04-28,5,6054.22,61.3
6498,Customer 06498,SMB,South,2026-06-04,6,14990.2,59.2
6499,Customer 06499,Consumer,East,2026-07-02,2,26719.42,79.7
6500,Customer 06500,Consumer,West,2026-03-07,3,5242.48,77.2
6501,Customer 06501,Enterprise,South,2026-06-27,4,25567.11,92.2
6502,Customer 06502,Consumer,Central,2026-05-03,5,8518.03,75.1
6503,Customer 06503,SMB,South,2026-07-08,5,11863.98,77.7
6504,Customer 06504,Consumer,East,2026-09-06,7,77434.55,61.9
6505,Customer 06505,Consumer,South,2026-06-09,3,9363.01,87.8
6506,Customer 06506,Consumer,East,2026-09-16,2,5451.4,93.3
6507,Customer 06507,SMB,South,2026-03-16,7,9117.6,65.5
6508,Customer 06508,Consumer,Central,2026-06-27,4,4495.48,64.1
6509,Customer 06509,Consumer,Central,2026-09-05,7,31846.98,44.2
6510,Customer 06510,Consumer,East,2026-03-31,5,27604.67,72.8
6511,Customer 06511,Consumer,North,2026-08-17,6,22416.73,42.5
6512,Customer 06512,Consumer,East,2026-05-18,2,23125.62,80.0
6513,Customer 06513,SMB,North,2026-04-13,4,7088.3,79.4
6514,Customer 06514,SMB,Central,2026-08-02,4,15234.84,68.9
6515,Customer 06515,Consumer,West,2026-09-22,6,32371.54,56.0
6516,Customer 06516,Consumer,West,2026-05-25,6,3514.78,69.9
6517,Customer 06517,SMB,North,2026-03-23,6,7913.47,69.3
6518,Customer 06518,Consumer,West,2026-09-01,10,45900.87,44.4
6519,Customer 06519,Enterprise,North,2026-05-31,5,12264.94,80.0
6520,Customer 06520,Consumer,West,2026-04-03,5,7423.78,65.8
6521,Customer 06521,Consumer,West,2026-06-01,9,7929.57,31.9
6522,Customer 06522,Consumer,North,2026-06-09,6,5160.89,64.0
6523,Customer 06523,Enterprise,North,2026-08-29,9,14196.84,31.0
6524,Customer 06524,Consumer,West,2026-04-14,5,19899.89,59.0
6525,Customer 06525,Consumer,East,2026-08-24,6,3576.27,70.0
6526,Customer 06526,SMB,North,2026-06-15,9,5984.57,33.0
6527,Customer 06527,Consumer,North,2026-09-14,8,111697.64000000001,46.5
6528,Customer 06528,Consumer,East,2026-04-14,4,8640.63,57.9
6529,Customer 06529,Consumer,South,2026-09-26,8,49076.47,54.2
6530,Customer 06530,SMB,West,2026-08-20,7,26090.89,49.0
6531,Customer 06531,Consumer,North,2026-09-16,5,51541.07000000001,89.0
6532,Customer 06532,Consumer,East,2026-08-12,7,30621.94,44.1
6533,Customer 06533,Consumer,West,2026-07-01,6,17286.72,43.8
6534,Customer 06534,Consumer,West,2026-05-10,3,75254.6,82.1
6535,Customer 06535,Consumer,North,2026-04-22,8,9013.64,55.7
6536,Customer 06536,SMB,North,2026-06-14,4,10567.41,80.0
6537,Customer 06537,Consumer,East,2026-09-17,7,523213.92,60.6
6538,Customer 06538,SMB,West,2026-09-30,9,36716.47,42.8
6539,Customer 06539,SMB,Central,2026-05-19,5,10428.08,83.2
6540,Customer 06540,Consumer,West,2026-04-03,4,10174.71,58.5
6541,Customer 06541,Consumer,East,2026-06-21,6,7400.71,48.8
6542,Customer 06542,SMB,North,2026-08-15,9,18424.33,55.4
6543,Customer 06543,Consumer,West,2026-04-07,4,1650.2,74.5
6544,Customer 06544,Consumer,West,2026-03-12,7,4677.32,49.6
6545,Customer 06545,Enterprise,East,2026-09-08,5,31316.82,66.4
6546,Customer 06546,Consumer,East,2026-06-03,3,20644.82,76.3
6547,Customer 06547,SMB,West,2026-09-22,9,31612.34,38.8
6548,Customer 06548,Consumer,West,2026-07-31,5,12224.47,72.8
6549,Customer 06549,SMB,West,2026-07-31,7,9462.62,57.4
6550,Customer 06550,Consumer,North,2026-09-20,6,49420.91,59.2
6551,Customer 06551,SMB,Central,2026-05-05,3,17120.05,74.5
6552,Customer 06552,Consumer,North,2026-09-23,7,130361.75,65.3
6553,Customer 06553,Consumer,South,2026-04-27,3,14416.33,71.6
6554,Customer 06554,Consumer,Central,2026-04-10,7,2395.73,45.9
6555,Customer 06555,SMB,East,2026-06-25,7,4453.7,51.4
6556,Customer 06556,Consumer,North,2026-08-27,3,3755.85,72.6
6557,Customer 06557,Consumer,South,2026-07-03,5,11844.69,74.4
6558,Customer 06558,SMB,South,2026-03-31,8,5255.09,43.6
6559,Customer 06559,Consumer,Central,2026-09-13,9,33847.75,40.8
6560,Customer 06560,SMB,South,2026-07-01,7,7222.4,55.2
6561,Customer 06561,SMB,West,2026-08-27,6,6968.77,52.0
6562,Customer 06562,Consumer,East,2026-03-27,6,13399.84,56.0
6563,Customer 06563,Consumer,North,2026-09-27,3,61193.5,80.4
6564,Customer 06564,Consumer,Central,2026-09-30,5,19246.440000000002,61.2
6565,Customer 06565,Enterprise,North,2026-04-03,5,6668.97,75.2
6566,Customer 06566,Consumer,North,2026-05-09,8,3454.93,74.6
6567,Customer 06567,Consumer,North,2026-09-18,5,17588.79,52.3
6568,Customer 06568,Consumer,West,2026-09-01,5,29336.530000000002,74.1
6569,Customer 06569,Consumer,East,2026-09-22,8,13417.7,51.7
6570,Customer 06570,SMB,West,2026-05-21,8,31987.82,37.0
6571,Customer 06571,Consumer,West,2026-06-01,4,6261.7,59.2
6572,Customer 06572,Consumer,East,2026-04-01,7,29579.97,42.7
6573,Customer 06573,Consumer,West,2026-08-10,4,17108.36,69.7
6574,Customer 06574,Consumer,North,2026-09-30,6,17950.73,75.1
6575,Customer 06575,SMB,Central,2026-05-14,5,14866.26,66.5
6576,Customer 06576,SMB,East,2026-09-28,10,173018.81,33.5
6577,Customer 06577,Consumer,South,2026-04-04,9,2911.29,28.8
6578,Customer 06578,Consumer,South,2026-03-25,6,2003.95,53.3
6579,Customer 06579,Consumer,East,2026-07-19,6,3383.58,59.3
6580,Customer 06580,Consumer,West,2026-03-19,5,8979.22,74.7
6581,Customer 06581,Consumer,North,2026-06-14,8,10346.84,50.6
6582,Customer 06582,Consumer,Central,2026-05-02,5,5950.9,58.9
6583,Customer 06583,Consumer,Central,2026-03-24,7,9944.31,48.1
6584,Customer 06584,SMB,North,2026-04-03,4,7692.29,60.1
6585,Customer 06585,SMB,East,2026-03-09,6,5374.89,57.6
6586,Customer 06586,Consumer,South,2026-06-09,5,8325.2,56.9
6587,Customer 06587,Enterprise,North,2026-06-14,8,10052.44,42.8
6588,Customer 06588,Consumer,South,2026-04-10,4,7479.99,66.9
6589,Customer 06589,Consumer,East,2026-06-18,8,15469.04,20.2
6590,Customer 06590,SMB,East,2026-07-08,5,24743.18,89.4
6591,Customer 06591,SMB,North,2026-09-13,10,34106.03,28.4
6592,Customer 06592,Consumer,East,2026-07-20,4,9513.96,86.4
6593,Customer 06593,Consumer,West,2026-03-29,7,10559.49,58.5
6594,Customer 06594,SMB,Central,2026-09-16,8,15881.72,59.2
6595,Customer 06595,Consumer,South,2026-03-25,8,8146.72,38.1
6596,Customer 06596,Consumer,North,2026-04-29,10,9955.8,36.1
6597,Customer 06597,Consumer,East,2026-07-07,6,19122.11,63.5
6598,Customer 06598,Consumer,West,2026-09-05,11,37563.72,38.1
6599,Customer 06599,Consumer,South,2026-07-15,6,2581.93,50.0
6600,Customer 06600,SMB,East,2026-08-01,9,10016.06,36.1
6601,Customer 06601,Consumer,Central,2026-08-22,5,17636.22,49.3
6602,Customer 06602,SMB,South,2026-03-25,7,9367.04,67.2
6603,Customer 06603,Enterprise,East,2026-05-31,4,13385.45,78.9
6604,Customer 06604,Consumer,West,2026-06-01,6,4621.42,50.7
6605,Customer 06605,Consumer,North,2026-04-17,6,10363.68,47.0
6606,Customer 06606,SMB,South,2026-09-17,6,50089.83,77.5
6607,Customer 06607,SMB,South,2026-04-05,7,6006.14,32.9
6608,Customer 06608,SMB,East,2026-08-21,4,10518.24,59.7
6609,Customer 06609,Consumer,Central,2026-04-28,4,15692.77,76.9
6610,Customer 06610,Consumer,East,2026-09-21,6,36519.2,72.5
6611,Customer 06611,SMB,South,2026-07-12,8,4723.01,22.6
6612,Customer 06612,Enterprise,South,2026-08-31,7,6004.91,26.4
6613,Customer 06613,Enterprise,South,2026-09-13,9,202568.88,44.8
6614,Customer 06614,Consumer,North,2026-08-30,6,4806.7,59.4
6615,Customer 06615,Consumer,South,2026-04-26,3,14465.63,67.4
6616,Customer 06616,Consumer,Central,2026-08-29,8,17411.21,45.0
6617,Customer 06617,Consumer,South,2026-05-14,4,10795.17,83.3
6618,Customer 06618,Consumer,East,2026-07-11,6,3472.71,63.2
6619,Customer 06619,Consumer,East,2026-03-27,7,20243.83,43.1
6620,Customer 06620,Consumer,East,2026-08-21,3,11266.58,57.9
6621,Customer 06621,Consumer,South,2026-09-06,7,558909.28,77.1
6622,Customer 06622,SMB,South,2026-07-29,3,3853.01,71.9
6623,Customer 06623,SMB,West,2026-07-27,9,13988.81,28.5
6624,Customer 06624,Consumer,West,2026-04-09,5,20259.04,53.7
6625,Customer 06625,SMB,East,2026-05-31,3,26926.98,69.8
6626,Customer 06626,Consumer,North,2026-09-13,6,25809.44,62.1
6627,Customer 06627,Consumer,South,2026-07-07,4,16107.56,81.2
6628,Customer 06628,SMB,South,2026-09-28,7,40397.659999999996,54.7
6629,Customer 06629,Consumer,Central,2026-08-27,3,9761.7,94.7
6630,Customer 06630,Consumer,North,2026-09-28,7,45457.229999999996,87.5
6631,Customer 06631,Enterprise,North,2026-09-27,10,35111.07,21.5
6632,Customer 06632,Consumer,West,2026-06-11,9,8651.22,41.0
6633,Customer 06633,SMB,West,2026-03-24,6,16667.83,36.0
6634,Customer 06634,Consumer,North,2026-09-23,12,24944.62,16.4
6635,Customer 06635,Consumer,Central,2026-05-24,4,9827.98,73.9
6636,Customer 06636,Consumer,South,2026-08-23,10,11490.31,40.0
6637,Customer 06637,Enterprise,Central,2026-05-13,6,4151.51,38.6
6638,Customer 06638,Consumer,West,2026-09-29,7,16731.02,73.8
6639,Customer 06639,Enterprise,Central,2026-05-28,4,26272.18,78.4
6640,Customer 06640,Consumer,North,2026-06-25,6,16007.09,50.3
6641,Customer 06641,Consumer,East,2026-09-07,6,14929.560000000001,71.3
6642,Customer 06642,Consumer,East,2026-04-13,6,8047.57,60.8
6643,Customer 06643,SMB,South,2026-09-11,8,28326.59,45.8
6644,Customer 06644,Enterprise,West,2026-08-31,2,3801.13,68.6
6645,Customer 06645,Enterprise,West,2026-09-28,4,13986.97,70.5
6646,Customer 06646,Consumer,North,2026-04-21,6,50741.36,42.7
6647,Customer 06647,SMB,East,2026-06-18,8,6637.99,43.1
6648,Customer 06648,Consumer,Central,2026-03-24,6,11160.28,32.7
6649,Customer 06649,Consumer,East,2026-04-05,4,13573.39,72.3
6650,Customer 06650,Consumer,West,2026-05-23,5,9709.65,68.7
6651,Customer 06651,Consumer,East,2026-04-17,7,13138.17,45.9
6652,Customer 06652,SMB,Central,2026-06-11,2,2150.63,100.0
6653,Customer 06653,SMB,West,2026-09-15,9,56960.899999999994,59.4
6654,Customer 06654,Consumer,Central,2026-08-16,9,13983.86,42.8
6655,Customer 06655,SMB,Central,2026-06-15,3,18280.19,82.8
6656,Customer 06656,SMB,West,2026-05-11,8,8105.91,37.0
6657,Customer 06657,Consumer,East,2026-04-08,5,7319.9,70.0
6658,Customer 06658,SMB,South,2026-05-27,7,13915.11,24.5
6659,Customer 06659,Consumer,West,2026-09-22,3,27167.32,72.2
6660,Customer 06660,Consumer,South,2026-04-17,7,6810.41,38.7
6661,Customer 06661,Enterprise,South,2026-06-25,3,8347.8,70.1
6662,Customer 06662,Enterprise,Central,2026-04-14,4,6127.64,68.4
6663,Customer 06663,Consumer,Central,2026-05-16,5,7278.53,58.1
6664,Customer 06664,Consumer,South,2026-09-02,8,311599.19,48.0
6665,Customer 06665,Consumer,South,2026-09-24,7,31190.29,73.8
6666,Customer 06666,Enterprise,North,2026-08-08,5,5486.97,42.6
6667,Customer 06667,Consumer,East,2026-03-29,7,44551.51,61.0
6668,Customer 06668,Consumer,North,2026-09-28,9,98678.12,55.1
6669,Customer 06669,Enterprise,North,2026-09-10,4,10567.23,64.7
6670,Customer 06670,SMB,West,2026-07-20,5,6408.18,43.4
6671,Customer 06671,Consumer,Central,2026-06-22,3,7722.33,81.9
6672,Customer 06672,Consumer,West,2026-09-23,6,103544.47,61.7
6673,Customer 06673,Consumer,East,2026-05-19,5,12164.87,57.0
6674,Customer 06674,Consumer,South,2026-07-24,6,12223.03,38.3
6675,Customer 06675,Consumer,North,2026-09-08,10,68750.08,23.4
6676,Customer 06676,Consumer,West,2026-06-28,12,4758.44,25.8
6677,Customer 06677,Enterprise,South,2026-04-13,4,3643.9,59.7
6678,Customer 06678,Consumer,North,2026-04-03,6,5521.55,64.7
6679,Customer 06679,SMB,Central,2026-09-10,7,33391.53,75.0
6680,Customer 06680,Enterprise,Central,2026-09-18,8,35581.66,58.1
6681,Customer 06681,Consumer,Central,2026-04-21,6,5476.15,58.6
6682,Customer 06682,Consumer,South,2026-03-13,3,6664.24,91.4
6683,Customer 06683,Consumer,Central,2026-04-21,4,6238.71,85.5
6684,Customer 06684,Consumer,East,2026-08-18,8,4091.84,50.3
6685,Customer 06685,SMB,East,2026-05-26,9,17144.97,57.5
6686,Customer 06686,Consumer,Central,2026-09-09,7,272729.43,44.2
6687,Customer 06687,Consumer,North,2026-08-24,9,27814.61,23.8
6688,Customer 06688,Consumer,South,2026-05-24,5,11597.24,63.2
6689,Customer 06689,Consumer,East,2026-05-16,4,14448.65,71.0
6690,Customer 06690,Consumer,North,2026-06-24,8,13611.98,38.4
6691,Customer 06691,Consumer,North,2026-04-07,4,16732.99,70.5
6692,Customer 06692,SMB,North,2026-09-17,9,478005.05,32.2
6693,Customer 06693,SMB,Central,2026-04-30,5,8323.94,59.7
6694,Customer 06694,Consumer,East,2026-05-30,4,17390.32,63.5
6695,Customer 06695,Consumer,South,2026-04-22,5,6651.83,52.0
6696,Customer 06696,Consumer,Central,2026-09-28,5,9452.84,60.4
6697,Customer 06697,Enterprise,East,2026-09-03,9,253583.36000000002,51.5
6698,Customer 06698,Consumer,South,2026-05-10,4,13152.96,72.3
6699,Customer 06699,Consumer,East,2026-05-14,3,3945.54,91.4
6700,Customer 06700,Enterprise,South,2026-06-15,6,5039.51,59.3
6701,Customer 06701,Consumer,South,2026-04-27,3,8449.75,61.1
6702,Customer 06702,Consumer,South,2026-09-28,8,20242.04,34.7
6703,Customer 06703,Consumer,Central,2026-04-04,6,10588.45,74.0
6704,Customer 06704,Enterprise,West,2026-06-01,9,9004.27,31.9
6705,Customer 06705,Consumer,North,2026-07-18,2,4900.86,64.4
6706,Customer 06706,SMB,South,2026-08-27,5,10014.75,69.1
6707,Customer 06707,Enterprise,Central,2026-09-18,5,18487.55,86.5
6708,Customer 06708,Consumer,Central,2026-05-26,7,13157.38,61.5
6709,Customer 06709,Consumer,West,2026-08-11,2,13787.12,77.3
6710,Customer 06710,Consumer,West,2026-08-23,6,8649.57,34.4
6711,Customer 06711,SMB,Central,2026-07-21,12,23746.19,28.8
6712,Customer 06712,Consumer,West,2026-05-13,5,2187.27,74.0
6713,Customer 06713,Consumer,West,2026-03-29,7,14433.01,45.4
6714,Customer 06714,Consumer,South,2026-09-30,8,32769.27,44.2
6715,Customer 06715,Consumer,West,2026-07-19,5,3318.98,72.7
6716,Customer 06716,Consumer,South,2026-07-03,5,10111.65,72.5
6717,Customer 06717,Consumer,North,2026-08-10,7,6701.0,77.7
6718,Customer 06718,Consumer,South,2026-09-24,6,201714.66,82.7
6719,Customer 06719,Enterprise,South,2026-09-21,5,19537.0,64.1
6720,Customer 06720,Consumer,North,2026-07-03,6,4116.25,57.8
6721,Customer 06721,SMB,North,2026-06-13,5,12291.6,70.5
6722,Customer 06722,Consumer,East,2026-07-12,6,5192.39,72.8
6723,Customer 06723,Consumer,Central,2026-08-24,10,2625.45,28.8
6724,Customer 06724,Enterprise,South,2026-07-11,6,25079.13,61.9
6725,Customer 06725,SMB,Central,2026-09-26,7,81050.78000000001,47.5
6726,Customer 06726,Consumer,South,2026-09-27,4,53492.58,83.3
6727,Customer 06727,SMB,East,2026-04-12,6,7441.73,76.9
6728,Customer 06728,SMB,South,2026-03-29,8,10668.27,41.0
6729,Customer 06729,Consumer,North,2026-07-18,5,66803.12,59.6
6730,Customer 06730,SMB,South,2026-06-12,5,8379.46,55.8
6731,Customer 06731,Consumer,West,2026-06-29,6,12183.46,55.9
6732,Customer 06732,Consumer,North,2026-04-07,8,5827.26,63.2
6733,Customer 06733,Consumer,Central,2026-06-21,9,8256.45,48.5
6734,Customer 06734,Consumer,Central,2026-05-13,7,10213.75,63.3
6735,Customer 06735,Consumer,North,2026-09-02,3,11356.759999999998,82.1
6736,Customer 06736,Consumer,West,2026-05-22,13,13070.87,0.0
6737,Customer 06737,Enterprise,East,2026-04-20,4,10935.91,85.8
6738,Customer 06738,Consumer,North,2026-06-25,10,7941.58,14.6
6739,Customer 06739,Consumer,Central,2026-04-13,3,24402.01,72.1
6740,Customer 06740,Consumer,East,2026-04-13,8,10662.23,42.5
6741,Customer 06741,Consumer,East,2026-04-02,4,22624.84,79.9
6742,Customer 06742,Consumer,Central,2026-03-07,4,26599.12,70.9
6743,Customer 06743,Consumer,Central,2026-06-27,5,7361.36,74.1
6744,Customer 06744,Consumer,North,2026-07-01,3,1423.72,62.7
6745,Customer 06745,SMB,Central,2026-07-29,6,14387.24,71.4
6746,Customer 06746,SMB,East,2026-06-15,1,11355.99,84.1
6747,Customer 06747,Enterprise,North,2026-09-16,6,83299.92,66.0
6748,Customer 06748,Enterprise,North,2026-04-07,8,15878.24,30.8
6749,Customer 06749,SMB,North,2026-04-06,6,7952.52,46.0
6750,Customer 06750,SMB,South,2026-04-03,9,6184.69,23.0
6751,Customer 06751,Enterprise,South,2026-06-28,6,4081.02,53.9
6752,Customer 06752,Consumer,South,2026-03-14,8,26127.27,49.9
6753,Customer 06753,Consumer,South,2026-05-21,5,9412.07,65.2
6754,Customer 06754,Consumer,North,2026-05-20,7,17696.73,46.5
6755,Customer 06755,SMB,North,2026-06-29,9,17633.38,67.9
6756,Customer 06756,Consumer,Central,2026-09-09,6,332407.66,64.0
6757,Customer 06757,Consumer,Central,2026-09-29,7,67914.53,66.6
6758,Customer 06758,Consumer,North,2026-08-16,9,9021.28,30.5
6759,Customer 06759,Consumer,Central,2026-09-12,3,53888.97,54.4
6760,Customer 06760,SMB,West,2026-08-15,9,15030.6,51.4
6761,Customer 06761,Consumer,East,2026-04-16,7,20844.34,61.7
6762,Customer 06762,Consumer,North,2026-04-30,5,22499.75,46.6
6763,Customer 06763,Enterprise,East,2026-07-04,4,33697.84,60.7
6764,Customer 06764,SMB,West,2026-07-01,10,4492.01,15.5
6765,Customer 06765,Consumer,West,2026-04-26,5,11260.2,86.8
6766,Customer 06766,Consumer,South,2026-06-21,6,7320.94,72.2
6767,Customer 06767,Consumer,Central,2026-04-18,7,9529.38,46.0
6768,Customer 06768,SMB,East,2026-09-16,4,116111.5,79.8
6769,Customer 06769,Consumer,East,2026-07-17,2,12516.4,70.6
6770,Customer 06770,Consumer,South,2026-05-07,3,26254.95,61.2
6771,Customer 06771,Consumer,Central,2026-06-19,9,21473.24,69.8
6772,Customer 06772,SMB,South,2026-05-01,8,4750.03,34.2
6773,Customer 06773,Enterprise,Central,2026-07-07,5,6215.52,63.2
6774,Customer 06774,Consumer,East,2026-03-27,3,6516.66,70.5
6775,Customer 06775,Consumer,North,2026-08-19,5,9632.0,64.5
6776,Customer 06776,SMB,South,2026-04-20,8,18502.62,43.7
6777,Customer 06777,Enterprise,West,2026-05-03,9,7741.11,31.9
6778,Customer 06778,Consumer,East,2026-09-16,8,38551.990000000005,17.9
6779,Customer 06779,SMB,East,2026-03-27,3,7461.08,82.4
6780,Customer 06780,Consumer,Central,2026-03-14,5,27343.63,56.3
6781,Customer 06781,SMB,East,2026-04-20,11,7617.65,28.4
6782,Customer 06782,Consumer,South,2026-04-17,7,7230.17,52.4
6783,Customer 06783,SMB,East,2026-03-05,2,13848.98,76.7
6784,Customer 06784,Consumer,North,2026-07-26,3,6984.48,76.0
6785,Customer 06785,Consumer,North,2026-03-26,6,14894.14,45.6
6786,Customer 06786,Consumer,East,2026-09-27,10,29469.78,24.4
6787,Customer 06787,Consumer,Central,2026-08-29,9,14131.69,42.2
6788,Customer 06788,Consumer,West,2026-07-31,4,16977.38,65.3
6789,Customer 06789,Consumer,North,2026-09-21,8,192060.14,46.4
6790,Customer 06790,Consumer,Central,2026-04-06,4,12422.94,62.5
6791,Customer 06791,SMB,North,2026-06-01,5,21679.97,57.2
6792,Customer 06792,Consumer,West,2026-08-08,4,6894.41,59.8
6793,Customer 06793,Enterprise,North,2026-08-15,6,17821.77,59.2
6794,Customer 06794,SMB,South,2026-03-10,5,10907.41,85.0
6795,Customer 06795,Consumer,Central,2026-09-19,5,13546.98,66.6
6796,Customer 06796,SMB,East,2026-09-07,5,14364.329999999998,67.5
6797,Customer 06797,Enterprise,North,2026-07-15,10,11164.85,35.9
6798,Customer 06798,Enterprise,East,2026-03-08,7,7322.19,37.6
6799,Customer 06799,Consumer,South,2026-05-27,5,10173.37,57.8
6800,Customer 06800,Consumer,East,2026-08-05,4,17096.46,77.3
6801,Customer 06801,SMB,West,2026-05-08,4,8376.05,60.5
6802,Customer 06802,Consumer,South,2026-05-17,5,11373.62,65.0
6803,Customer 06803,Enterprise,North,2026-05-14,7,9748.16,33.8
6804,Customer 06804,SMB,South,2026-07-31,9,3491.37,31.2
6805,Customer 06805,SMB,North,2026-08-02,6,7773.79,63.9
6806,Customer 06806,Enterprise,North,2026-09-01,8,20112.69,48.1
6807,Customer 06807,Consumer,West,2026-05-03,5,2614.64,72.6
6808,Customer 06808,Consumer,East,2026-08-30,5,9930.7,42.3
6809,Customer 06809,Consumer,West,2026-09-04,8,47583.439999999995,52.8
6810,Customer 06810,SMB,North,2026-09-10,5,31647.02,80.2
6811,Customer 06811,Enterprise,Central,2026-09-21,6,11652.43,66.4
6812,Customer 06812,Enterprise,Central,2026-09-09,5,19587.29,66.3
6813,Customer 06813,Consumer,Central,2026-08-26,5,4685.13,86.2
6814,Customer 06814,SMB,West,2026-03-08,2,6982.07,94.3
6815,Customer 06815,SMB,South,2026-06-18,3,2676.13,77.3
6816,Customer 06816,SMB,West,2026-06-11,7,8268.49,49.7
6817,Customer 06817,Consumer,East,2026-05-20,5,6326.16,64.4
6818,Customer 06818,SMB,North,2026-05-29,5,5643.22,67.3
6819,Customer 06819,SMB,North,2026-08-23,8,7998.47,16.3
6820,Customer 06820,Consumer,East,2026-05-25,3,5252.19,74.3
6821,Customer 06821,Consumer,East,2026-09-11,8,397966.36,76.9
6822,Customer 06822,Consumer,South,2026-04-01,6,10218.61,69.7
6823,Customer 06823,SMB,Central,2026-09-16,4,108740.5,77.9
6824,Customer 06824,Consumer,West,2026-05-01,4,7042.8,44.1
6825,Customer 06825,SMB,West,2026-07-28,5,5796.26,77.5
6826,Customer 06826,Enterprise,West,2026-09-16,10,42063.520000000004,39.4
6827,Customer 06827,Consumer,East,2026-05-23,5,8925.17,58.9
6828,Customer 06828,Enterprise,South,2026-09-24,5,42047.479999999996,65.8
6829,Customer 06829,Consumer,North,2026-08-21,6,7654.99,43.3
6830,Customer 06830,Consumer,South,2026-09-07,9,18633.08,39.2
6831,Customer 06831,SMB,West,2026-03-18,9,17155.16,45.1
6832,Customer 06832,Consumer,East,2026-09-17,5,5511.97,78.5
6833,Customer 06833,SMB,West,2026-07-07,3,5333.55,77.1
6834,Customer 06834,SMB,West,2026-07-29,14,7902.83,12.0
6835,Customer 06835,SMB,Central,2026-05-22,5,14908.84,57.4
6836,Customer 06836,SMB,East,2026-09-07,8,18094.87,43.8
6837,Customer 06837,Consumer,West,2026-09-01,8,36694.97,58.7
6838,Customer 06838,Consumer,Central,2026-04-07,4,10140.3,71.3
6839,Customer 06839,Consumer,West,2026-09-24,11,23074.5,34.6
6840,Customer 06840,Consumer,North,2026-08-27,7,11916.01,65.6
6841,Customer 06841,Consumer,West,2026-04-28,6,38455.32,62.1
6842,Customer 06842,Consumer,Central,2026-06-20,6,13339.25,45.8
6843,Customer 06843,Consumer,Central,2026-04-03,4,11015.96,69.9
6844,Customer 06844,Consumer,East,2026-09-28,6,97020.68,85.1
6845,Customer 06845,Consumer,Central,2026-09-19,5,56648.67,79.5
6846,Customer 06846,SMB,East,2026-05-07,7,29922.11,69.7
6847,Customer 06847,Consumer,East,2026-03-12,5,7747.87,72.0
6848,Customer 06848,Consumer,Central,2026-05-16,6,15142.22,61.8
6849,Customer 06849,Consumer,South,2026-08-29,7,27375.89,58.9
6850,Customer 06850,Consumer,North,2026-08-22,10,4513.97,35.8
6851,Customer 06851,SMB,East,2026-09-29,8,12342.490000000002,51.5
6852,Customer 06852,Enterprise,Central,2026-06-07,6,3915.15,67.2
6853,Customer 06853,SMB,Central,2026-04-07,5,14096.44,63.8
6854,Customer 06854,Consumer,Central,2026-03-22,6,30931.27,58.7
6855,Customer 06855,SMB,South,2026-07-04,4,2506.07,76.4
6856,Customer 06856,Consumer,South,2026-07-24,10,4218.32,27.2
6857,Customer 06857,SMB,South,2026-03-30,4,41447.32,79.9
6858,Customer 06858,Enterprise,West,2026-07-05,8,6156.87,57.7
6859,Customer 06859,SMB,South,2026-09-05,2,212953.5,100.0
6860,Customer 06860,SMB,West,2026-03-24,3,40198.96,76.6
6861,Customer 06861,SMB,South,2026-03-22,4,3437.24,55.4
6862,Customer 06862,Consumer,Central,2026-04-27,7,10354.94,56.5
6863,Customer 06863,Enterprise,South,2026-08-04,8,10327.91,37.4
6864,Customer 06864,Consumer,West,2026-04-30,6,7047.62,85.4
6865,Customer 06865,Consumer,Central,2026-09-16,5,39798.43,85.6
6866,Customer 06866,Consumer,West,2026-03-25,5,12201.2,63.3
6867,Customer 06867,Consumer,East,2026-03-27,8,8694.11,37.9
6868,Customer 06868,Consumer,East,2026-04-15,5,15035.33,63.9
6869,Customer 06869,Consumer,Central,2026-03-22,10,10498.72,57.4
6870,Customer 06870,Consumer,West,2026-04-06,6,4839.69,70.6
6871,Customer 06871,Consumer,East,2026-09-24,7,218860.69,71.9
6872,Customer 06872,Enterprise,East,2026-09-18,12,40861.85,29.5
6873,Customer 06873,SMB,East,2026-03-14,7,5019.09,51.4
6874,Customer 06874,Consumer,North,2026-08-10,7,16692.67,54.5
6875,Customer 06875,SMB,East,2026-09-16,7,51298.25,49.9
6876,Customer 06876,Consumer,West,2026-05-07,9,2428.7,31.7
6877,Customer 06877,Enterprise,West,2026-07-30,2,18860.93,93.4
6878,Customer 06878,Consumer,Central,2026-04-01,8,18464.28,41.9
6879,Customer 06879,Consumer,North,2026-03-05,7,13440.83,38.7
6880,Customer 06880,SMB,North,2026-07-26,7,14914.73,40.2
6881,Customer 06881,Enterprise,Central,2026-09-23,6,344957.46,59.5
6882,Customer 06882,Consumer,South,2026-06-24,5,9599.68,65.4
6883,Customer 06883,Consumer,Central,2026-06-20,8,61743.15,27.0
6884,Customer 06884,Consumer,South,2026-08-23,3,25692.58,91.9
6885,Customer 06885,Consumer,East,2026-05-07,5,5002.57,54.7
6886,Customer 06886,SMB,North,2026-03-27,5,1828.69,63.9
6887,Customer 06887,Enterprise,Central,2026-06-08,4,15545.17,78.4
6888,Customer 06888,Consumer,West,2026-08-17,6,20235.25,74.0
6889,Customer 06889,Consumer,South,2026-09-25,5,37085.93,75.8
6890,Customer 06890,Consumer,Central,2026-07-17,4,8890.86,58.5
6891,Customer 06891,Consumer,South,2026-09-15,3,20519.54,72.3
6892,Customer 06892,Consumer,South,2026-09-28,7,136144.54,89.8
6893,Customer 06893,Consumer,North,2026-03-23,10,14577.29,33.2
6894,Customer 06894,Enterprise,Central,2026-08-15,7,8551.98,53.0
6895,Customer 06895,Consumer,East,2026-07-10,6,15139.1,64.3
6896,Customer 06896,Consumer,Central,2026-08-21,3,13981.08,73.1
6897,Customer 06897,SMB,South,2026-07-21,2,82808.81,67.8
6898,Customer 06898,Consumer,South,2026-09-13,6,21784.32,63.7
6899,Customer 06899,Consumer,East,2026-03-30,3,17088.06,93.8
6900,Customer 06900,Consumer,North,2026-05-18,5,11807.86,76.5
6901,Customer 06901,SMB,North,2026-09-27,8,54962.96,68.2
6902,Customer 06902,Consumer,South,2026-03-31,3,8578.35,100.0
6903,Customer 06903,Consumer,Central,2026-08-30,7,14635.78,62.9
6904,Customer 06904,Consumer,North,2026-05-17,4,9043.34,46.5
6905,Customer 06905,Enterprise,South,2026-03-19,4,9383.89,80.1
6906,Customer 06906,Consumer,Central,2026-07-15,6,9624.28,43.7
6907,Customer 06907,SMB,West,2026-09-30,6,35786.29,93.8
6908,Customer 06908,Consumer,South,2026-07-01,5,7254.52,58.2
6909,Customer 06909,Consumer,Central,2026-05-13,6,8882.94,61.4
6910,Customer 06910,Consumer,Central,2026-05-24,10,5788.35,38.8
6911,Customer 06911,Consumer,West,2026-08-15,5,15308.35,46.0
6912,Customer 06912,Consumer,West,2026-06-27,6,9077.62,53.5
6913,Customer 06913,SMB,Central,2026-08-16,8,7103.82,47.3
6914,Customer 06914,Consumer,East,2026-09-19,5,160720.1,59.3
6915,Customer 06915,SMB,Central,2026-04-06,3,8836.31,97.5
6916,Customer 06916,Consumer,South,2026-09-25,6,143738.15,42.1
6917,Customer 06917,Consumer,Central,2026-09-24,10,107000.47,55.3
6918,Customer 06918,Consumer,South,2026-05-07,9,8110.28,23.6
6919,Customer 06919,Consumer,East,2026-09-04,5,93295.18,80.4
6920,Customer 06920,SMB,West,2026-05-27,5,61433.3,47.7
6921,Customer 06921,SMB,West,2026-07-18,7,5423.73,37.8
6922,Customer 06922,Consumer,South,2026-09-06,7,68291.36,51.2
6923,Customer 06923,SMB,North,2026-07-03,6,14873.56,51.0
6924,Customer 06924,Enterprise,North,2026-06-14,4,6613.52,86.5
6925,Customer 06925,SMB,South,2026-06-03,6,11691.14,63.8
6926,Customer 06926,Consumer,South,2026-03-29,6,13475.43,65.6
6927,Customer 06927,Consumer,East,2026-09-07,4,42610.0,94.9
6928,Customer 06928,Consumer,North,2026-07-19,5,1887.8,68.7
6929,Customer 06929,SMB,South,2026-04-19,7,2085.37,45.9
6930,Customer 06930,Consumer,West,2026-06-24,10,3619.25,22.9
6931,Customer 06931,SMB,Central,2026-03-25,10,1604.84,39.9
6932,Customer 06932,Consumer,East,2026-07-08,4,11415.82,64.2
6933,Customer 06933,Enterprise,Central,2026-09-27,8,131475.84999999998,51.4
6934,Customer 06934,Consumer,East,2026-09-23,6,101428.07999999999,53.4
6935,Customer 06935,SMB,North,2026-07-03,4,6221.18,70.3
6936,Customer 06936,Consumer,North,2026-04-18,8,8187.28,42.9
6937,Customer 06937,Consumer,Central,2026-04-13,3,2817.26,90.6
6938,Customer 06938,Consumer,North,2026-09-18,9,89889.98999999999,54.7
6939,Customer 06939,Consumer,West,2026-03-17,7,9548.69,43.5
6940,Customer 06940,Consumer,South,2026-04-30,7,9465.85,78.0
6941,Customer 06941,Enterprise,South,2026-09-01,5,23928.55,80.7
6942,Customer 06942,Consumer,East,2026-04-15,3,8051.77,83.8
6943,Customer 06943,Consumer,Central,2026-07-24,6,16986.21,50.3
6944,Customer 06944,SMB,South,2026-03-21,4,6020.1,74.4
6945,Customer 06945,Consumer,North,2026-03-14,4,2359.68,99.1
6946,Customer 06946,SMB,Central,2026-09-20,7,472884.43000000005,77.2
6947,Customer 06947,SMB,West,2026-09-04,6,12376.56,77.4
6948,Customer 06948,Consumer,Central,2026-03-12,7,10335.19,55.1
6949,Customer 06949,Consumer,North,2026-07-02,4,23545.41,89.2
6950,Customer 06950,Consumer,East,2026-03-21,6,40694.59,52.1
6951,Customer 06951,Consumer,North,2026-07-23,8,14084.34,53.4
6952,Customer 06952,Consumer,West,2026-07-16,11,24047.19,29.5
6953,Customer 06953,Enterprise,North,2026-09-13,8,39150.67,53.4
6954,Customer 06954,Consumer,North,2026-05-25,6,7406.0,38.9
6955,Customer 06955,Enterprise,North,2026-06-16,7,20157.85,75.3
6956,Customer 06956,Consumer,West,2026-08-25,4,7895.14,71.1
6957,Customer 06957,Consumer,South,2026-09-04,5,26423.079999999998,83.0
6958,Customer 06958,Consumer,East,2026-09-23,10,39711.8,21.3
6959,Customer 06959,Consumer,North,2026-07-22,8,2788.08,54.3
6960,Customer 06960,Consumer,East,2026-09-20,9,335090.27999999997,53.0
6961,Customer 06961,Consumer,South,2026-06-09,6,7305.3,74.5
6962,Customer 06962,SMB,Central,2026-08-28,7,15722.42,25.6
6963,Customer 06963,Consumer,South,2026-04-10,6,6863.56,72.8
6964,Customer 06964,SMB,North,2026-09-14,7,67477.63,34.3
6965,Customer 06965,Consumer,West,2026-09-09,11,34953.65,0.0
6966,Customer 06966,Enterprise,Central,2026-04-13,4,2338.59,87.9
6967,Customer 06967,SMB,North,2026-09-05,7,13823.69,75.8
6968,Customer 06968,Consumer,South,2026-08-10,7,8364.47,51.7
6969,Customer 06969,Consumer,North,2026-03-15,4,7735.26,64.4
6970,Customer 06970,Consumer,Central,2026-06-27,10,28580.97,33.9
6971,Customer 06971,Consumer,South,2026-06-11,7,14035.48,48.5
6972,Customer 06972,SMB,Central,2026-09-28,7,86499.88,51.2
6973,Customer 06973,Consumer,East,2026-03-29,2,6796.51,70.9
6974,Customer 06974,SMB,East,2026-09-20,4,23739.11,85.6
6975,Customer 06975,Consumer,East,2026-06-16,3,12075.24,55.9
6976,Customer 06976,Consumer,West,2026-07-31,6,17793.98,66.8
6977,Customer 06977,SMB,North,2026-04-07,7,15162.08,49.7
6978,Customer 06978,Consumer,Central,2026-07-20,3,13147.02,66.3
6979,Customer 06979,Enterprise,West,2026-07-17,8,16290.0,50.1
6980,Customer 06980,Consumer,West,2026-04-01,4,16642.55,82.7
6981,Customer 06981,Enterprise,Central,2026-09-09,8,17199.77,56.0
6982,Customer 06982,Consumer,South,2026-09-18,2,13785.130000000001,100.0
6983,Customer 06983,SMB,North,2026-07-12,7,30555.56,65.9
6984,Customer 06984,Enterprise,North,2026-05-13,4,11544.76,77.8
6985,Customer 06985,Consumer,East,2026-09-14,9,18790.36,38.1
6986,Customer 06986,Consumer,Central,2026-06-15,5,16819.27,71.8
6987,Customer 06987,Consumer,North,2026-04-25,6,4382.54,57.1
6988,Customer 06988,Consumer,Central,2026-04-26,8,4396.18,43.5
6989,Customer 06989,Consumer,South,2026-04-06,6,6875.85,66.1
6990,Customer 06990,Consumer,North,2026-05-28,8,6924.29,36.4
6991,Customer 06991,Consumer,Central,2026-03-21,7,8871.05,54.3
6992,Customer 06992,Consumer,South,2026-09-19,9,17989.91,34.9
6993,Customer 06993,Consumer,South,2026-03-22,4,5558.38,71.7
6994,Customer 06994,Consumer,Central,2026-09-24,7,45736.39,57.5
6995,Customer 06995,Enterprise,East,2026-04-19,6,8854.53,45.1
6996,Customer 06996,SMB,West,2026-05-16,6,17685.68,61.4
6997,Customer 06997,Consumer,West,2026-03-21,7,12902.58,68.2
6998,Customer 06998,Consumer,South,2026-07-20,5,15279.18,61.4
6999,Customer 06999,Consumer,East,2026-09-27,4,287619.98,79.0
7000,Customer 07000,Consumer,East,2026-07-02,4,8499.47,79.0
7001,Customer 07001,Consumer,South,2026-03-07,4,12398.68,65.7
7002,Customer 07002,SMB,East,2026-09-28,10,94936.51000000001,54.3
7003,Customer 07003,Consumer,North,2026-09-28,8,37164.22,53.0
7004,Customer 07004,SMB,North,2026-09-16,7,78669.87,52.0
7005,Customer 07005,Consumer,North,2026-08-13,4,6368.3,59.3
7006,Customer 07006,Consumer,Central,2026-04-04,2,17194.55,85.9
7007,Customer 07007,SMB,South,2026-09-06,6,34458.84,61.4
7008,Customer 07008,SMB,South,2026-06-07,3,13099.93,66.9
7009,Customer 07009,SMB,North,2026-03-07,6,6403.78,70.2
7010,Customer 07010,Consumer,West,2026-04-21,9,6259.54,30.3
7011,Customer 07011,Consumer,South,2026-04-08,3,26547.07,83.3
7012,Customer 07012,Consumer,West,2026-05-03,4,16983.13,71.8
7013,Customer 07013,Consumer,North,2026-09-25,5,414311.96,78.7
7014,Customer 07014,Consumer,Central,2026-09-27,6,29326.54,51.7
7015,Customer 07015,Consumer,West,2026-07-25,8,3747.63,27.0
7016,Customer 07016,SMB,Central,2026-09-08,11,30437.35,32.7
7017,Customer 07017,Consumer,East,2026-03-20,4,7695.53,89.1
7018,Customer 07018,Consumer,Central,2026-09-12,7,26832.53,65.2
7019,Customer 07019,SMB,North,2026-07-15,7,4977.18,45.1
7020,Customer 07020,Consumer,West,2026-09-16,5,8830.76,82.6
7021,Customer 07021,Consumer,East,2026-09-30,9,58065.990000000005,37.2
7022,Customer 07022,Consumer,East,2026-03-06,3,12266.23,71.6
7023,Customer 07023,Consumer,East,2026-06-04,11,13422.57,19.5
7024,Customer 07024,SMB,North,2026-03-11,8,7567.97,35.8
7025,Customer 07025,Consumer,North,2026-09-27,8,31626.010000000002,52.5
7026,Customer 07026,Consumer,Central,2026-04-09,7,41915.91,50.7
7027,Customer 07027,Consumer,South,2026-07-14,8,3204.6,29.5
7028,Customer 07028,Consumer,South,2026-07-16,6,11293.22,64.5
7029,Customer 07029,SMB,South,2026-03-15,4,10711.52,77.3
7030,Customer 07030,Consumer,East,2026-09-20,7,190847.8,67.1
7031,Customer 07031,SMB,West,2026-03-07,9,19061.42,38.5
7032,Customer 07032,Enterprise,South,2026-03-31,7,6493.22,60.9
7033,Customer 07033,Consumer,South,2026-09-09,6,21261.39,65.8
7034,Customer 07034,Consumer,West,2026-03-10,4,13548.09,77.6
7035,Customer 07035,Enterprise,West,2026-09-20,6,57972.9,66.2
7036,Customer 07036,SMB,South,2026-05-28,5,1956.52,76.8
7037,Customer 07037,SMB,West,2026-09-07,8,160517.8,45.1
7038,Customer 07038,Consumer,East,2026-04-28,3,9367.08,82.8
7039,Customer 07039,Consumer,East,2026-05-05,5,15619.68,77.8
7040,Customer 07040,Consumer,South,2026-03-12,5,3670.78,74.1
7041,Customer 07041,SMB,West,2026-07-30,3,4234.41,75.2
7042,Customer 07042,Consumer,North,2026-04-28,8,2934.31,37.5
7043,Customer 07043,Consumer,North,2026-05-15,5,10203.23,47.4
7044,Customer 07044,Consumer,West,2026-07-21,7,1221.88,63.5
7045,Customer 07045,Consumer,North,2026-06-02,6,7977.94,57.4
7046,Customer 07046,Consumer,West,2026-09-24,9,60313.380000000005,31.0
7047,Customer 07047,Enterprise,Central,2026-05-26,5,19065.81,60.6
7048,Customer 07048,Consumer,Central,2026-08-07,5,14757.45,59.9
7049,Customer 07049,SMB,East,2026-08-24,11,8866.44,9.9
7050,Customer 07050,Enterprise,Central,2026-05-19,7,17562.44,41.8
7051,Customer 07051,Consumer,East,2026-03-08,7,13933.09,43.0
7052,Customer 07052,Consumer,Central,2026-05-29,5,4983.05,40.4
7053,Customer 07053,Consumer,Central,2026-05-13,7,21230.62,39.8
7054,Customer 07054,Consumer,North,2026-07-01,8,6214.97,30.7
7055,Customer 07055,Consumer,Central,2026-04-03,5,31994.33,65.9
7056,Customer 07056,Consumer,North,2026-08-12,4,32800.23,53.5
7057,Customer 07057,Enterprise,South,2026-07-22,10,4743.86,13.4
7058,Customer 07058,SMB,West,2026-05-09,6,12225.03,38.7
7059,Customer 07059,Consumer,East,2026-03-27,4,15949.09,66.5
7060,Customer 07060,Consumer,West,2026-09-09,3,205504.19,83.3
7061,Customer 07061,SMB,North,2026-09-10,11,101964.64,31.0
7062,Customer 07062,SMB,Central,2026-09-25,6,19119.68,77.9
7063,Customer 07063,Consumer,South,2026-07-29,6,18129.58,61.7
7064,Customer 07064,Consumer,North,2026-03-18,5,3519.25,54.5
7065,Customer 07065,SMB,Central,2026-09-30,8,106561.91,52.5
7066,Customer 07066,Consumer,North,2026-06-04,10,5655.44,23.8
7067,Customer 07067,SMB,East,2026-09-16,6,7594.02,61.9
7068,Customer 07068,Consumer,North,2026-03-21,8,14484.64,45.3
7069,Customer 07069,Consumer,West,2026-03-20,3,24002.44,88.6
7070,Customer 07070,Consumer,Central,2026-06-29,12,3127.9,12.5
7071,Customer 07071,Consumer,Central,2026-07-15,5,8852.18,66.7
7072,Customer 07072,Consumer,East,2026-04-13,10,20465.52,19.8
7073,Customer 07073,Consumer,East,2026-06-03,4,9072.78,65.6
7074,Customer 07074,Consumer,Central,2026-08-16,3,9899.81,62.1
7075,Customer 07075,Consumer,West,2026-08-10,5,9592.67,46.7
7076,Customer 07076,Consumer,North,2026-08-29,5,12668.96,49.8
7077,Customer 07077,Consumer,East,2026-06-19,11,27523.62,32.1
7078,Customer 07078,SMB,East,2026-07-25,2,8819.69,81.9
7079,Customer 07079,Consumer,South,2026-05-25,6,12574.74,42.5
7080,Customer 07080,SMB,North,2026-05-27,4,11654.22,51.1
7081,Customer 07081,Consumer,North,2026-03-28,5,22829.49,47.3
7082,Customer 07082,Consumer,West,2026-03-23,9,1675.28,42.1
7083,Customer 07083,SMB,West,2026-08-09,5,10323.61,60.4
7084,Customer 07084,Consumer,East,2026-04-26,5,34650.49,62.0
7085,Customer 07085,Consumer,South,2026-08-25,5,5085.32,76.6
7086,Customer 07086,Consumer,East,2026-03-09,4,4231.65,82.3
7087,Customer 07087,SMB,East,2026-08-27,4,39010.88,63.4
7088,Customer 07088,SMB,South,2026-03-15,8,38821.19,67.6
7089,Customer 07089,SMB,South,2026-04-15,7,19105.96,46.5
7090,Customer 07090,SMB,West,2026-05-24,4,7295.66,66.9
7091,Customer 07091,Consumer,North,2026-08-31,6,6477.92,59.5
7092,Customer 07092,Consumer,North,2026-07-13,4,10407.66,42.2
7093,Customer 07093,Consumer,North,2026-08-24,4,9489.66,73.8
7094,Customer 07094,Consumer,East,2026-05-25,7,4113.47,47.5
7095,Customer 07095,Consumer,West,2026-06-20,4,4442.75,67.9
7096,Customer 07096,Consumer,East,2026-09-08,8,299463.68,77.3
7097,Customer 07097,Consumer,Central,2026-06-14,10,6247.06,40.2
7098,Customer 07098,Consumer,East,2026-09-09,8,38391.82,39.3
7099,Customer 07099,Consumer,West,2026-08-23,4,4221.13,67.6
7100,Customer 07100,Enterprise,North,2026-09-02,12,11088.96,0.0
7101,Customer 07101,Consumer,South,2026-07-24,5,36420.98,96.6
7102,Customer 07102,Enterprise,Central,2026-07-17,3,3440.94,74.1
7103,Customer 07103,Consumer,East,2026-06-08,4,7724.24,67.3
7104,Customer 07104,Consumer,North,2026-08-19,3,3956.84,83.5
7105,Customer 07105,Enterprise,East,2026-08-10,3,17244.95,71.2
7106,Customer 07106,Consumer,West,2026-09-09,4,9027.78,78.0
7107,Customer 07107,Consumer,South,2026-03-23,7,5531.04,48.7
7108,Customer 07108,Consumer,West,2026-09-08,8,24679.480000000003,69.3
7109,Customer 07109,Enterprise,South,2026-09-03,5,69869.83,65.8
7110,Customer 07110,Consumer,North,2026-06-30,11,12489.35,45.6
7111,Customer 07111,Consumer,East,2026-07-15,4,11694.97,80.6
7112,Customer 07112,Enterprise,South,2026-07-10,4,16407.19,66.1
7113,Customer 07113,Consumer,South,2026-09-18,6,9476.89,67.0
7114,Customer 07114,Consumer,South,2026-06-18,4,12386.82,66.9
7115,Customer 07115,Consumer,Central,2026-09-24,4,35411.92,69.5
7116,Customer 07116,Consumer,South,2026-09-09,8,14027.1,36.9
7117,Customer 07117,Consumer,Central,2026-09-11,7,87113.56999999999,54.7
7118,Customer 07118,Consumer,West,2026-03-12,6,3187.94,71.8
7119,Customer 07119,Consumer,East,2026-06-05,6,8151.68,51.1
7120,Customer 07120,Consumer,South,2026-06-12,6,14463.87,49.8
7121,Customer 07121,Consumer,North,2026-06-11,4,5137.55,55.9
7122,Customer 07122,SMB,Central,2026-07-06,9,14807.3,37.9
7123,Customer 07123,Consumer,East,2026-09-21,6,135182.73,55.8
7124,Customer 07124,Consumer,West,2026-09-22,4,113770.87,77.5
7125,Customer 07125,Consumer,West,2026-09-09,4,24990.059999999998,91.1
7126,Customer 07126,Consumer,East,2026-07-30,8,5531.37,37.7
7127,Customer 07127,SMB,South,2026-06-06,5,15662.26,61.8
7128,Customer 07128,Consumer,Central,2026-08-05,8,4764.75,37.6
7129,Customer 07129,Consumer,East,2026-05-18,7,8514.82,66.7
7130,Customer 07130,Enterprise,West,2026-05-26,6,11497.79,68.7
7131,Customer 07131,Consumer,East,2026-09-17,4,6122.12,78.5
7132,Customer 07132,SMB,South,2026-06-05,10,4211.35,38.2
7133,Customer 07133,Consumer,East,2026-07-30,8,6249.23,37.5
7134,Customer 07134,Consumer,South,2026-07-14,8,8810.63,46.1
7135,Customer 07135,Consumer,West,2026-03-06,7,5581.32,33.8
7136,Customer 07136,Consumer,Central,2026-09-17,7,197887.28,52.6
7137,Customer 07137,Consumer,North,2026-09-27,7,41918.44,59.3
7138,Customer 07138,Enterprise,North,2026-09-27,6,22690.66,79.8
7139,Customer 07139,Consumer,South,2026-09-05,5,29067.53,61.0
7140,Customer 07140,Consumer,South,2026-09-30,4,19778.519999999997,95.7
7141,Customer 07141,SMB,North,2026-09-08,9,25024.36,47.4
7142,Customer 07142,Consumer,Central,2026-08-19,7,53187.54,63.8
7143,Customer 07143,Consumer,South,2026-06-21,4,16407.11,74.9
7144,Customer 07144,SMB,South,2026-03-08,6,42016.61,57.1
7145,Customer 07145,Consumer,Central,2026-09-10,5,44373.240000000005,60.4
7146,Customer 07146,Enterprise,West,2026-06-22,4,6402.1,80.5
7147,Customer 07147,SMB,West,2026-07-02,7,7499.21,54.9
7148,Customer 07148,Consumer,North,2026-09-16,6,317669.58,65.6
7149,Customer 07149,Consumer,South,2026-08-18,5,7930.32,89.9
7150,Customer 07150,Consumer,East,2026-09-20,4,40939.200000000004,68.5
7151,Customer 07151,Consumer,East,2026-08-26,5,17859.78,52.7
7152,Customer 07152,SMB,West,2026-06-24,8,12938.09,40.9
7153,Customer 07153,Consumer,South,2026-04-08,5,51898.12,60.2
7154,Customer 07154,Consumer,South,2026-04-06,4,20041.98,85.3
7155,Customer 07155,SMB,East,2026-09-25,5,46979.16,96.6
7156,Customer 07156,Consumer,Central,2026-03-29,4,32959.05,77.7
7157,Customer 07157,Consumer,East,2026-04-24,9,7394.21,51.3
7158,Customer 07158,SMB,North,2026-07-24,4,10583.33,80.4
7159,Customer 07159,Consumer,East,2026-09-11,7,311134.76,56.2
7160,Customer 07160,SMB,West,2026-09-24,7,27782.58,58.7
7161,Customer 07161,SMB,North,2026-05-30,9,7310.04,47.4
7162,Customer 07162,Consumer,Central,2026-05-20,8,14714.71,35.8
7163,Customer 07163,Consumer,North,2026-06-06,8,4788.15,33.9
7164,Customer 07164,Enterprise,North,2026-08-18,6,3675.92,57.1
7165,Customer 07165,Consumer,North,2026-08-15,5,7460.07,45.2
7166,Customer 07166,Consumer,East,2026-03-28,6,7763.14,47.1
7167,Customer 07167,Enterprise,East,2026-09-13,3,18852.440000000002,88.3
7168,Customer 07168,Enterprise,South,2026-08-04,7,10430.04,29.4
7169,Customer 07169,SMB,East,2026-05-19,6,31637.32,51.5
7170,Customer 07170,Consumer,Central,2026-04-21,8,33229.29,33.3
7171,Customer 07171,SMB,South,2026-03-12,8,6123.47,27.2
7172,Customer 07172,SMB,North,2026-09-20,8,174506.24,45.6
7173,Customer 07173,Consumer,Central,2026-08-11,6,20268.73,30.9
7174,Customer 07174,Consumer,Central,2026-06-01,7,4346.43,36.6
7175,Customer 07175,Consumer,South,2026-05-30,6,7945.18,43.0
7176,Customer 07176,SMB,South,2026-09-03,8,8772.86,33.5
7177,Customer 07177,Consumer,South,2026-09-22,5,24343.940000000002,73.9
7178,Customer 07178,Consumer,South,2026-09-27,11,531678.43,52.3
7179,Customer 07179,Consumer,North,2026-09-29,9,36433.36,56.0
7180,Customer 07180,Enterprise,South,2026-09-30,6,12162.43,78.5
7181,Customer 07181,Consumer,West,2026-09-21,4,10389.33,72.5
7182,Customer 07182,SMB,Central,2026-06-15,6,6101.72,63.6
7183,Customer 07183,Consumer,West,2026-05-08,4,8785.2,85.9
7184,Customer 07184,SMB,South,2026-06-30,6,2169.09,44.7
7185,Customer 07185,Enterprise,East,2026-08-12,5,10241.9,53.2
7186,Customer 07186,SMB,West,2026-08-07,6,9397.34,45.6
7187,Customer 07187,Consumer,Central,2026-05-29,3,8655.19,71.8
7188,Customer 07188,SMB,West,2026-03-06,7,9459.67,48.2
7189,Customer 07189,Consumer,South,2026-07-10,5,8526.08,62.3
7190,Customer 07190,Consumer,South,2026-03-12,8,3581.29,58.4
7191,Customer 07191,Consumer,East,2026-04-24,4,10691.17,75.5
7192,Customer 07192,Enterprise,Central,2026-05-11,10,6744.32,12.8
7193,Customer 07193,SMB,North,2026-09-12,6,27047.14,82.2
7194,Customer 07194,SMB,North,2026-06-07,6,13294.77,51.0
7195,Customer 07195,Consumer,Central,2026-04-19,10,11958.56,21.4
7196,Customer 07196,SMB,East,2026-06-16,6,14214.36,46.2
7197,Customer 07197,SMB,South,2026-06-17,4,9201.96,72.7
7198,Customer 07198,Consumer,South,2026-09-15,7,59167.869999999995,69.2
7199,Customer 07199,Consumer,West,2026-05-31,9,3885.16,30.9
7200,Customer 07200,Enterprise,East,2026-09-20,8,84716.16,72.9
7201,Customer 07201,SMB,South,2026-09-12,12,100612.5,50.8
7202,Customer 07202,SMB,South,2026-05-06,5,13109.44,67.2
7203,Customer 07203,SMB,South,2026-08-20,8,12837.57,41.8
7204,Customer 07204,SMB,North,2026-09-16,9,20194.87,46.3
7205,Customer 07205,Consumer,South,2026-06-30,5,21863.96,62.7
7206,Customer 07206,Consumer,West,2026-08-27,5,11222.39,68.1
7207,Customer 07207,Consumer,Central,2026-07-10,8,4358.9,56.3
7208,Customer 07208,Consumer,Central,2026-03-12,3,5638.91,76.0
7209,Customer 07209,Consumer,East,2026-07-20,5,51243.31,78.7
7210,Customer 07210,SMB,South,2026-05-12,2,8118.35,98.1
7211,Customer 07211,SMB,Central,2026-07-03,4,6666.56,72.2
7212,Customer 07212,Consumer,South,2026-06-08,8,10563.44,15.0
7213,Customer 07213,Consumer,North,2026-04-04,4,10620.21,74.4
7214,Customer 07214,Consumer,Central,2026-08-13,7,34522.26,54.1
7215,Customer 07215,SMB,East,2026-05-10,5,24305.48,71.5
7216,Customer 07216,Consumer,South,2026-05-15,5,3262.73,52.0
7217,Customer 07217,SMB,North,2026-03-23,8,8031.72,50.8
7218,Customer 07218,Consumer,West,2026-05-23,8,10266.54,58.8
7219,Customer 07219,Enterprise,North,2026-04-07,5,3357.79,60.3
7220,Customer 07220,Consumer,North,2026-09-21,8,117821.67,46.8
7221,Customer 07221,Consumer,East,2026-08-18,10,5877.7,27.5
7222,Customer 07222,Enterprise,North,2026-03-17,4,18952.49,66.6
7223,Customer 07223,Consumer,Central,2026-05-17,7,11741.26,40.6
7224,Customer 07224,SMB,Central,2026-04-05,4,11579.36,79.8
7225,Customer 07225,Enterprise,Central,2026-09-12,6,35633.4,51.7
7226,Customer 07226,SMB,West,2026-03-27,4,2320.79,76.9
7227,Customer 07227,Consumer,South,2026-04-22,9,9744.39,55.3
7228,Customer 07228,SMB,South,2026-09-21,9,70318.26999999999,64.1
7229,Customer 07229,SMB,North,2026-08-20,7,5658.13,61.1
7230,Customer 07230,Consumer,North,2026-09-09,3,71328.5,100.0
7231,Customer 07231,Consumer,North,2026-08-24,4,8938.64,71.5
7232,Customer 07232,Consumer,North,2026-04-12,7,5653.38,58.7
7233,Customer 07233,Enterprise,Central,2026-09-12,6,34189.91,63.4
7234,Customer 07234,SMB,North,2026-09-08,10,11570.98,46.2
7235,Customer 07235,Consumer,East,2026-05-05,6,13023.79,56.6
7236,Customer 07236,Consumer,Central,2026-03-14,3,5594.92,64.4
7237,Customer 07237,Consumer,East,2026-09-04,7,32464.1,61.2
7238,Customer 07238,Consumer,South,2026-06-30,6,11304.11,66.7
7239,Customer 07239,SMB,North,2026-09-25,5,16549.29,100.0
7240,Customer 07240,Consumer,Central,2026-04-28,8,14524.12,66.6
7241,Customer 07241,SMB,Central,2026-08-29,3,23072.14,86.0
7242,Customer 07242,Consumer,Central,2026-07-29,11,3472.88,8.2
7243,Customer 07243,Consumer,Central,2026-04-16,4,17336.81,70.5
7244,Customer 07244,Consumer,North,2026-09-08,6,10329.75,64.6
7245,Customer 07245,Consumer,East,2026-06-27,2,2758.66,94.1
7246,Customer 07246,Consumer,North,2026-07-21,7,9372.54,50.3
7247,Customer 07247,Enterprise,South,2026-08-05,7,17751.65,57.2
7248,Customer 07248,SMB,South,2026-09-14,5,6018.400000000001,68.6
7249,Customer 07249,Consumer,North,2026-09-26,10,49660.259999999995,24.2
7250,Customer 07250,Consumer,West,2026-08-26,5,10052.11,59.2
7251,Customer 07251,Consumer,West,2026-08-23,7,11054.05,57.2
7252,Customer 07252,Consumer,East,2026-08-31,6,6216.83,63.9
7253,Customer 07253,Consumer,East,2026-07-08,6,12042.86,55.3
7254,Customer 07254,Consumer,Central,2026-09-09,9,25116.23,30.5
7255,Customer 07255,SMB,West,2026-06-13,3,9838.17,97.2
7256,Customer 07256,Consumer,East,2026-03-16,5,5277.34,54.2
7257,Customer 07257,Consumer,East,2026-04-06,9,18821.61,64.2
7258,Customer 07258,SMB,South,2026-03-14,8,18530.11,31.9
7259,Customer 07259,Enterprise,South,2026-05-21,8,6555.92,69.1
7260,Customer 07260,Consumer,Central,2026-06-10,7,10077.0,59.4
7261,Customer 07261,SMB,South,2026-03-16,6,20350.97,45.1
7262,Customer 07262,Enterprise,Central,2026-08-07,4,9369.18,68.1
7263,Customer 07263,Consumer,East,2026-03-09,1,37339.81,96.4
7264,Customer 07264,Consumer,North,2026-09-18,3,356592.09,99.5
7265,Customer 07265,Consumer,South,2026-09-30,3,10840.08,90.4
7266,Customer 07266,Consumer,South,2026-08-18,6,11409.33,51.5
7267,Customer 07267,Enterprise,East,2026-08-23,5,14539.03,73.3
7268,Customer 07268,SMB,East,2026-06-06,6,18229.77,68.0
7269,Customer 07269,SMB,South,2026-08-24,6,11611.9,49.3
7270,Customer 07270,Consumer,South,2026-05-22,4,45843.01,80.5
7271,Customer 07271,Consumer,East,2026-08-25,5,13052.3,69.9
7272,Customer 07272,Consumer,West,2026-04-20,7,25697.91,60.4
7273,Customer 07273,Consumer,South,2026-09-28,6,28989.03,55.4
7274,Customer 07274,Consumer,West,2026-07-05,7,9789.73,54.5
7275,Customer 07275,Consumer,North,2026-05-20,8,7557.8,66.8
7276,Customer 07276,Enterprise,East,2026-03-14,6,15305.96,56.0
7277,Customer 07277,SMB,Central,2026-07-22,5,10674.88,62.4
7278,Customer 07278,Consumer,Central,2026-06-14,4,11248.82,75.8
7279,Customer 07279,Enterprise,South,2026-06-21,5,7691.25,58.5
7280,Customer 07280,Consumer,East,2026-09-23,7,571969.35,60.7
7281,Customer 07281,Consumer,North,2026-06-19,8,8253.57,37.4
7282,Customer 07282,Consumer,Central,2026-09-11,9,93635.52,54.1
7283,Customer 07283,Consumer,Central,2026-06-18,8,31885.53,34.6
7284,Customer 07284,Consumer,North,2026-08-15,6,15046.81,15.7
7285,Customer 07285,Consumer,West,2026-07-30,8,18265.88,34.3
7286,Customer 07286,Consumer,East,2026-08-03,9,6145.65,30.9
7287,Customer 07287,Consumer,West,2026-05-30,3,24750.64,92.0
7288,Customer 07288,Consumer,North,2026-07-20,7,18244.26,38.7
7289,Customer 07289,Consumer,Central,2026-05-20,6,13405.57,53.6
7290,Customer 07290,SMB,North,2026-03-19,5,9007.03,80.0
7291,Customer 07291,Consumer,East,2026-05-26,5,79890.41,90.6
7292,Customer 07292,Consumer,East,2026-05-22,6,8329.69,33.8
7293,Customer 07293,Consumer,East,2026-09-11,5,23180.870000000003,67.6
7294,Customer 07294,Consumer,West,2026-08-21,6,24198.77,76.8
7295,Customer 07295,Consumer,East,2026-07-30,8,8163.5,70.8
7296,Customer 07296,Consumer,South,2026-04-18,8,34276.08,40.9
7297,Customer 07297,Consumer,South,2026-07-28,9,8023.6,27.5
7298,Customer 07298,Consumer,West,2026-05-03,2,66119.98,65.1
7299,Customer 07299,Enterprise,East,2026-09-05,8,74221.73,54.2
7300,Customer 07300,Consumer,Central,2026-09-24,5,72928.86,67.3
7301,Customer 07301,SMB,North,2026-09-23,7,9742.45,43.7
7302,Customer 07302,Consumer,Central,2026-05-20,10,24609.73,41.6
7303,Customer 07303,Consumer,South,2026-09-04,7,21981.989999999998,74.9
7304,Customer 07304,Consumer,Central,2026-04-18,7,3491.8,57.8
7305,Customer 07305,Enterprise,East,2026-08-22,3,2598.88,71.3
7306,Customer 07306,SMB,Central,2026-07-30,9,11221.82,37.9
7307,Customer 07307,Consumer,Central,2026-07-21,4,10506.25,54.7
7308,Customer 07308,SMB,West,2026-04-18,4,24519.7,66.4
7309,Customer 07309,SMB,Central,2026-05-23,5,35051.19,76.9
7310,Customer 07310,SMB,North,2026-04-25,9,14451.12,45.8
7311,Customer 07311,Enterprise,Central,2026-03-26,6,6646.18,68.3
7312,Customer 07312,Consumer,North,2026-04-30,5,4288.34,62.1
7313,Customer 07313,Consumer,Central,2026-06-11,7,21142.38,64.2
7314,Customer 07314,Consumer,West,2026-09-14,3,8420.96,86.2
7315,Customer 07315,SMB,Central,2026-05-25,6,12262.53,46.6
7316,Customer 07316,Enterprise,Central,2026-09-09,6,31388.68,57.8
7317,Customer 07317,Consumer,North,2026-07-30,12,7204.37,38.0
7318,Customer 07318,Consumer,South,2026-05-19,5,3914.22,64.9
7319,Customer 07319,SMB,East,2026-07-12,5,7086.55,53.0
7320,Customer 07320,Consumer,West,2026-09-07,8,33159.16,48.5
7321,Customer 07321,Enterprise,South,2026-07-29,4,7700.32,89.0
7322,Customer 07322,SMB,Central,2026-09-05,6,9573.21,67.5
7323,Customer 07323,Consumer,West,2026-05-15,6,15363.95,43.9
7324,Customer 07324,Consumer,North,2026-03-10,3,3288.76,87.6
7325,Customer 07325,Consumer,South,2026-03-21,7,4185.47,24.6
7326,Customer 07326,Consumer,South,2026-05-26,7,5837.27,54.4
7327,Customer 07327,SMB,East,2026-06-18,4,5624.06,70.4
7328,Customer 07328,Consumer,Central,2026-05-11,7,12322.07,56.9
7329,Customer 07329,Consumer,Central,2026-06-24,8,7591.54,49.9
7330,Customer 07330,SMB,Central,2026-09-29,5,61216.18,73.8
7331,Customer 07331,SMB,East,2026-06-25,7,33956.22,45.4
7332,Customer 07332,SMB,East,2026-05-07,7,5936.31,56.2
7333,Customer 07333,Consumer,Central,2026-05-13,2,26864.86,94.1
7334,Customer 07334,Enterprise,West,2026-06-24,6,4208.27,60.3
7335,Customer 07335,Consumer,North,2026-07-14,3,4138.72,66.1
7336,Customer 07336,Consumer,East,2026-09-27,5,32484.14,81.8
7337,Customer 07337,SMB,South,2026-04-18,7,6284.73,60.9
7338,Customer 07338,Consumer,South,2026-06-19,8,7065.81,27.1
7339,Customer 07339,Consumer,South,2026-09-04,4,31916.4,85.4
7340,Customer 07340,Consumer,Central,2026-04-19,6,66007.54,57.0
7341,Customer 07341,SMB,East,2026-09-11,3,7416.49,96.3
7342,Customer 07342,Consumer,South,2026-08-10,10,3044.0,34.0
7343,Customer 07343,Consumer,West,2026-06-05,5,15950.0,68.2
7344,Customer 07344,Consumer,North,2026-04-24,8,21590.53,51.6
7345,Customer 07345,SMB,Central,2026-04-12,5,13048.53,59.1
7346,Customer 07346,Consumer,South,2026-05-19,7,9760.34,45.1
7347,Customer 07347,Consumer,North,2026-03-20,4,2723.41,72.4
7348,Customer 07348,Enterprise,South,2026-08-14,5,3912.18,65.9
7349,Customer 07349,Consumer,West,2026-04-24,5,17935.48,47.8
7350,Customer 07350,Consumer,East,2026-06-16,4,16618.26,85.4
7351,Customer 07351,Consumer,South,2026-09-18,9,212516.78999999998,34.0
7352,Customer 07352,Consumer,Central,2026-05-05,2,8235.3,83.1
7353,Customer 07353,SMB,West,2026-08-13,5,5563.48,62.7
7354,Customer 07354,Consumer,East,2026-08-19,3,15081.38,90.2
7355,Customer 07355,SMB,West,2026-06-06,9,19247.12,49.9
7356,Customer 07356,SMB,North,2026-09-29,6,32464.27,57.3
7357,Customer 07357,Enterprise,South,2026-04-12,7,9848.54,70.8
7358,Customer 07358,SMB,North,2026-05-11,3,20618.23,87.8
7359,Customer 07359,SMB,North,2026-04-04,9,39148.45,51.8
7360,Customer 07360,Consumer,East,2026-05-01,5,21981.82,63.4
7361,Customer 07361,Consumer,Central,2026-07-16,5,33389.96,69.5
7362,Customer 07362,SMB,East,2026-03-30,5,9524.21,82.1
7363,Customer 07363,Consumer,West,2026-07-15,10,3049.39,41.5
7364,Customer 07364,SMB,South,2026-03-22,6,8431.46,53.5
7365,Customer 07365,SMB,East,2026-05-22,5,25170.57,63.8
7366,Customer 07366,Consumer,South,2026-05-08,4,19452.41,67.0
7367,Customer 07367,SMB,East,2026-04-03,8,8801.84,48.7
7368,Customer 07368,Consumer,North,2026-05-05,5,4031.03,49.8
7369,Customer 07369,SMB,South,2026-07-13,7,7193.16,58.9
7370,Customer 07370,SMB,South,2026-04-11,8,13092.82,40.9
7371,Customer 07371,Consumer,South,2026-07-14,4,6115.6,97.6
7372,Customer 07372,Consumer,West,2026-09-23,7,75677.14,42.6
7373,Customer 07373,Consumer,East,2026-07-29,6,21091.78,63.2
7374,Customer 07374,Consumer,East,2026-09-06,10,57412.45,31.2
7375,Customer 07375,Consumer,West,2026-09-17,11,555469.78,35.9
7376,Customer 07376,SMB,Central,2026-07-29,5,4537.84,68.1
7377,Customer 07377,SMB,West,2026-03-23,3,7762.04,63.7
7378,Customer 07378,Consumer,South,2026-07-27,6,6481.97,70.6
7379,Customer 07379,SMB,West,2026-07-03,6,4176.06,72.4
7380,Customer 07380,Consumer,Central,2026-05-02,5,6046.53,84.9
7381,Customer 07381,Consumer,East,2026-09-25,7,13527.939999999999,63.1
7382,Customer 07382,Consumer,North,2026-09-17,2,81954.13,94.0
7383,Customer 07383,SMB,South,2026-09-20,5,32669.08,85.5
7384,Customer 07384,Consumer,West,2026-09-12,4,52899.26,96.3
7385,Customer 07385,Consumer,East,2026-08-10,11,7655.91,22.2
7386,Customer 07386,Consumer,East,2026-05-10,6,5244.89,47.5
7387,Customer 07387,SMB,Central,2026-06-23,8,3132.93,40.5
7388,Customer 07388,Consumer,Central,2026-06-10,4,13321.53,69.5
7389,Customer 07389,Enterprise,West,2026-03-12,7,23592.51,67.4
7390,Customer 07390,Consumer,East,2026-07-03,3,3592.16,64.3
7391,Customer 07391,SMB,South,2026-04-09,6,5232.06,59.2
7392,Customer 07392,SMB,East,2026-04-19,5,64592.11,65.0
7393,Customer 07393,Consumer,North,2026-05-18,3,16303.12,82.2
7394,Customer 07394,Consumer,North,2026-03-07,2,31070.21,80.6
7395,Customer 07395,Consumer,South,2026-05-26,3,16459.11,97.7
7396,Customer 07396,Consumer,North,2026-03-19,7,7580.82,46.4
7397,Customer 07397,SMB,North,2026-05-16,7,1992.79,53.9
7398,Customer 07398,Consumer,Central,2026-04-05,6,7697.54,69.6
7399,Customer 07399,Consumer,West,2026-09-28,4,11537.85,50.9
7400,Customer 07400,Consumer,South,2026-05-09,5,8464.67,69.7
7401,Customer 07401,SMB,South,2026-09-24,12,5689.799999999999,25.4
7402,Customer 07402,Consumer,East,2026-03-13,5,19770.87,54.9
7403,Customer 07403,Consumer,Central,2026-09-09,9,13211.630000000001,43.9
7404,Customer 07404,SMB,North,2026-09-11,5,45016.53,43.3
7405,Customer 07405,Consumer,Central,2026-04-12,3,20922.48,82.3
7406,Customer 07406,Consumer,North,2026-04-18,2,8809.75,100.0
7407,Customer 07407,Consumer,North,2026-05-10,5,18778.49,74.6
7408,Customer 07408,SMB,Central,2026-06-25,5,18682.76,63.0
7409,Customer 07409,Enterprise,South,2026-03-26,7,2190.86,19.7
7410,Customer 07410,Consumer,East,2026-06-17,5,14652.87,85.0
7411,Customer 07411,SMB,South,2026-03-26,7,10346.35,34.3
7412,Customer 07412,Consumer,Central,2026-05-14,5,8917.75,77.0
7413,Customer 07413,Consumer,East,2026-03-29,6,7903.69,59.4
7414,Customer 07414,Consumer,Central,2026-08-06,9,21207.17,41.5
7415,Customer 07415,Consumer,North,2026-07-31,4,36561.0,58.1
7416,Customer 07416,SMB,West,2026-05-22,9,15454.03,61.6
7417,Customer 07417,SMB,Central,2026-09-22,10,65440.56,32.6
7418,Customer 07418,Consumer,East,2026-03-24,5,6656.6,44.5
7419,Customer 07419,Enterprise,South,2026-08-25,3,9903.62,94.0
7420,Customer 07420,Consumer,South,2026-04-30,4,25547.51,59.1
7421,Customer 07421,Consumer,South,2026-09-29,6,16964.5,47.0
7422,Customer 07422,Consumer,West,2026-09-11,3,309990.92,78.7
7423,Customer 07423,Consumer,West,2026-08-25,4,9602.95,76.2
7424,Customer 07424,SMB,North,2026-06-29,3,8111.91,95.4
7425,Customer 07425,Consumer,Central,2026-09-28,9,38288.28,39.4
7426,Customer 07426,Enterprise,East,2026-06-26,8,29012.97,52.9
7427,Customer 07427,Consumer,South,2026-03-17,5,11043.66,56.7
7428,Customer 07428,Consumer,South,2026-04-24,6,5990.72,57.3
7429,Customer 07429,Consumer,South,2026-03-30,4,13306.28,71.8
7430,Customer 07430,Enterprise,North,2026-08-16,9,3802.34,38.2
7431,Customer 07431,Consumer,North,2026-04-01,6,13499.32,49.4
7432,Customer 07432,Consumer,South,2026-07-26,6,13345.41,84.2
7433,Customer 07433,SMB,North,2026-06-22,9,9079.53,35.5
7434,Customer 07434,Enterprise,South,2026-06-10,4,10443.93,67.2
7435,Customer 07435,Consumer,South,2026-07-23,6,16145.02,62.1
7436,Customer 07436,Consumer,Central,2026-04-01,7,8753.16,29.0
7437,Customer 07437,Consumer,West,2026-09-19,5,183109.37,81.6
7438,Customer 07438,Consumer,North,2026-06-26,9,3846.45,41.8
7439,Customer 07439,Consumer,South,2026-06-20,7,10205.89,64.1
7440,Customer 07440,Consumer,Central,2026-09-30,9,37388.41,35.8
7441,Customer 07441,Consumer,West,2026-09-12,5,32510.47,58.0
7442,Customer 07442,Consumer,North,2026-03-07,4,6955.51,67.7
7443,Customer 07443,Consumer,North,2026-09-18,7,105637.45,53.5
7444,Customer 07444,SMB,North,2026-05-18,5,4615.58,75.2
7445,Customer 07445,Consumer,North,2026-06-05,5,9876.6,72.5
7446,Customer 07446,SMB,Central,2026-03-17,8,17767.65,17.4
7447,Customer 07447,SMB,West,2026-06-20,8,3502.56,55.5
7448,Customer 07448,SMB,Central,2026-04-07,5,5543.93,77.1
7449,Customer 07449,Consumer,West,2026-04-07,8,490.84,49.0
7450,Customer 07450,Consumer,West,2026-08-26,7,12331.21,57.8
7451,Customer 07451,Consumer,East,2026-09-07,3,12235.33,100.0
7452,Customer 07452,Consumer,West,2026-08-05,6,9045.01,38.9
7453,Customer 07453,SMB,West,2026-06-14,6,3485.36,48.5
7454,Customer 07454,Consumer,West,2026-09-27,9,26059.78,64.8
7455,Customer 07455,Enterprise,South,2026-05-01,6,4204.93,62.1
7456,Customer 07456,Consumer,West,2026-04-03,3,9453.78,73.3
7457,Customer 07457,Consumer,East,2026-07-31,5,5868.26,79.6
7458,Customer 07458,Enterprise,North,2026-09-22,9,64975.42,47.3
7459,Customer 07459,Consumer,East,2026-05-18,5,13128.0,54.0
7460,Customer 07460,Consumer,North,2026-03-14,5,8380.64,73.1
7461,Customer 07461,Consumer,West,2026-09-06,7,82646.58,60.5
7462,Customer 07462,Consumer,West,2026-09-29,10,96153.88,10.6
7463,Customer 07463,Consumer,South,2026-06-04,11,1740.34,5.7
7464,Customer 07464,Consumer,East,2026-06-02,6,7731.46,70.1
7465,Customer 07465,Consumer,Central,2026-05-07,4,8984.21,74.9
7466,Customer 07466,Enterprise,East,2026-05-05,8,3468.06,35.7
7467,Customer 07467,SMB,North,2026-03-05,8,29675.96,25.4
7468,Customer 07468,Enterprise,West,2026-05-04,8,16888.42,47.0
7469,Customer 07469,Consumer,South,2026-07-22,6,7716.38,67.2
7470,Customer 07470,SMB,North,2026-03-08,6,3803.8,50.4
7471,Customer 07471,Consumer,South,2026-09-13,10,29262.85,49.0
7472,Customer 07472,Enterprise,South,2026-05-19,10,15400.17,32.6
7473,Customer 07473,Consumer,East,2026-06-10,9,13191.39,39.6
7474,Customer 07474,Consumer,South,2026-03-20,7,9788.97,44.4
7475,Customer 07475,Consumer,South,2026-08-02,5,9086.7,47.7
7476,Customer 07476,Consumer,North,2026-04-09,4,25670.02,79.4
7477,Customer 07477,SMB,East,2026-08-08,7,19515.56,63.8
7478,Customer 07478,Consumer,North,2026-07-31,12,7803.81,16.6
7479,Customer 07479,Consumer,South,2026-07-21,4,14335.44,77.3
7480,Customer 07480,SMB,West,2026-09-01,8,505888.02999999997,64.8
7481,Customer 07481,SMB,South,2026-04-09,4,9466.49,81.8
7482,Customer 07482,Enterprise,South,2026-09-12,9,66476.07,38.8
7483,Customer 07483,Consumer,East,2026-07-04,6,7286.89,73.1
7484,Customer 07484,SMB,North,2026-04-24,8,5421.83,36.4
7485,Customer 07485,Consumer,East,2026-09-30,5,21818.61,93.2
7486,Customer 07486,SMB,Central,2026-06-25,5,7107.31,62.5
7487,Customer 07487,SMB,Central,2026-09-19,5,50941.08,73.0
7488,Customer 07488,SMB,South,2026-04-16,5,5353.45,49.1
7489,Customer 07489,Consumer,West,2026-03-13,6,12759.48,30.1
7490,Customer 07490,Consumer,West,2026-04-22,2,13777.27,86.8
7491,Customer 07491,SMB,North,2026-04-23,2,8159.58,80.7
7492,Customer 07492,Consumer,East,2026-07-23,4,16500.64,58.3
7493,Customer 07493,Consumer,South,2026-04-02,3,5243.41,85.2
7494,Customer 07494,Consumer,West,2026-08-15,5,3856.31,79.0
7495,Customer 07495,Consumer,East,2026-06-29,5,18131.5,62.9
7496,Customer 07496,Consumer,South,2026-09-22,2,22597.08,99.9
7497,Customer 07497,Consumer,North,2026-04-23,7,27492.58,70.4
7498,Customer 07498,Consumer,South,2026-06-15,6,4572.11,68.6
7499,Customer 07499,Consumer,Central,2026-07-25,11,17571.93,36.5
7500,Customer 07500,Consumer,North,2026-06-27,9,9883.37,28.5
7501,Customer 07501,Consumer,South,2026-05-21,4,16098.47,68.4
7502,Customer 07502,Consumer,Central,2026-03-05,6,6354.84,71.6
7503,Customer 07503,Consumer,West,2026-07-04,6,5054.25,64.2
7504,Customer 07504,Consumer,Central,2026-09-02,9,23438.78,60.7
7505,Customer 07505,Enterprise,Central,2026-04-03,4,6246.27,68.0
7506,Customer 07506,Consumer,South,2026-07-14,4,3265.28,66.8
7507,Customer 07507,Consumer,North,2026-09-03,5,13875.04,78.6
7508,Customer 07508,SMB,South,2026-06-06,5,5353.08,57.6
7509,Customer 07509,SMB,South,2026-06-11,5,2570.64,80.0
7510,Customer 07510,Consumer,South,2026-07-11,7,4107.78,41.6
7511,Customer 07511,SMB,South,2026-04-11,7,4805.62,63.1
7512,Customer 07512,Consumer,Central,2026-07-20,7,37807.56,60.1
7513,Customer 07513,Consumer,East,2026-04-16,8,29630.89,55.1
7514,Customer 07514,Consumer,South,2026-06-20,9,8043.52,38.0
7515,Customer 07515,Consumer,Central,2026-09-30,4,101363.63999999998,71.8
7516,Customer 07516,Consumer,North,2026-07-24,3,6387.11,86.3
7517,Customer 07517,Consumer,Central,2026-05-08,6,14668.37,53.4
7518,Customer 07518,Consumer,West,2026-07-29,10,5293.98,39.8
7519,Customer 07519,Consumer,North,2026-03-12,3,29145.55,47.8
7520,Customer 07520,Consumer,South,2026-07-03,3,25470.63,90.6
7521,Customer 07521,SMB,South,2026-06-01,4,6686.3,85.9
7522,Customer 07522,Consumer,North,2026-06-01,8,36044.03,41.0
7523,Customer 07523,Consumer,South,2026-06-01,4,6554.75,73.1
7524,Customer 07524,Consumer,East,2026-09-03,6,17248.41,59.4
7525,Customer 07525,SMB,South,2026-06-11,6,14208.13,43.1
7526,Customer 07526,Consumer,West,2026-08-19,5,2290.98,54.8
7527,Customer 07527,Consumer,South,2026-05-05,8,3520.09,48.5
7528,Customer 07528,Consumer,South,2026-06-07,6,7139.9,69.5
7529,Customer 07529,Consumer,West,2026-08-30,3,37159.11,80.3
7530,Customer 07530,Consumer,Central,2026-06-10,6,4266.02,51.3
7531,Customer 07531,SMB,North,2026-03-15,6,2382.33,49.1
7532,Customer 07532,Consumer,South,2026-04-20,4,5989.57,87.7
7533,Customer 07533,Consumer,North,2026-09-26,6,13622.71,73.8
7534,Customer 07534,Consumer,South,2026-07-13,5,52457.93,93.9
7535,Customer 07535,SMB,West,2026-08-08,5,14753.6,79.9
7536,Customer 07536,Consumer,East,2026-04-09,4,12269.91,72.9
7537,Customer 07537,Enterprise,South,2026-03-07,8,15930.21,31.7
7538,Customer 07538,Consumer,East,2026-05-26,4,7651.89,58.6
7539,Customer 07539,Consumer,East,2026-04-10,6,19169.09,69.3
7540,Customer 07540,Consumer,East,2026-04-09,3,43060.34,56.1
7541,Customer 07541,Enterprise,North,2026-03-05,5,9003.0,70.3
7542,Customer 07542,Consumer,East,2026-09-13,6,22931.85,50.1
7543,Customer 07543,Consumer,South,2026-09-24,6,36198.03,68.5
7544,Customer 07544,SMB,North,2026-09-14,9,8883.15,37.4
7545,Customer 07545,Enterprise,East,2026-05-18,7,6974.01,46.4
7546,Customer 07546,SMB,East,2026-09-23,8,432583.81,68.5
7547,Customer 07547,SMB,East,2026-09-14,5,31855.690000000002,76.4
7548,Customer 07548,Consumer,East,2026-08-25,7,17286.77,29.0
7549,Customer 07549,Consumer,Central,2026-09-03,7,298928.13,41.6
7550,Customer 07550,Consumer,South,2026-09-14,5,77897.95999999999,73.6
7551,Customer 07551,SMB,East,2026-07-01,7,30984.65,40.1
7552,Customer 07552,Consumer,South,2026-04-30,8,13362.16,59.6
7553,Customer 07553,Consumer,West,2026-03-28,5,13774.97,66.7
7554,Customer 07554,Enterprise,East,2026-09-16,10,31216.24,53.1
7555,Customer 07555,Consumer,North,2026-09-05,10,39861.2,28.0
7556,Customer 07556,Consumer,Central,2026-09-21,5,22119.510000000002,87.9
7557,Customer 07557,Consumer,South,2026-04-01,5,13390.44,71.6
7558,Customer 07558,Consumer,North,2026-03-23,4,4756.42,86.3
7559,Customer 07559,Consumer,Central,2026-05-16,8,12037.66,56.7
7560,Customer 07560,Consumer,West,2026-05-05,5,6973.41,81.5
7561,Customer 07561,SMB,South,2026-09-05,7,188587.5,60.2
7562,Customer 07562,Consumer,South,2026-04-06,3,4909.47,99.3
7563,Customer 07563,Consumer,West,2026-04-06,3,11528.09,87.4
7564,Customer 07564,Enterprise,Central,2026-04-10,1,12621.27,100.0
7565,Customer 07565,Consumer,North,2026-05-06,5,10879.15,77.9
7566,Customer 07566,Consumer,North,2026-05-08,5,7818.26,74.5
7567,Customer 07567,SMB,South,2026-04-24,5,26465.31,64.2
7568,Customer 07568,Consumer,East,2026-04-25,6,6064.81,66.1
7569,Customer 07569,Consumer,West,2026-04-15,4,26478.28,66.3
7570,Customer 07570,SMB,South,2026-04-18,2,12369.43,100.0
7571,Customer 07571,Consumer,West,2026-04-23,12,6249.8,32.1
7572,Customer 07572,Consumer,East,2026-08-19,3,6034.9,91.0
7573,Customer 07573,Consumer,East,2026-09-13,8,367280.35000000003,63.7
7574,Customer 07574,SMB,South,2026-09-08,10,44863.549999999996,39.8
7575,Customer 07575,Consumer,South,2026-09-11,7,124184.75,80.1
7576,Customer 07576,SMB,West,2026-06-16,4,13782.18,79.3
7577,Customer 07577,Consumer,West,2026-09-15,15,138173.55000000002,7.5
7578,Customer 07578,SMB,North,2026-05-02,6,6569.2,39.2
7579,Customer 07579,SMB,North,2026-09-22,7,525635.89,46.1
7580,Customer 07580,Consumer,South,2026-07-11,3,5431.74,69.9
7581,Customer 07581,SMB,East,2026-03-09,8,21133.39,49.5
7582,Customer 07582,Enterprise,West,2026-09-25,9,49545.42,62.3
7583,Customer 07583,SMB,East,2026-06-02,8,4504.74,57.9
7584,Customer 07584,Consumer,West,2026-09-22,7,31115.83,64.7
7585,Customer 07585,SMB,East,2026-09-13,5,455622.72000000003,49.4
7586,Customer 07586,Consumer,Central,2026-07-07,4,2452.99,93.6
7587,Customer 07587,SMB,South,2026-09-21,8,72040.72,46.1
7588,Customer 07588,Consumer,South,2026-09-19,6,23638.399999999998,81.0
7589,Customer 07589,Consumer,West,2026-07-24,8,42196.22,27.1
7590,Customer 07590,SMB,North,2026-05-04,5,4256.73,60.3
7591,Customer 07591,SMB,South,2026-04-12,9,3815.45,34.4
7592,Customer 07592,Consumer,East,2026-06-04,7,2990.5,50.6
7593,Customer 07593,SMB,East,2026-05-31,7,16021.21,39.8
7594,Customer 07594,Consumer,Central,2026-09-23,9,377755.87,90.4
7595,Customer 07595,Consumer,Central,2026-05-08,6,27387.1,32.9
7596,Customer 07596,Consumer,Central,2026-04-30,9,6403.41,19.1
7597,Customer 07597,Consumer,North,2026-04-28,5,31979.95,55.3
7598,Customer 07598,Consumer,East,2026-08-17,8,8354.99,33.0
7599,Customer 07599,Consumer,South,2026-07-04,3,9339.74,81.7
7600,Customer 07600,Consumer,North,2026-04-29,4,29504.41,68.5
7601,Customer 07601,Consumer,Central,2026-03-07,6,25049.97,43.5
7602,Customer 07602,Consumer,North,2026-05-06,5,23497.84,48.6
7603,Customer 07603,Consumer,Central,2026-04-27,7,2694.75,42.4
7604,Customer 07604,Consumer,West,2026-04-18,8,7901.75,35.8
7605,Customer 07605,SMB,Central,2026-04-23,3,34713.29,84.5
7606,Customer 07606,Consumer,Central,2026-05-30,8,11173.87,59.0
7607,Customer 07607,SMB,Central,2026-09-18,4,8038.299999999999,77.9
7608,Customer 07608,Consumer,South,2026-06-16,5,5187.4,85.4
7609,Customer 07609,Enterprise,West,2026-09-12,3,15988.77,70.8
7610,Customer 07610,Consumer,North,2026-07-06,5,7198.34,58.4
7611,Customer 07611,SMB,West,2026-08-13,5,12912.35,67.7
7612,Customer 07612,Consumer,West,2026-08-31,10,5390.06,22.1
7613,Customer 07613,Consumer,Central,2026-07-19,8,8751.79,28.8
7614,Customer 07614,Enterprise,East,2026-09-13,3,223575.26,89.3
7615,Customer 07615,Consumer,Central,2026-08-03,5,6319.8,62.6
7616,Customer 07616,Consumer,Central,2026-09-04,5,74467.45,92.9
7617,Customer 07617,Consumer,Central,2026-07-07,2,34034.46,79.6
7618,Customer 07618,Consumer,Central,2026-07-08,8,17277.72,48.9
7619,Customer 07619,Consumer,North,2026-03-15,7,6410.59,61.6
7620,Customer 07620,Enterprise,North,2026-09-03,7,15374.03,86.8
7621,Customer 07621,Consumer,East,2026-09-17,7,42663.79,63.6
7622,Customer 07622,Enterprise,North,2026-05-07,4,8348.04,75.9
7623,Customer 07623,Consumer,East,2026-08-23,7,15984.55,43.8
7624,Customer 07624,Consumer,Central,2026-07-20,2,5806.81,65.7
7625,Customer 07625,Consumer,North,2026-05-21,9,11330.21,37.3
7626,Customer 07626,Consumer,West,2026-04-15,9,18354.79,18.8
7627,Customer 07627,SMB,South,2026-03-23,6,14132.83,64.2
7628,Customer 07628,SMB,South,2026-03-11,6,26993.64,65.8
7629,Customer 07629,Consumer,Central,2026-04-16,9,17166.43,31.5
7630,Customer 07630,Consumer,North,2026-04-09,7,4131.18,52.8
7631,Customer 07631,Consumer,North,2026-08-02,6,9144.35,49.5
7632,Customer 07632,Consumer,South,2026-06-05,5,10008.32,66.3
7633,Customer 07633,Enterprise,North,2026-08-12,8,11884.13,48.9
7634,Customer 07634,Consumer,North,2026-06-02,6,2939.38,60.0
7635,Customer 07635,SMB,West,2026-09-15,13,32406.5,16.8
7636,Customer 07636,Consumer,West,2026-07-06,7,30748.94,48.6
7637,Customer 07637,SMB,Central,2026-03-08,4,6537.21,91.6
7638,Customer 07638,Consumer,West,2026-05-11,2,21503.1,95.6
7639,Customer 07639,Consumer,East,2026-09-15,7,27300.289999999997,36.5
7640,Customer 07640,Consumer,South,2026-09-27,6,37586.55,63.4
7641,Customer 07641,SMB,West,2026-09-01,7,17960.420000000002,50.8
7642,Customer 07642,Consumer,North,2026-06-06,3,39748.14,81.6
7643,Customer 07643,Consumer,West,2026-09-11,11,20548.07,16.9
7644,Customer 07644,Consumer,South,2026-04-19,7,1863.37,28.6
7645,Customer 07645,SMB,Central,2026-03-08,9,2334.02,32.2
7646,Customer 07646,Enterprise,East,2026-08-14,3,16327.02,89.9
7647,Customer 07647,Consumer,North,2026-04-23,3,28067.66,77.3
7648,Customer 07648,SMB,South,2026-09-13,6,31648.39,45.2
7649,Customer 07649,SMB,Central,2026-09-26,8,221490.84,38.3
7650,Customer 07650,Consumer,East,2026-08-16,7,18232.92,59.3
7651,Customer 07651,SMB,Central,2026-04-24,3,39517.6,60.4
7652,Customer 07652,SMB,Central,2026-07-03,3,5124.94,70.5
7653,Customer 07653,Enterprise,South,2026-03-06,10,8993.29,17.2
7654,Customer 07654,Consumer,Central,2026-04-23,6,125073.07,58.9
7655,Customer 07655,SMB,North,2026-04-01,6,13571.35,50.3
7656,Customer 07656,SMB,North,2026-09-28,7,23016.51,65.4
7657,Customer 07657,Consumer,West,2026-04-13,4,6142.4,71.8
7658,Customer 07658,Consumer,West,2026-09-17,10,62505.18,33.5
7659,Customer 07659,Consumer,North,2026-04-11,6,40741.29,43.6
7660,Customer 07660,Consumer,North,2026-09-04,11,57991.44,22.9
7661,Customer 07661,Consumer,East,2026-09-14,7,80207.69,57.7
7662,Customer 07662,Consumer,Central,2026-09-04,2,44951.33,87.1
7663,Customer 07663,SMB,Central,2026-07-16,4,10508.73,67.3
7664,Customer 07664,SMB,North,2026-04-19,9,8616.08,30.7
7665,Customer 07665,Consumer,East,2026-07-14,6,7859.4,65.0
7666,Customer 07666,Consumer,East,2026-03-22,4,16844.35,53.8
7667,Customer 07667,Consumer,East,2026-08-04,7,10305.13,73.8
7668,Customer 07668,Enterprise,Central,2026-03-27,8,24192.25,32.7
7669,Customer 07669,Consumer,South,2026-08-21,4,4695.39,43.9
7670,Customer 07670,Consumer,North,2026-03-23,2,11930.52,100.0
7671,Customer 07671,Consumer,West,2026-09-02,4,22278.52,84.1
7672,Customer 07672,Consumer,East,2026-09-24,6,7867.179999999999,68.4
7673,Customer 07673,Consumer,Central,2026-03-25,4,7500.21,73.4
7674,Customer 07674,SMB,West,2026-08-14,4,7853.43,76.1
7675,Customer 07675,Consumer,North,2026-07-12,3,8314.9,89.5
7676,Customer 07676,Consumer,North,2026-05-16,3,2442.36,74.3
7677,Customer 07677,Enterprise,Central,2026-04-04,6,25680.83,51.4
7678,Customer 07678,Enterprise,Central,2026-08-28,9,11643.54,40.0
7679,Customer 07679,SMB,Central,2026-06-30,4,16462.06,85.2
7680,Customer 07680,Consumer,South,2026-07-03,2,7578.24,83.1
7681,Customer 07681,Consumer,Central,2026-09-30,6,36823.84,48.3
7682,Customer 07682,Consumer,Central,2026-04-21,3,23128.45,72.8
7683,Customer 07683,SMB,Central,2026-07-12,10,8710.68,23.2
7684,Customer 07684,Consumer,South,2026-07-04,7,13596.42,58.6
7685,Customer 07685,SMB,South,2026-07-04,4,7541.41,65.8
7686,Customer 07686,Consumer,Central,2026-07-20,3,15214.54,100.0
7687,Customer 07687,Enterprise,East,2026-09-11,8,32578.61,48.9
7688,Customer 07688,Consumer,West,2026-08-09,6,5666.08,42.4
7689,Customer 07689,Consumer,South,2026-04-22,8,8019.98,75.5
7690,Customer 07690,Consumer,East,2026-08-29,7,9369.34,41.8
7691,Customer 07691,Consumer,South,2026-04-23,5,3249.94,71.5
7692,Customer 07692,Enterprise,South,2026-05-14,3,5450.63,74.4
7693,Customer 07693,SMB,East,2026-03-31,5,7201.71,51.8
7694,Customer 07694,SMB,South,2026-09-06,7,30789.63,60.8
7695,Customer 07695,Consumer,North,2026-05-23,8,1685.04,43.8
7696,Customer 07696,Consumer,East,2026-08-17,11,7340.57,13.9
7697,Customer 07697,Enterprise,South,2026-06-17,7,4719.27,41.6
7698,Customer 07698,Consumer,West,2026-07-07,6,7319.12,70.8
7699,Customer 07699,Consumer,North,2026-05-15,7,17644.75,57.0
7700,Customer 07700,Consumer,South,2026-04-26,14,28461.4,3.8
7701,Customer 07701,Consumer,South,2026-05-14,3,34191.07,79.9
7702,Customer 07702,Consumer,Central,2026-07-23,4,9869.65,78.2
7703,Customer 07703,Consumer,West,2026-03-29,7,8115.21,49.2
7704,Customer 07704,Consumer,West,2026-08-14,6,10706.18,49.6
7705,Customer 07705,SMB,South,2026-03-19,5,5370.19,71.5
7706,Customer 07706,SMB,South,2026-08-24,10,9930.28,18.9
7707,Customer 07707,Enterprise,South,2026-09-05,8,17419.85,28.5
7708,Customer 07708,Consumer,East,2026-08-14,5,18927.74,69.4
7709,Customer 07709,Enterprise,East,2026-09-13,10,44413.38,19.8
7710,Customer 07710,Consumer,South,2026-09-06,7,67812.38,43.9
7711,Customer 07711,Consumer,South,2026-07-24,10,4887.11,12.0
7712,Customer 07712,Consumer,West,2026-05-20,6,6468.3,59.0
7713,Customer 07713,SMB,North,2026-09-21,12,71520.66,36.1
7714,Customer 07714,Consumer,Central,2026-06-29,3,13758.6,83.9
7715,Customer 07715,SMB,South,2026-07-26,7,19769.72,38.8
7716,Customer 07716,Consumer,North,2026-06-06,7,9620.96,55.1
7717,Customer 07717,Consumer,West,2026-08-09,9,4565.28,15.2
7718,Customer 07718,Consumer,Central,2026-09-02,4,20558.72,94.2
7719,Customer 07719,Consumer,East,2026-04-08,2,23300.23,64.1
7720,Customer 07720,Enterprise,North,2026-05-05,4,11975.53,79.4
7721,Customer 07721,SMB,East,2026-04-26,6,27988.43,44.9
7722,Customer 07722,Consumer,West,2026-09-06,6,30044.579999999998,60.7
7723,Customer 07723,Consumer,East,2026-06-23,7,6127.36,81.2
7724,Customer 07724,Consumer,Central,2026-09-12,5,100765.54000000001,69.9
7725,Customer 07725,Consumer,South,2026-09-11,6,27928.82,62.6
7726,Customer 07726,Consumer,South,2026-06-08,5,7585.37,68.5
7727,Customer 07727,SMB,Central,2026-09-08,7,23697.67,66.4
7728,Customer 07728,SMB,West,2026-06-01,6,2837.92,55.0
7729,Customer 07729,Consumer,East,2026-03-18,2,18576.82,78.1
7730,Customer 07730,Consumer,East,2026-09-07,9,152958.95,19.7
7731,Customer 07731,Consumer,North,2026-07-13,8,8106.29,47.7
7732,Customer 07732,SMB,Central,2026-09-26,5,22697.43,77.7
7733,Customer 07733,Enterprise,West,2026-09-08,12,41535.54,15.6
7734,Customer 07734,Consumer,West,2026-09-08,4,65373.590000000004,83.5
7735,Customer 07735,Consumer,Central,2026-07-26,6,6333.53,69.1
7736,Customer 07736,SMB,East,2026-04-19,4,4457.22,79.2
7737,Customer 07737,Consumer,North,2026-08-13,9,9713.65,35.5
7738,Customer 07738,SMB,South,2026-03-14,7,11401.34,48.8
7739,Customer 07739,Consumer,Central,2026-07-24,6,10724.07,83.6
7740,Customer 07740,Consumer,East,2026-05-27,2,26478.96,100.0
7741,Customer 07741,SMB,East,2026-03-11,8,21741.29,49.4
7742,Customer 07742,Consumer,East,2026-07-21,5,10069.54,59.5
7743,Customer 07743,Enterprise,Central,2026-03-16,3,7435.0,100.0
7744,Customer 07744,SMB,South,2026-05-18,6,17498.28,55.1
7745,Customer 07745,SMB,West,2026-07-04,7,11089.74,45.4
7746,Customer 07746,SMB,East,2026-09-13,10,31082.14,27.4
7747,Customer 07747,Consumer,West,2026-08-17,7,23303.16,32.0
7748,Customer 07748,Consumer,North,2026-09-22,9,55172.17,24.9
7749,Customer 07749,Consumer,South,2026-07-11,5,23250.98,64.3
7750,Customer 07750,Enterprise,East,2026-03-08,7,15089.77,61.5
7751,Customer 07751,SMB,East,2026-06-19,4,10276.13,72.3
7752,Customer 07752,Consumer,Central,2026-04-08,2,13842.12,60.5
7753,Customer 07753,Consumer,North,2026-08-24,3,21876.09,72.6
7754,Customer 07754,SMB,Central,2026-07-16,5,19237.15,81.6
7755,Customer 07755,Consumer,Central,2026-07-01,3,8253.42,86.9
7756,Customer 07756,Consumer,South,2026-09-03,8,42391.0,53.8
7757,Customer 07757,Consumer,South,2026-07-08,10,11251.8,28.0
7758,Customer 07758,Consumer,West,2026-06-21,7,5598.42,44.4
7759,Customer 07759,SMB,East,2026-03-31,2,7587.32,72.4
7760,Customer 07760,SMB,South,2026-06-01,8,7262.26,49.3
7761,Customer 07761,SMB,West,2026-08-27,10,4819.74,20.8
7762,Customer 07762,Consumer,South,2026-06-01,9,9282.42,30.9
7763,Customer 07763,Consumer,West,2026-04-17,8,33937.54,58.8
7764,Customer 07764,Consumer,West,2026-04-24,4,18745.78,78.5
7765,Customer 07765,Consumer,Central,2026-09-26,5,16167.14,92.9
7766,Customer 07766,Consumer,South,2026-06-10,5,7509.03,74.0
7767,Customer 07767,Consumer,South,2026-09-22,10,75004.75,55.4
7768,Customer 07768,SMB,West,2026-06-06,7,7450.41,31.7
7769,Customer 07769,Consumer,South,2026-07-23,7,4115.45,37.1
7770,Customer 07770,Consumer,East,2026-08-22,4,9378.39,83.4
7771,Customer 07771,SMB,South,2026-08-18,6,9124.14,54.8
7772,Customer 07772,Enterprise,East,2026-03-07,5,7188.52,61.6
7773,Customer 07773,Consumer,North,2026-09-09,10,10126.0,49.8
7774,Customer 07774,SMB,East,2026-03-14,6,2860.73,53.4
7775,Customer 07775,Consumer,West,2026-08-03,4,8100.79,63.7
7776,Customer 07776,SMB,Central,2026-07-30,7,13497.35,36.8
7777,Customer 07777,Enterprise,North,2026-08-29,7,12742.08,63.8
7778,Customer 07778,Consumer,Central,2026-07-03,7,11188.83,67.9
7779,Customer 07779,SMB,East,2026-07-27,5,6896.45,73.7
7780,Customer 07780,Consumer,East,2026-06-08,8,25417.87,44.1
7781,Customer 07781,Consumer,Central,2026-08-12,5,24480.39,68.2
7782,Customer 07782,Consumer,North,2026-04-08,8,18720.21,62.0
7783,Customer 07783,SMB,East,2026-06-10,11,16862.79,31.9
7784,Customer 07784,Consumer,West,2026-04-05,4,13195.35,77.9
7785,Customer 07785,Consumer,Central,2026-09-26,5,28322.35,61.0
7786,Customer 07786,Consumer,East,2026-07-27,5,9892.26,43.3
7787,Customer 07787,Enterprise,West,2026-09-22,4,62740.1,100.0
7788,Customer 07788,Consumer,East,2026-09-19,8,55696.52,56.7
7789,Customer 07789,Consumer,East,2026-05-02,9,11280.89,42.3
7790,Customer 07790,Consumer,East,2026-08-31,8,20162.81,52.5
7791,Customer 07791,SMB,East,2026-09-03,3,10525.85,80.7
7792,Customer 07792,Consumer,East,2026-05-24,6,1143.46,52.7
7793,Customer 07793,Consumer,Central,2026-06-17,6,9099.28,54.9
7794,Customer 07794,Consumer,Central,2026-09-15,5,9702.650000000001,65.4
7795,Customer 07795,Consumer,South,2026-08-21,5,19342.63,62.4
7796,Customer 07796,SMB,South,2026-04-16,7,6445.79,55.4
7797,Customer 07797,Consumer,Central,2026-07-08,5,8316.59,78.9
7798,Customer 07798,Consumer,East,2026-09-06,6,23445.039999999997,56.3
7799,Customer 07799,Consumer,East,2026-09-06,9,38823.85,34.1
7800,Customer 07800,Consumer,North,2026-03-10,8,12141.39,29.7
7801,Customer 07801,Consumer,South,2026-07-14,7,7443.15,54.3
7802,Customer 07802,Consumer,South,2026-03-11,6,19126.03,43.4
7803,Customer 07803,Consumer,Central,2026-09-25,13,63050.27,20.0
7804,Customer 07804,Consumer,West,2026-09-25,15,143890.28,0.0
7805,Customer 07805,Consumer,North,2026-09-27,5,7142.570000000001,57.6
7806,Customer 07806,SMB,Central,2026-06-15,5,8952.31,69.3
7807,Customer 07807,Consumer,East,2026-07-24,3,20839.26,72.8
7808,Customer 07808,Enterprise,West,2026-09-18,9,81443.8,57.6
7809,Customer 07809,Consumer,East,2026-09-21,6,62130.82,74.1
7810,Customer 07810,Consumer,North,2026-09-29,6,62310.590000000004,68.7
7811,Customer 07811,Consumer,North,2026-06-26,2,5633.06,81.4
7812,Customer 07812,Consumer,West,2026-03-24,7,24113.95,35.3
7813,Customer 07813,Consumer,North,2026-07-26,11,5262.02,24.7
7814,Customer 07814,Consumer,North,2026-08-17,7,26489.46,57.2
7815,Customer 07815,Consumer,East,2026-08-07,5,4693.07,73.1
7816,Customer 07816,SMB,Central,2026-03-21,6,17628.36,49.8
7817,Customer 07817,Consumer,East,2026-05-18,6,6773.52,71.9
7818,Customer 07818,SMB,South,2026-04-21,5,24432.99,60.1
7819,Customer 07819,SMB,Central,2026-03-24,3,8430.94,94.5
7820,Customer 07820,SMB,Central,2026-06-06,11,6790.17,20.0
7821,Customer 07821,SMB,Central,2026-06-19,8,5663.6,38.0
7822,Customer 07822,Consumer,South,2026-08-14,8,17735.84,37.5
7823,Customer 07823,Consumer,East,2026-03-19,5,11049.45,61.7
7824,Customer 07824,Consumer,East,2026-09-14,10,19876.83,33.6
7825,Customer 07825,Consumer,West,2026-07-15,7,8427.26,39.8
7826,Customer 07826,Consumer,East,2026-09-09,8,229085.18999999997,66.0
7827,Customer 07827,Consumer,Central,2026-09-30,11,11339.91,41.9
7828,Customer 07828,Consumer,West,2026-04-05,7,7356.18,43.7
7829,Customer 07829,Consumer,West,2026-07-19,7,11958.23,33.7
7830,Customer 07830,SMB,Central,2026-03-14,3,5466.26,74.3
7831,Customer 07831,Consumer,East,2026-06-23,5,11788.93,55.1
7832,Customer 07832,Consumer,South,2026-09-30,7,17849.82,69.7
7833,Customer 07833,SMB,South,2026-09-25,7,23374.120000000003,58.3
7834,Customer 07834,Enterprise,West,2026-06-27,4,6617.96,85.1
7835,Customer 07835,Consumer,North,2026-04-05,9,7766.48,15.7
7836,Customer 07836,Consumer,East,2026-09-01,8,77798.7,42.7
7837,Customer 07837,Consumer,West,2026-07-27,4,12585.81,82.8
7838,Customer 07838,SMB,Central,2026-09-16,5,33639.82,90.2
7839,Customer 07839,Consumer,East,2026-04-16,2,3756.16,84.4
7840,Customer 07840,SMB,South,2026-06-28,5,1393.9,77.6
7841,Customer 07841,Consumer,South,2026-03-29,6,21666.92,37.9
7842,Customer 07842,Consumer,East,2026-09-09,10,21931.97,19.9
7843,Customer 07843,Enterprise,East,2026-08-23,10,10394.68,36.6
7844,Customer 07844,Enterprise,West,2026-04-17,4,21689.55,81.4
7845,Customer 07845,Consumer,East,2026-09-01,6,494965.76,48.1
7846,Customer 07846,SMB,South,2026-03-29,3,7314.61,69.0
7847,Customer 07847,Consumer,Central,2026-05-07,6,3964.13,70.3
7848,Customer 07848,Consumer,North,2026-04-11,8,9092.23,28.3
7849,Customer 07849,Consumer,West,2026-06-14,3,18454.06,73.1
7850,Customer 07850,Consumer,Central,2026-04-25,4,13049.86,69.3
7851,Customer 07851,Enterprise,South,2026-09-09,7,36367.270000000004,43.3
7852,Customer 07852,SMB,West,2026-03-06,7,53150.95,66.6
7853,Customer 07853,Consumer,West,2026-08-09,4,1881.84,54.8
7854,Customer 07854,Consumer,East,2026-09-16,7,12015.23,64.0
7855,Customer 07855,Consumer,South,2026-08-15,3,96243.41,77.5
7856,Customer 07856,Consumer,South,2026-03-26,5,12582.34,60.0
7857,Customer 07857,Enterprise,Central,2026-05-16,4,6385.29,69.8
7858,Customer 07858,SMB,North,2026-06-14,8,11813.12,43.4
7859,Customer 07859,Consumer,East,2026-05-05,5,3530.05,71.1
7860,Customer 07860,Consumer,Central,2026-09-18,6,13047.17,76.0
7861,Customer 07861,Enterprise,Central,2026-06-08,3,10343.73,84.2
7862,Customer 07862,SMB,North,2026-08-24,4,5688.56,56.7
7863,Customer 07863,Enterprise,East,2026-09-29,7,67378.09999999999,71.5
7864,Customer 07864,Consumer,Central,2026-09-13,12,24642.300000000003,15.5
7865,Customer 07865,SMB,West,2026-06-12,5,15018.38,64.2
7866,Customer 07866,Consumer,Central,2026-04-17,7,12170.63,70.6
7867,Customer 07867,Consumer,South,2026-05-29,7,4713.62,50.5
7868,Customer 07868,Consumer,Central,2026-06-01,9,2626.27,37.2
7869,Customer 07869,SMB,Central,2026-09-20,8,143225.64,49.4
7870,Customer 07870,SMB,Central,2026-08-05,2,5005.72,86.7
7871,Customer 07871,Consumer,East,2026-06-05,5,4502.44,60.9
7872,Customer 07872,Consumer,North,2026-03-26,6,2540.54,56.0
7873,Customer 07873,SMB,West,2026-06-02,8,18161.83,53.1
7874,Customer 07874,Enterprise,West,2026-08-27,10,20003.89,46.4
7875,Customer 07875,Consumer,East,2026-09-12,12,71203.48999999999,9.9
7876,Customer 07876,Consumer,East,2026-06-03,7,3985.47,60.9
7877,Customer 07877,Enterprise,West,2026-03-30,5,3336.05,51.8
7878,Customer 07878,Consumer,West,2026-05-04,6,11323.33,52.1
7879,Customer 07879,Consumer,West,2026-03-29,7,6609.28,33.2
7880,Customer 07880,SMB,West,2026-07-26,5,25324.58,76.9
7881,Customer 07881,Consumer,East,2026-03-07,6,9181.61,66.2
7882,Customer 07882,Consumer,Central,2026-05-06,4,14018.12,82.3
7883,Customer 07883,Consumer,South,2026-08-03,7,12922.41,67.6
7884,Customer 07884,Consumer,South,2026-09-05,7,9821.59,49.6
7885,Customer 07885,Enterprise,East,2026-06-15,9,21521.97,52.5
7886,Customer 07886,Consumer,East,2026-09-13,7,87796.17,72.0
7887,Customer 07887,Enterprise,West,2026-04-02,7,4921.42,64.1
7888,Customer 07888,SMB,North,2026-09-19,6,15040.33,58.3
7889,Customer 07889,Consumer,Central,2026-05-25,6,10510.07,39.3
7890,Customer 07890,Consumer,West,2026-04-24,3,11379.84,59.3
7891,Customer 07891,Consumer,East,2026-08-27,5,11539.4,72.7
7892,Customer 07892,Consumer,South,2026-09-19,11,24141.190000000002,19.6
7893,Customer 07893,Consumer,East,2026-09-21,5,42214.02,64.7
7894,Customer 07894,Enterprise,Central,2026-05-09,6,13923.39,68.1
7895,Customer 07895,SMB,North,2026-09-19,6,172756.50999999998,71.6
7896,Customer 07896,Consumer,South,2026-05-24,7,7947.07,41.2
7897,Customer 07897,Consumer,North,2026-09-11,9,22730.129999999997,43.0
7898,Customer 07898,Consumer,North,2026-09-22,7,18547.66,54.4
7899,Customer 07899,SMB,East,2026-09-13,5,75617.34,84.6
7900,Customer 07900,Consumer,West,2026-09-09,4,34358.17,90.1
7901,Customer 07901,Consumer,East,2026-05-08,5,6710.83,66.8
7902,Customer 07902,Consumer,North,2026-06-23,6,11557.66,74.6
7903,Customer 07903,Enterprise,South,2026-06-24,3,13796.74,94.1
7904,Customer 07904,SMB,West,2026-04-19,7,12673.62,51.4
7905,Customer 07905,Consumer,West,2026-07-20,6,7969.06,51.1
7906,Customer 07906,Enterprise,South,2026-09-09,5,27434.980000000003,61.7
7907,Customer 07907,Consumer,South,2026-07-21,4,31124.63,76.6
7908,Customer 07908,Consumer,South,2026-08-06,4,9572.95,78.1
7909,Customer 07909,SMB,West,2026-06-04,1,10871.02,100.0
7910,Customer 07910,Consumer,South,2026-03-18,1,10807.57,100.0
7911,Customer 07911,Consumer,North,2026-06-03,6,17147.48,75.9
7912,Customer 07912,Consumer,Central,2026-08-28,5,11851.06,80.7
7913,Customer 07913,SMB,West,2026-05-08,6,5226.08,57.6
7914,Customer 07914,SMB,North,2026-03-21,14,44600.67,5.8
7915,Customer 07915,SMB,West,2026-06-07,4,16282.43,48.1
7916,Customer 07916,Enterprise,West,2026-08-29,4,20911.75,53.8
7917,Customer 07917,Consumer,South,2026-09-22,7,58674.21000000001,76.5
7918,Customer 07918,Consumer,South,2026-03-10,2,3989.96,100.0
7919,Customer 07919,Consumer,East,2026-03-22,6,8973.04,41.5
7920,Customer 07920,Consumer,North,2026-05-20,4,13419.26,70.3
7921,Customer 07921,Consumer,West,2026-09-16,10,7826.93,34.6
7922,Customer 07922,Consumer,North,2026-06-15,7,10123.72,55.4
7923,Customer 07923,Consumer,South,2026-05-29,6,3782.72,44.1
7924,Customer 07924,Consumer,West,2026-09-12,3,30605.08,76.8
7925,Customer 07925,Enterprise,West,2026-06-25,8,6762.79,48.4
7926,Customer 07926,Consumer,East,2026-05-06,6,4489.29,41.3
7927,Customer 07927,Consumer,East,2026-09-22,10,8836.51,33.4
7928,Customer 07928,Consumer,Central,2026-08-08,7,12774.86,43.2
7929,Customer 07929,Consumer,West,2026-09-19,7,44115.9,81.4
7930,Customer 07930,SMB,East,2026-05-13,6,19263.86,41.2
7931,Customer 07931,SMB,Central,2026-08-15,7,6361.06,44.5
7932,Customer 07932,Enterprise,Central,2026-04-14,7,4586.8,65.4
7933,Customer 07933,SMB,South,2026-09-13,6,45832.82,54.0
7934,Customer 07934,Consumer,Central,2026-07-07,5,24040.55,55.8
7935,Customer 07935,Consumer,South,2026-05-03,5,8128.07,54.5
7936,Customer 07936,SMB,West,2026-05-09,4,9617.87,63.6
7937,Customer 07937,Consumer,North,2026-03-08,5,30250.28,63.3
7938,Customer 07938,Consumer,West,2026-09-05,5,20113.760000000002,56.6
7939,Customer 07939,SMB,North,2026-06-29,6,12172.78,61.0
7940,Customer 07940,Consumer,South,2026-09-01,8,13890.64,45.0
7941,Customer 07941,Consumer,East,2026-03-10,3,52447.61,100.0
7942,Customer 07942,Consumer,South,2026-03-27,4,4636.34,89.0
7943,Customer 07943,Consumer,North,2026-06-06,4,3046.66,93.5
7944,Customer 07944,Consumer,Central,2026-09-06,7,50782.95,46.5
7945,Customer 07945,Enterprise,North,2026-07-05,3,6414.48,85.9
7946,Customer 07946,Enterprise,North,2026-07-03,8,5003.96,37.8
7947,Customer 07947,Enterprise,South,2026-07-16,4,6126.37,90.5
7948,Customer 07948,SMB,North,2026-05-29,2,9732.4,82.1
7949,Customer 07949,Consumer,Central,2026-05-30,4,18044.53,79.1
7950,Customer 07950,Consumer,South,2026-09-11,9,52439.19,51.8
7951,Customer 07951,Consumer,South,2026-09-04,9,113317.12,29.8
7952,Customer 07952,SMB,East,2026-09-26,8,59404.84,49.2
7953,Customer 07953,Consumer,West,2026-09-28,6,23263.18,48.3
7954,Customer 07954,Consumer,Central,2026-09-10,7,20102.420000000002,35.4
7955,Customer 07955,SMB,South,2026-06-24,8,15285.04,61.5
7956,Customer 07956,Consumer,North,2026-08-10,9,13389.45,30.8
7957,Customer 07957,Consumer,Central,2026-08-10,8,10000.59,52.5
7958,Customer 07958,Consumer,Central,2026-09-28,8,63758.78,68.8
7959,Customer 07959,SMB,North,2026-03-18,6,8542.58,65.9
7960,Customer 07960,SMB,East,2026-09-23,8,450792.22,70.6
7961,Customer 07961,SMB,East,2026-09-27,6,29892.61,52.9
7962,Customer 07962,Consumer,Central,2026-09-11,10,39574.21,29.1
7963,Customer 07963,Consumer,East,2026-09-11,6,25769.23,59.4
7964,Customer 07964,Consumer,North,2026-08-19,7,9387.21,55.4
7965,Customer 07965,SMB,South,2026-08-12,4,4113.79,53.6
7966,Customer 07966,Consumer,South,2026-08-01,9,9829.16,33.4
7967,Customer 07967,SMB,North,2026-06-09,4,21510.94,78.6
7968,Customer 07968,Consumer,Central,2026-09-23,6,36253.28,60.4
7969,Customer 07969,Consumer,West,2026-04-18,8,3959.79,41.4
7970,Customer 07970,Consumer,East,2026-05-23,5,14768.62,70.0
7971,Customer 07971,Consumer,South,2026-08-29,7,8072.4,60.7
7972,Customer 07972,Consumer,South,2026-09-12,7,72115.62,45.0
7973,Customer 07973,Enterprise,West,2026-09-13,9,27209.559999999998,49.0
7974,Customer 07974,SMB,Central,2026-09-05,5,22070.52,63.3
7975,Customer 07975,SMB,South,2026-06-21,4,3622.65,68.3
7976,Customer 07976,Consumer,North,2026-07-12,4,2689.65,74.3
7977,Customer 07977,Consumer,South,2026-09-03,6,32265.19,62.3
7978,Customer 07978,Consumer,West,2026-07-07,4,29193.37,61.9
7979,Customer 07979,Consumer,South,2026-09-04,4,10504.06,70.5
7980,Customer 07980,SMB,South,2026-09-11,5,56552.77,63.9
7981,Customer 07981,Consumer,Central,2026-08-30,5,7954.72,64.7
7982,Customer 07982,Consumer,East,2026-04-26,6,5024.83,37.8
7983,Customer 07983,SMB,West,2026-09-25,5,436614.31,66.8
7984,Customer 07984,Consumer,West,2026-03-13,5,6807.18,63.6
7985,Customer 07985,Consumer,South,2026-04-01,6,3717.49,57.6
7986,Customer 07986,Consumer,West,2026-08-01,6,15554.14,47.9
7987,Customer 07987,Consumer,Central,2026-09-15,5,25541.2,91.1
7988,Customer 07988,Consumer,North,2026-08-23,4,8322.5,56.1
7989,Customer 07989,Consumer,North,2026-05-05,8,5347.72,39.9
7990,Customer 07990,SMB,North,2026-05-11,5,12645.7,68.0
7991,Customer 07991,Consumer,South,2026-09-18,6,478527.98,65.9
7992,Customer 07992,SMB,North,2026-09-23,10,36692.08,36.7
7993,Customer 07993,Consumer,Central,2026-04-18,5,6975.49,76.1
7994,Customer 07994,Consumer,North,2026-09-09,5,17873.2,56.0
7995,Customer 07995,SMB,Central,2026-09-02,10,79549.64,39.0
7996,Customer 07996,Consumer,South,2026-06-06,8,14179.33,42.1
7997,Customer 07997,SMB,West,2026-04-03,5,6786.84,52.0
7998,Customer 07998,Consumer,East,2026-09-28,2,19188.059999999998,100.0
7999,Customer 07999,Consumer,East,2026-03-27,3,42818.65,63.5
8000,Customer 08000,SMB,East,2026-09-11,7,17491.81,71.7
8001,Customer 08001,Consumer,South,2026-08-27,5,5612.99,59.3
8002,Customer 08002,Consumer,Central,2026-09-28,10,54015.149999999994,15.1
8003,Customer 08003,SMB,East,2026-07-01,9,23646.61,41.0
8004,Customer 08004,Consumer,North,2026-06-03,5,4818.98,58.9
8005,Customer 08005,Consumer,West,2026-09-26,7,52693.98,46.2
8006,Customer 08006,SMB,North,2026-05-18,4,13475.6,70.5
8007,Customer 08007,Consumer,South,2026-05-12,9,16144.8,40.0
8008,Customer 08008,Consumer,East,2026-05-25,5,6016.94,58.9
8009,Customer 08009,Consumer,North,2026-09-22,6,12879.66,68.4
8010,Customer 08010,Consumer,South,2026-09-22,8,90178.62,56.7
8011,Customer 08011,Consumer,West,2026-09-19,7,3610.79,67.5
8012,Customer 08012,Consumer,Central,2026-09-11,4,175665.74,85.8
8013,Customer 08013,Consumer,South,2026-04-06,5,5613.92,63.7
8014,Customer 08014,Enterprise,West,2026-08-05,8,19369.17,19.7
8015,Customer 08015,Consumer,East,2026-04-30,8,4978.74,46.8
8016,Customer 08016,Consumer,North,2026-06-13,5,3259.19,64.9
8017,Customer 08017,Consumer,Central,2026-09-25,4,292740.97000000003,72.2
8018,Customer 08018,Consumer,South,2026-04-08,4,12742.47,68.9
8019,Customer 08019,Enterprise,South,2026-06-04,4,6916.82,66.7
8020,Customer 08020,Consumer,South,2026-05-14,5,6960.84,66.0
8021,Customer 08021,Enterprise,Central,2026-05-28,5,15717.09,52.9
8022,Customer 08022,Consumer,West,2026-05-02,7,9504.87,59.4
8023,Customer 08023,Enterprise,Central,2026-07-03,11,13347.34,22.8
8024,Customer 08024,SMB,North,2026-07-29,4,9256.94,57.1
8025,Customer 08025,Consumer,South,2026-04-01,7,7380.3,66.1
8026,Customer 08026,Consumer,Central,2026-05-30,5,16018.09,70.5
8027,Customer 08027,Consumer,Central,2026-09-03,12,21966.440000000002,34.7
8028,Customer 08028,Consumer,North,2026-07-25,6,3160.03,60.0
8029,Customer 08029,SMB,East,2026-05-13,4,8711.37,59.9
8030,Customer 08030,Consumer,South,2026-04-17,2,25799.38,72.0
8031,Customer 08031,Consumer,East,2026-07-14,6,17854.27,63.9
8032,Customer 08032,Consumer,West,2026-06-15,3,6858.3,100.0
8033,Customer 08033,Enterprise,Central,2026-07-13,4,2685.99,57.3
8034,Customer 08034,SMB,East,2026-04-12,10,4532.11,32.0
8035,Customer 08035,Consumer,North,2026-09-04,7,47987.2,55.4
8036,Customer 08036,SMB,South,2026-05-04,1,10230.17,96.7
8037,Customer 08037,Enterprise,North,2026-09-25,6,18959.47,57.6
8038,Customer 08038,Enterprise,Central,2026-04-18,7,4926.82,37.3
8039,Customer 08039,SMB,Central,2026-08-03,4,13857.62,71.2
8040,Customer 08040,SMB,West,2026-07-26,5,5824.52,78.0
8041,Customer 08041,Consumer,West,2026-09-28,10,114865.52,40.2
8042,Customer 08042,Enterprise,Central,2026-07-12,4,1017.53,89.4
8043,Customer 08043,Consumer,Central,2026-09-10,9,52967.95999999999,43.3
8044,Customer 08044,Consumer,East,2026-07-26,3,8824.02,81.9
8045,Customer 08045,Consumer,South,2026-09-30,10,49294.83,39.8
8046,Customer 08046,SMB,South,2026-04-18,4,42494.69,89.8
8047,Customer 08047,Consumer,Central,2026-09-09,8,463890.69,46.0
8048,Customer 08048,Enterprise,East,2026-06-14,6,17041.26,88.5
8049,Customer 08049,Consumer,Central,2026-09-02,4,8544.400000000001,80.6
8050,Customer 08050,Consumer,East,2026-05-23,6,13092.13,52.6
8051,Customer 08051,Consumer,Central,2026-04-11,6,3391.31,62.3
8052,Customer 08052,Consumer,East,2026-07-05,5,11406.13,56.1
8053,Customer 08053,SMB,North,2026-05-24,7,68765.6,43.3
8054,Customer 08054,SMB,East,2026-09-28,6,142574.82,68.0
8055,Customer 08055,Consumer,North,2026-07-24,5,32116.43,70.4
8056,Customer 08056,Consumer,West,2026-08-30,3,11609.38,100.0
8057,Customer 08057,Consumer,Central,2026-08-04,8,8826.46,18.8
8058,Customer 08058,Consumer,South,2026-06-02,5,5718.91,58.8
8059,Customer 08059,Consumer,North,2026-03-13,7,5102.49,57.1
8060,Customer 08060,SMB,Central,2026-07-30,7,5210.02,53.3
8061,Customer 08061,Consumer,East,2026-08-05,5,5761.53,61.5
8062,Customer 08062,SMB,West,2026-09-23,7,58888.96000000001,48.8
8063,Customer 08063,Consumer,Central,2026-06-24,4,21145.37,67.8
8064,Customer 08064,Enterprise,Central,2026-08-27,5,28874.39,53.5
8065,Customer 08065,SMB,Central,2026-07-09,4,4793.98,87.8
8066,Customer 08066,SMB,Central,2026-09-23,5,60938.44,72.5
8067,Customer 08067,SMB,Central,2026-03-09,4,5135.71,61.9
8068,Customer 08068,SMB,North,2026-09-05,8,72637.66,54.8
8069,Customer 08069,Consumer,South,2026-08-06,6,5866.78,52.1
8070,Customer 08070,SMB,East,2026-09-13,5,339508.72000000003,66.3
8071,Customer 08071,Consumer,North,2026-09-14,11,14237.810000000001,35.9
8072,Customer 08072,Consumer,West,2026-08-13,4,19149.91,74.9
8073,Customer 08073,Consumer,Central,2026-03-21,6,23146.28,58.7
8074,Customer 08074,SMB,South,2026-05-28,4,7407.31,78.0
8075,Customer 08075,Consumer,Central,2026-08-20,4,4499.82,72.1
8076,Customer 08076,Consumer,West,2026-07-30,3,11292.4,93.9
8077,Customer 08077,Consumer,Central,2026-06-02,7,14815.83,69.2
8078,Customer 08078,SMB,Central,2026-09-27,8,22036.53,57.0
8079,Customer 08079,SMB,North,2026-07-05,6,5430.71,60.5
8080,Customer 08080,Consumer,East,2026-03-08,4,16060.11,67.2
8081,Customer 08081,Consumer,South,2026-06-24,12,39560.85,8.7
8082,Customer 08082,Consumer,East,2026-06-12,6,32243.31,72.9
8083,Customer 08083,Consumer,West,2026-07-29,6,4000.63,45.4
8084,Customer 08084,Consumer,North,2026-03-11,8,5713.62,32.9
8085,Customer 08085,Enterprise,Central,2026-04-06,3,3038.24,77.9
8086,Customer 08086,SMB,Central,2026-05-31,6,30186.19,56.0
8087,Customer 08087,Consumer,Central,2026-04-24,4,27158.7,74.6
8088,Customer 08088,Consumer,West,2026-05-11,4,3169.39,50.7
8089,Customer 08089,Enterprise,West,2026-05-19,9,2949.68,15.7
8090,Customer 08090,Consumer,South,2026-06-13,3,7284.79,78.8
8091,Customer 08091,SMB,West,2026-09-03,6,8637.89,55.6
8092,Customer 08092,SMB,East,2026-09-09,6,24961.83,59.8
8093,Customer 08093,Enterprise,North,2026-07-03,8,9156.5,17.8
8094,Customer 08094,Consumer,Central,2026-08-07,5,23908.9,84.4
8095,Customer 08095,Enterprise,East,2026-06-20,8,6198.97,65.4
8096,Customer 08096,Consumer,East,2026-06-20,7,16307.04,44.0
8097,Customer 08097,SMB,North,2026-09-27,7,188163.47999999998,62.0
8098,Customer 08098,SMB,West,2026-08-12,9,6313.05,8.8
8099,Customer 08099,Enterprise,West,2026-07-04,9,5680.25,42.9
8100,Customer 08100,Consumer,East,2026-05-26,4,18804.95,78.4
8101,Customer 08101,Consumer,Central,2026-04-22,10,14041.21,8.0
8102,Customer 08102,Consumer,South,2026-06-30,4,6914.3,61.3
8103,Customer 08103,SMB,West,2026-04-30,4,11445.32,60.3
8104,Customer 08104,Consumer,Central,2026-08-18,6,8684.73,59.6
8105,Customer 08105,Consumer,Central,2026-06-14,6,4539.6,42.2
8106,Customer 08106,Consumer,South,2026-06-21,3,23767.16,88.7
8107,Customer 08107,Consumer,North,2026-04-10,3,39584.04,83.8
8108,Customer 08108,Enterprise,West,2026-05-03,8,14797.72,51.7
8109,Customer 08109,Consumer,North,2026-04-06,5,8717.53,74.1
8110,Customer 08110,Consumer,North,2026-09-08,7,507470.12,50.3
8111,Customer 08111,Enterprise,East,2026-03-27,6,15543.63,61.3
8112,Customer 08112,Consumer,East,2026-03-20,6,9473.04,51.6
8113,Customer 08113,SMB,East,2026-05-20,7,14087.07,47.8
8114,Customer 08114,Consumer,Central,2026-09-02,6,335396.08,58.8
8115,Customer 08115,Consumer,North,2026-04-04,5,7239.2,63.7
8116,Customer 08116,Consumer,South,2026-03-14,5,11702.25,42.0
8117,Customer 08117,SMB,East,2026-09-14,4,50320.67999999999,69.4
8118,Customer 08118,Consumer,South,2026-07-06,4,5527.42,85.2
8119,Customer 08119,Consumer,West,2026-08-29,5,10566.85,44.1
8120,Customer 08120,Consumer,South,2026-06-30,5,6598.17,47.8
8121,Customer 08121,Consumer,Central,2026-04-10,3,6694.66,95.3
8122,Customer 08122,Consumer,South,2026-03-05,4,12187.73,57.7
8123,Customer 08123,Consumer,East,2026-06-14,7,7533.28,71.0
8124,Customer 08124,Consumer,North,2026-04-25,6,7108.92,46.7
8125,Customer 08125,Enterprise,Central,2026-05-17,9,10918.3,47.9
8126,Customer 08126,Consumer,West,2026-05-29,4,8556.81,87.5
8127,Customer 08127,Consumer,North,2026-05-11,6,8112.52,46.3
8128,Customer 08128,Consumer,Central,2026-03-11,10,14349.2,42.9
8129,Customer 08129,Enterprise,West,2026-06-18,5,7428.71,55.5
8130,Customer 08130,SMB,South,2026-09-05,8,15435.98,37.2
8131,Customer 08131,Enterprise,East,2026-09-13,5,23768.84,67.6
8132,Customer 08132,SMB,North,2026-08-05,2,9909.72,83.4
8133,Customer 08133,Consumer,South,2026-06-17,2,12498.52,80.2
8134,Customer 08134,Enterprise,East,2026-06-27,6,3316.58,62.9
8135,Customer 08135,Consumer,North,2026-09-02,7,151094.74,56.0
8136,Customer 08136,Consumer,North,2026-05-22,6,4228.6,42.2
8137,Customer 08137,Consumer,South,2026-09-18,7,27732.329999999998,49.5
8138,Customer 08138,SMB,East,2026-09-22,6,8146.4400000000005,84.9
8139,Customer 08139,SMB,West,2026-03-12,5,6959.7,53.9
8140,Customer 08140,Consumer,South,2026-06-18,7,35330.1,52.1
8141,Customer 08141,Consumer,North,2026-04-29,4,12836.9,79.1
8142,Customer 08142,Consumer,East,2026-09-07,10,69548.38,46.4
8143,Customer 08143,Consumer,East,2026-09-21,11,8077.49,44.7
8144,Customer 08144,Consumer,East,2026-08-22,4,21265.67,88.6
8145,Customer 08145,SMB,West,2026-03-10,6,10320.0,58.4
8146,Customer 08146,SMB,East,2026-08-10,7,9068.45,81.2
8147,Customer 08147,SMB,North,2026-09-21,5,57931.770000000004,57.3
8148,Customer 08148,Consumer,North,2026-04-08,2,3320.92,86.5
8149,Customer 08149,SMB,North,2026-05-07,6,6584.11,65.1
8150,Customer 08150,Consumer,North,2026-06-08,7,2965.63,52.7
8151,Customer 08151,Consumer,North,2026-06-08,6,19843.14,46.7
8152,Customer 08152,Consumer,Central,2026-04-08,7,7851.27,62.9
8153,Customer 08153,Enterprise,Central,2026-08-04,4,67608.23,82.9
8154,Customer 08154,SMB,East,2026-05-01,4,10205.38,79.8
8155,Customer 08155,Consumer,Central,2026-09-30,2,31259.58,97.6
8156,Customer 08156,Consumer,Central,2026-09-12,3,15444.79,96.5
8157,Customer 08157,SMB,North,2026-06-12,7,13860.52,54.1
8158,Customer 08158,Consumer,West,2026-06-10,8,8605.02,44.9
8159,Customer 08159,SMB,East,2026-06-09,7,9870.82,60.9
8160,Customer 08160,SMB,East,2026-09-21,4,11403.400000000001,53.6
8161,Customer 08161,SMB,East,2026-03-15,9,10478.35,46.9
8162,Customer 08162,Enterprise,Central,2026-09-29,7,102820.27,71.9
8163,Customer 08163,Consumer,Central,2026-06-24,8,3877.45,42.4
8164,Customer 08164,Enterprise,West,2026-05-30,7,7582.48,62.6
8165,Customer 08165,SMB,South,2026-05-23,4,10747.65,81.4
8166,Customer 08166,Consumer,North,2026-03-18,5,17258.75,73.9
8167,Customer 08167,Consumer,West,2026-06-22,6,22516.98,49.5
8168,Customer 08168,Consumer,West,2026-06-14,3,6822.76,73.5
8169,Customer 08169,Consumer,South,2026-07-17,5,14770.23,62.0
8170,Customer 08170,Consumer,South,2026-06-08,7,18133.58,63.5
8171,Customer 08171,SMB,East,2026-03-05,9,3159.75,24.2
8172,Customer 08172,Consumer,North,2026-07-24,7,73549.49,50.4
8173,Customer 08173,SMB,South,2026-08-17,9,7917.44,54.8
8174,Customer 08174,SMB,West,2026-09-02,9,35663.61,40.1
8175,Customer 08175,SMB,West,2026-09-23,6,43982.24,70.3
8176,Customer 08176,Consumer,West,2026-03-10,5,10125.04,72.0
8177,Customer 08177,SMB,Central,2026-03-13,6,20472.03,55.3
8178,Customer 08178,Consumer,South,2026-06-08,7,17069.01,26.1
8179,Customer 08179,Enterprise,North,2026-03-31,3,24090.29,71.3
8180,Customer 08180,Enterprise,Central,2026-03-05,7,4737.89,44.3
8181,Customer 08181,Consumer,East,2026-04-12,4,14105.57,60.5
8182,Customer 08182,Consumer,Central,2026-03-23,4,6066.77,80.5
8183,Customer 08183,Consumer,West,2026-06-08,8,16097.99,44.2
8184,Customer 08184,SMB,West,2026-08-17,6,19512.38,56.6
8185,Customer 08185,SMB,South,2026-08-17,6,10071.67,47.4
8186,Customer 08186,SMB,South,2026-05-20,6,18749.88,55.8
8187,Customer 08187,Consumer,South,2026-03-06,8,6990.65,45.2
8188,Customer 08188,Consumer,West,2026-07-18,7,12593.44,64.9
8189,Customer 08189,Consumer,South,2026-04-02,8,39416.03,32.1
8190,Customer 08190,Enterprise,West,2026-08-21,6,46158.88,80.6
8191,Customer 08191,Consumer,North,2026-06-30,10,4105.57,6.3
8192,Customer 08192,Consumer,North,2026-03-26,6,9387.84,54.8
8193,Customer 08193,Consumer,East,2026-07-07,6,6299.57,49.8
8194,Customer 08194,Consumer,West,2026-05-29,10,7038.94,18.7
8195,Customer 08195,SMB,East,2026-03-20,6,25582.95,64.9
8196,Customer 08196,Consumer,North,2026-05-27,6,20106.63,55.1
8197,Customer 08197,Consumer,Central,2026-08-24,6,4453.27,52.7
8198,Customer 08198,Enterprise,West,2026-07-15,4,11329.87,68.6
8199,Customer 08199,SMB,West,2026-08-16,3,25517.34,76.8
8200,Customer 08200,Consumer,West,2026-06-18,7,20046.91,55.1
8201,Customer 08201,Consumer,Central,2026-05-27,6,25258.96,61.2
8202,Customer 08202,Consumer,North,2026-08-23,5,9378.61,81.8
8203,Customer 08203,Consumer,West,2026-06-17,6,23429.78,40.3
8204,Customer 08204,SMB,Central,2026-03-11,6,11614.21,60.3
8205,Customer 08205,Consumer,Central,2026-07-12,5,11279.07,70.3
8206,Customer 08206,Consumer,West,2026-06-25,6,15468.22,76.1
8207,Customer 08207,Consumer,West,2026-08-20,9,5178.16,24.0
8208,Customer 08208,Consumer,East,2026-05-01,9,2571.69,36.4
8209,Customer 08209,Consumer,West,2026-09-20,3,20548.68,100.0
8210,Customer 08210,Consumer,South,2026-07-04,6,6891.28,66.4
8211,Customer 08211,SMB,North,2026-05-09,6,2113.57,47.4
8212,Customer 08212,Enterprise,North,2026-07-12,3,9127.1,78.9
8213,Customer 08213,Consumer,South,2026-06-21,4,4839.06,100.0
8214,Customer 08214,Consumer,Central,2026-06-16,5,11028.99,57.2
8215,Customer 08215,Consumer,Central,2026-05-21,5,25160.7,64.6
8216,Customer 08216,Consumer,South,2026-08-04,4,19009.4,81.3
8217,Customer 08217,Consumer,North,2026-04-23,7,15779.65,54.8
8218,Customer 08218,Consumer,East,2026-09-25,8,44204.73,30.7
8219,Customer 08219,Consumer,West,2026-03-09,10,3831.85,14.6
8220,Customer 08220,SMB,Central,2026-04-14,2,4497.88,87.3
8221,Customer 08221,SMB,East,2026-08-14,3,5149.89,69.3
8222,Customer 08222,SMB,North,2026-08-05,4,9595.96,76.4
8223,Customer 08223,Consumer,Central,2026-04-18,9,3409.35,42.5
8224,Customer 08224,SMB,South,2026-09-30,5,62370.939999999995,67.9
8225,Customer 08225,SMB,East,2026-09-27,4,262196.68,100.0
8226,Customer 08226,Consumer,Central,2026-04-04,2,8585.47,93.3
8227,Customer 08227,SMB,West,2026-09-18,4,14918.13,76.3
8228,Customer 08228,Consumer,North,2026-06-03,9,27122.89,60.0
8229,Customer 08229,Consumer,West,2026-08-31,2,7106.08,100.0
8230,Customer 08230,SMB,Central,2026-06-19,3,18805.36,74.0
8231,Customer 08231,SMB,North,2026-04-24,4,5229.21,77.4
8232,Customer 08232,Consumer,North,2026-03-16,6,12516.37,58.7
8233,Customer 08233,Consumer,South,2026-03-17,6,32433.64,58.0
8234,Customer 08234,Consumer,East,2026-04-10,2,8534.38,57.0
8235,Customer 08235,Consumer,East,2026-09-27,10,41051.21,42.8
8236,Customer 08236,Consumer,North,2026-08-13,7,1967.4,48.2
8237,Customer 08237,Enterprise,East,2026-05-28,4,2353.33,76.3
8238,Customer 08238,Consumer,West,2026-05-07,7,5751.21,36.7
8239,Customer 08239,Consumer,South,2026-09-13,10,15480.35,26.5
8240,Customer 08240,Enterprise,South,2026-07-22,9,10958.17,10.4
8241,Customer 08241,Enterprise,North,2026-03-21,4,4537.29,64.3
8242,Customer 08242,Enterprise,West,2026-09-25,10,39251.25,32.7
8243,Customer 08243,Consumer,Central,2026-09-29,7,457247.83999999997,77.6
8244,Customer 08244,Consumer,West,2026-09-18,7,20286.899999999998,54.8
8245,Customer 08245,SMB,North,2026-09-15,9,25353.8,28.3
8246,Customer 08246,Consumer,South,2026-07-02,4,4448.53,73.4
8247,Customer 08247,Consumer,North,2026-04-02,3,4181.75,82.2
8248,Customer 08248,SMB,South,2026-03-05,10,12772.33,37.6
8249,Customer 08249,Consumer,East,2026-05-26,4,22257.08,68.9
8250,Customer 08250,Consumer,East,2026-04-22,3,5195.29,94.9
8251,Customer 08251,Consumer,Central,2026-09-10,10,10743.6,45.9
8252,Customer 08252,SMB,West,2026-09-15,11,32763.42,46.4
8253,Customer 08253,Consumer,North,2026-08-23,5,7395.08,57.9
8254,Customer 08254,Consumer,East,2026-09-22,6,267504.33,54.9
8255,Customer 08255,Enterprise,North,2026-04-25,4,18325.61,83.0
8256,Customer 08256,Consumer,North,2026-04-18,8,8056.04,45.0
8257,Customer 08257,Consumer,East,2026-07-31,7,3928.02,52.0
8258,Customer 08258,Consumer,Central,2026-09-19,3,201540.69,73.6
8259,Customer 08259,Consumer,Central,2026-08-24,7,21141.32,34.4
8260,Customer 08260,Enterprise,South,2026-07-20,5,6358.43,48.1
8261,Customer 08261,Consumer,Central,2026-07-13,8,3253.79,52.9
8262,Customer 08262,Consumer,Central,2026-09-04,3,7453.860000000001,90.5
8263,Customer 08263,Consumer,West,2026-09-08,6,12631.45,61.5
8264,Customer 08264,Consumer,West,2026-09-28,12,25668.52,26.2
8265,Customer 08265,Consumer,West,2026-05-18,3,23212.62,66.6
8266,Customer 08266,Consumer,West,2026-07-21,5,6741.59,69.6
8267,Customer 08267,Consumer,South,2026-05-20,5,5550.38,81.3
8268,Customer 08268,Consumer,South,2026-04-01,7,5357.03,45.8
8269,Customer 08269,Consumer,West,2026-05-02,4,15834.23,71.2
8270,Customer 08270,Consumer,Central,2026-09-16,9,46257.58,58.5
8271,Customer 08271,Consumer,South,2026-06-29,4,16598.84,84.3
8272,Customer 08272,Consumer,North,2026-06-13,5,6577.26,61.1
8273,Customer 08273,Consumer,West,2026-09-16,8,10051.119999999999,62.3
8274,Customer 08274,Consumer,West,2026-08-27,9,7684.76,46.3
8275,Customer 08275,Enterprise,South,2026-09-30,10,68040.27,55.8
8276,Customer 08276,SMB,Central,2026-05-31,7,10318.01,13.9
8277,Customer 08277,SMB,North,2026-04-29,6,14991.51,59.0
8278,Customer 08278,Consumer,North,2026-06-25,5,9743.52,69.7
8279,Customer 08279,Consumer,West,2026-09-25,5,19729.96,70.4
8280,Customer 08280,SMB,South,2026-06-24,8,18901.09,52.5
8281,Customer 08281,Consumer,West,2026-09-12,6,57733.060000000005,58.0
8282,Customer 08282,Consumer,North,2026-09-14,6,315947.57,62.5
8283,Customer 08283,SMB,Central,2026-04-07,7,8047.0,51.3
8284,Customer 08284,SMB,West,2026-07-21,4,17600.74,68.0
8285,Customer 08285,Enterprise,South,2026-03-27,5,23893.12,53.4
8286,Customer 08286,Consumer,North,2026-04-23,6,7236.76,69.7
8287,Customer 08287,Consumer,Central,2026-06-18,8,21786.72,49.3
8288,Customer 08288,SMB,East,2026-07-05,8,36879.68,40.2
8289,Customer 08289,SMB,Central,2026-06-12,7,7455.46,42.9
8290,Customer 08290,SMB,East,2026-09-02,6,15922.150000000001,61.4
8291,Customer 08291,Consumer,North,2026-08-14,10,5672.11,23.3
8292,Customer 08292,Enterprise,South,2026-09-26,6,11821.49,100.0
8293,Customer 08293,Consumer,North,2026-09-21,8,52142.32,49.8
8294,Customer 08294,Consumer,West,2026-07-09,10,4560.26,31.4
8295,Customer 08295,SMB,East,2026-09-13,8,242587.57,46.4
8296,Customer 08296,Enterprise,South,2026-07-09,4,6598.78,51.1
8297,Customer 08297,Consumer,Central,2026-07-10,7,6755.4,57.3
8298,Customer 08298,Consumer,North,2026-09-22,7,20375.800000000003,73.3
8299,Customer 08299,Consumer,South,2026-09-07,4,259563.98,70.0
8300,Customer 08300,Consumer,North,2026-09-07,6,26347.21,63.1
8301,Customer 08301,Consumer,North,2026-09-16,10,68758.56,47.9
8302,Customer 08302,SMB,West,2026-08-18,3,5999.8,85.0
8303,Customer 08303,Consumer,North,2026-06-11,4,6422.15,80.1
8304,Customer 08304,SMB,East,2026-03-29,3,24587.47,76.1
8305,Customer 08305,Consumer,South,2026-09-03,11,12630.24,31.8
8306,Customer 08306,SMB,Central,2026-09-24,6,168168.66999999998,68.0
8307,Customer 08307,SMB,East,2026-08-31,4,3887.22,51.5
8308,Customer 08308,Consumer,East,2026-07-19,5,25645.08,67.1
8309,Customer 08309,Consumer,South,2026-06-05,2,5495.08,74.4
8310,Customer 08310,Consumer,West,2026-04-10,13,6561.01,0.5
8311,Customer 08311,Consumer,North,2026-06-03,4,21726.07,79.4
8312,Customer 08312,SMB,East,2026-06-30,7,16601.43,60.0
8313,Customer 08313,Consumer,East,2026-07-17,6,14606.43,67.3
8314,Customer 08314,Consumer,East,2026-03-19,8,8395.57,9.1
8315,Customer 08315,SMB,East,2026-03-10,8,8257.25,43.1
8316,Customer 08316,Consumer,East,2026-07-13,5,2402.82,54.1
8317,Customer 08317,Consumer,Central,2026-08-08,7,8956.68,50.9
8318,Customer 08318,Consumer,West,2026-09-09,6,52378.55,54.1
8319,Customer 08319,Consumer,Central,2026-07-10,3,6828.86,78.4
8320,Customer 08320,Consumer,North,2026-03-07,9,20977.31,51.8
8321,Customer 08321,SMB,West,2026-03-09,7,7257.11,67.9
8322,Customer 08322,SMB,North,2026-05-25,5,7247.58,58.5
8323,Customer 08323,Consumer,North,2026-05-28,9,8953.42,49.4
8324,Customer 08324,Consumer,Central,2026-09-16,9,104797.49,34.6
8325,Customer 08325,Consumer,Central,2026-05-13,9,10973.23,67.2
8326,Customer 08326,Consumer,West,2026-07-07,6,5703.12,50.4
8327,Customer 08327,Enterprise,East,2026-09-06,6,23274.21,68.0
8328,Customer 08328,Consumer,East,2026-04-08,7,5458.98,53.3
8329,Customer 08329,Consumer,North,2026-09-19,13,100768.48999999999,23.3
8330,Customer 08330,SMB,West,2026-05-05,2,20048.73,88.0
8331,Customer 08331,Consumer,North,2026-07-11,8,18125.13,52.1
8332,Customer 08332,Consumer,East,2026-03-26,5,4217.48,59.7
8333,Customer 08333,Consumer,West,2026-08-11,5,28235.2,70.7
8334,Customer 08334,Consumer,West,2026-07-28,6,25065.62,57.5
8335,Customer 08335,SMB,North,2026-03-12,5,9287.93,72.7
8336,Customer 08336,SMB,North,2026-07-31,8,2877.05,36.0
8337,Customer 08337,Enterprise,West,2026-08-05,4,5898.2,72.1
8338,Customer 08338,Consumer,South,2026-08-16,8,20706.14,48.7
8339,Customer 08339,Consumer,Central,2026-09-17,13,105420.26999999999,16.4
8340,Customer 08340,SMB,West,2026-08-24,5,5612.75,80.0
8341,Customer 08341,Consumer,West,2026-03-23,5,5399.19,61.4
8342,Customer 08342,SMB,South,2026-06-27,8,14378.95,54.5
8343,Customer 08343,Enterprise,North,2026-05-10,6,8597.6,29.8
8344,Customer 08344,SMB,West,2026-07-18,6,23174.54,35.3
8345,Customer 08345,Consumer,South,2026-07-07,4,20622.95,89.7
8346,Customer 08346,Consumer,East,2026-03-21,7,13733.03,63.4
8347,Customer 08347,SMB,South,2026-07-13,9,11608.12,32.9
8348,Customer 08348,Consumer,West,2026-06-22,5,24765.86,76.2
8349,Customer 08349,SMB,North,2026-07-06,8,7063.54,41.7
8350,Customer 08350,Consumer,West,2026-08-22,7,15370.94,35.2
8351,Customer 08351,Enterprise,Central,2026-06-06,5,17843.37,92.1
8352,Customer 08352,Consumer,North,2026-09-21,3,42106.35,74.8
8353,Customer 08353,Enterprise,East,2026-07-16,9,1691.61,53.1
8354,Customer 08354,Consumer,North,2026-04-05,2,3322.58,62.5
8355,Customer 08355,SMB,North,2026-09-12,8,6494.31,46.2
8356,Customer 08356,Consumer,Central,2026-06-04,4,25409.91,77.4
8357,Customer 08357,SMB,Central,2026-09-29,3,38943.59,79.3
8358,Customer 08358,Consumer,West,2026-07-04,4,13230.5,56.1
8359,Customer 08359,Consumer,Central,2026-05-07,5,7964.8,48.7
8360,Customer 08360,Consumer,North,2026-05-30,7,34283.22,61.9
8361,Customer 08361,SMB,East,2026-04-13,4,5296.57,75.6
8362,Customer 08362,Consumer,West,2026-09-27,9,47023.37,36.2
8363,Customer 08363,Consumer,Central,2026-09-09,8,60406.26,42.5
8364,Customer 08364,Enterprise,North,2026-09-07,6,149654.87,62.8
8365,Customer 08365,SMB,North,2026-04-19,8,7173.54,49.6
8366,Customer 08366,SMB,North,2026-09-17,6,20111.03,82.9
8367,Customer 08367,Consumer,South,2026-07-03,3,2676.48,95.9
8368,Customer 08368,Consumer,East,2026-07-03,6,31025.03,53.9
8369,Customer 08369,Consumer,Central,2026-09-17,12,69543.01,2.9
8370,Customer 08370,SMB,South,2026-04-09,6,29300.41,60.7
8371,Customer 08371,SMB,West,2026-09-10,5,19476.94,83.8
8372,Customer 08372,Consumer,East,2026-09-29,6,12265.23,82.5
8373,Customer 08373,Consumer,North,2026-05-03,6,6565.43,49.1
8374,Customer 08374,Consumer,Central,2026-06-01,4,20380.48,65.0
8375,Customer 08375,SMB,Central,2026-06-14,3,6155.19,67.0
8376,Customer 08376,Consumer,East,2026-07-12,7,15414.37,40.1
8377,Customer 08377,Consumer,West,2026-08-24,9,4346.84,64.8
8378,Customer 08378,Consumer,South,2026-05-18,6,12173.93,87.4
8379,Customer 08379,Consumer,North,2026-07-27,4,7705.71,53.5
8380,Customer 08380,Consumer,East,2026-04-29,6,14727.04,41.9
8381,Customer 08381,Consumer,South,2026-08-13,12,17863.29,34.1
8382,Customer 08382,Consumer,South,2026-09-29,3,172371.71000000002,73.0
8383,Customer 08383,SMB,South,2026-09-02,10,33891.24,32.5
8384,Customer 08384,Consumer,East,2026-09-03,7,26563.43,73.2
8385,Customer 08385,SMB,South,2026-03-28,6,28919.97,48.1
8386,Customer 08386,Consumer,North,2026-09-27,9,25263.010000000002,32.0
8387,Customer 08387,Consumer,Central,2026-05-27,7,3536.47,50.4
8388,Customer 08388,Consumer,Central,2026-07-03,3,6360.28,74.1
8389,Customer 08389,Consumer,West,2026-09-19,5,77600.65999999999,78.0
8390,Customer 08390,Consumer,East,2026-06-28,7,14339.26,64.5
8391,Customer 08391,Consumer,South,2026-04-12,2,8489.19,83.0
8392,Customer 08392,SMB,West,2026-06-20,9,9877.26,44.7
8393,Customer 08393,Enterprise,North,2026-03-23,5,4494.63,57.1
8394,Customer 08394,Enterprise,East,2026-08-20,7,6933.1,61.7
8395,Customer 08395,Consumer,West,2026-08-28,1,16119.94,90.7
8396,Customer 08396,Consumer,East,2026-04-20,5,4845.57,73.2
8397,Customer 08397,Consumer,South,2026-09-15,8,42689.27,47.3
8398,Customer 08398,Consumer,West,2026-09-19,7,63712.04,50.6
8399,Customer 08399,Enterprise,Central,2026-09-16,8,16018.050000000001,70.2
8400,Customer 08400,Consumer,North,2026-04-03,6,5910.22,40.2
8401,Customer 08401,Consumer,East,2026-05-11,6,11026.94,38.6
8402,Customer 08402,SMB,Central,2026-07-24,7,14655.73,55.9
8403,Customer 08403,Consumer,South,2026-05-08,4,13884.31,57.9
8404,Customer 08404,Consumer,North,2026-09-29,8,119107.08,44.6
8405,Customer 08405,Consumer,West,2026-09-27,8,46106.7,64.4
8406,Customer 08406,Consumer,West,2026-05-13,5,11932.86,54.2
8407,Customer 08407,Consumer,East,2026-04-28,7,16157.53,53.5
8408,Customer 08408,Consumer,East,2026-04-25,8,13571.0,36.0
8409,Customer 08409,SMB,North,2026-08-07,6,7821.54,38.4
8410,Customer 08410,Consumer,Central,2026-04-13,5,18930.45,70.8
8411,Customer 08411,Consumer,East,2026-05-23,5,20612.07,49.8
8412,Customer 08412,SMB,North,2026-03-17,3,17290.02,83.7
8413,Customer 08413,SMB,Central,2026-08-17,8,15132.31,35.2
8414,Customer 08414,SMB,East,2026-07-16,8,14873.44,49.5
8415,Customer 08415,SMB,South,2026-05-28,2,24014.9,77.4
8416,Customer 08416,Consumer,North,2026-06-16,7,5702.62,40.1
8417,Customer 08417,SMB,East,2026-03-14,8,9898.24,47.0
8418,Customer 08418,Consumer,East,2026-03-17,7,12392.27,49.2
8419,Customer 08419,Consumer,South,2026-04-20,8,8745.48,57.4
8420,Customer 08420,Consumer,Central,2026-09-21,9,124411.84,47.3
8421,Customer 08421,SMB,Central,2026-09-30,8,19549.79,61.9
8422,Customer 08422,Consumer,Central,2026-03-08,4,5388.51,70.5
8423,Customer 08423,Consumer,South,2026-05-14,12,6050.68,10.9
8424,Customer 08424,SMB,Central,2026-09-15,5,14378.130000000001,73.6
8425,Customer 08425,Consumer,South,2026-04-01,3,30045.51,83.6
8426,Customer 08426,Enterprise,South,2026-06-19,4,4226.63,77.0
8427,Customer 08427,Consumer,East,2026-07-19,8,33559.36,43.3
8428,Customer 08428,SMB,Central,2026-08-15,6,8841.52,44.3
8429,Customer 08429,Consumer,South,2026-07-05,8,10068.56,54.3
8430,Customer 08430,SMB,North,2026-08-03,4,29405.64,73.1
8431,Customer 08431,Consumer,Central,2026-06-15,7,8430.49,35.4
8432,Customer 08432,Consumer,East,2026-09-21,8,84280.9,46.6
8433,Customer 08433,Consumer,West,2026-05-18,4,40850.53,85.3
8434,Customer 08434,Consumer,East,2026-06-08,7,5889.15,87.5
8435,Customer 08435,Consumer,East,2026-07-16,7,10961.11,52.1
8436,Customer 08436,Consumer,East,2026-04-04,3,4551.5,88.3
8437,Customer 08437,Consumer,Central,2026-08-20,4,13762.12,80.0
8438,Customer 08438,Consumer,South,2026-05-17,9,5165.57,53.2
8439,Customer 08439,Consumer,North,2026-07-21,3,13530.76,72.8
8440,Customer 08440,Consumer,Central,2026-07-12,4,17366.14,54.2
8441,Customer 08441,SMB,West,2026-09-03,8,19994.43,33.4
8442,Customer 08442,Consumer,East,2026-08-10,9,6959.48,40.1
8443,Customer 08443,Consumer,South,2026-08-16,9,8563.39,39.2
8444,Customer 08444,SMB,East,2026-05-02,6,6594.1,51.5
8445,Customer 08445,Consumer,South,2026-07-29,2,20411.11,90.9
8446,Customer 08446,Consumer,East,2026-07-23,6,10861.06,73.5
8447,Customer 08447,SMB,North,2026-08-04,2,4416.7,85.5
8448,Customer 08448,Enterprise,West,2026-06-02,10,5196.62,37.3
8449,Customer 08449,Consumer,West,2026-09-14,4,29548.690000000002,70.2
8450,Customer 08450,SMB,West,2026-03-13,3,11787.84,64.3
8451,Customer 08451,Consumer,South,2026-09-05,9,61889.979999999996,41.6
8452,Customer 08452,Consumer,Central,2026-09-17,3,19608.27,100.0
8453,Customer 08453,SMB,South,2026-08-05,4,24695.85,52.5
8454,Customer 08454,SMB,West,2026-07-26,7,3668.68,59.9
8455,Customer 08455,SMB,South,2026-09-12,8,42565.17,65.9
8456,Customer 08456,Consumer,West,2026-03-22,5,8602.87,56.4
8457,Customer 08457,Consumer,Central,2026-08-28,3,4609.25,77.7
8458,Customer 08458,Consumer,South,2026-05-07,6,5185.46,46.6
8459,Customer 08459,SMB,East,2026-08-02,8,7887.4,37.5
8460,Customer 08460,SMB,North,2026-04-04,5,23515.47,74.8
8461,Customer 08461,Consumer,Central,2026-03-23,5,3619.51,68.9
8462,Customer 08462,Consumer,West,2026-08-04,8,19207.5,28.5
8463,Customer 08463,Enterprise,Central,2026-07-20,11,6773.33,23.5
8464,Customer 08464,SMB,South,2026-08-08,8,6871.42,20.1
8465,Customer 08465,Consumer,North,2026-06-23,7,7270.96,54.9
8466,Customer 08466,SMB,North,2026-08-21,8,15134.64,66.1
8467,Customer 08467,SMB,North,2026-08-05,9,8777.42,46.7
8468,Customer 08468,Consumer,Central,2026-09-02,7,427848.87000000005,42.6
8469,Customer 08469,SMB,South,2026-03-28,5,10126.16,58.2
8470,Customer 08470,Enterprise,West,2026-09-21,6,29218.57,67.4
8471,Customer 08471,Consumer,Central,2026-05-11,6,7562.29,76.0
8472,Customer 08472,Consumer,Central,2026-09-15,8,39279.04,53.9
8473,Customer 08473,Consumer,South,2026-03-17,7,14413.26,40.2
8474,Customer 08474,Consumer,East,2026-08-03,11,46443.08,21.9
8475,Customer 08475,Consumer,South,2026-09-11,10,49941.899999999994,33.8
8476,Customer 08476,Consumer,North,2026-09-24,9,77335.7,43.9
8477,Customer 08477,Consumer,West,2026-05-19,7,16328.57,33.3
8478,Customer 08478,Consumer,North,2026-05-06,8,31346.22,46.7
8479,Customer 08479,Consumer,West,2026-05-10,11,17903.67,20.1
8480,Customer 08480,Consumer,South,2026-09-28,5,28814.82,79.6
8481,Customer 08481,Consumer,Central,2026-09-08,4,33513.57,76.1
8482,Customer 08482,SMB,South,2026-06-12,10,15395.04,37.4
8483,Customer 08483,Consumer,Central,2026-09-26,6,11295.79,77.4
8484,Customer 08484,Consumer,Central,2026-09-16,6,26840.39,76.2
8485,Customer 08485,SMB,Central,2026-08-15,7,46073.79,60.2
8486,Customer 08486,SMB,West,2026-08-17,4,15882.8,74.9
8487,Customer 08487,Consumer,East,2026-06-29,4,8281.56,68.1
8488,Customer 08488,Consumer,Central,2026-09-24,6,35957.32,71.1
8489,Customer 08489,Consumer,Central,2026-08-31,6,13188.37,41.2
8490,Customer 08490,SMB,Central,2026-05-03,6,5118.8,68.6
8491,Customer 08491,Consumer,Central,2026-09-22,7,71267.54,52.4
8492,Customer 08492,Consumer,Central,2026-06-08,4,11230.32,59.7
8493,Customer 08493,Consumer,West,2026-07-20,6,2013.57,35.1
8494,Customer 08494,Consumer,West,2026-07-24,8,15283.17,38.8
8495,Customer 08495,Consumer,East,2026-03-11,7,13862.78,73.8
8496,Customer 08496,Consumer,East,2026-06-10,7,19713.35,56.7
8497,Customer 08497,SMB,Central,2026-05-14,5,15891.87,73.2
8498,Customer 08498,SMB,Central,2026-07-24,2,10315.24,85.5
8499,Customer 08499,Consumer,South,2026-08-27,7,11189.81,64.1
8500,Customer 08500,Consumer,West,2026-09-25,4,37981.090000000004,83.6
8501,Customer 08501,SMB,North,2026-07-14,5,4368.05,63.5
8502,Customer 08502,Enterprise,South,2026-08-12,7,13996.12,57.9
8503,Customer 08503,Consumer,South,2026-05-28,7,36222.82,50.4
8504,Customer 08504,Consumer,North,2026-05-29,8,18527.23,42.2
8505,Customer 08505,Consumer,South,2026-09-29,11,96334.08,30.2
8506,Customer 08506,SMB,West,2026-03-09,9,43348.14,44.8
8507,Customer 08507,SMB,East,2026-06-07,6,4358.3,54.2
8508,Customer 08508,Consumer,West,2026-09-13,6,246683.62,42.4
8509,Customer 08509,Consumer,South,2026-07-30,7,23823.82,21.1
8510,Customer 08510,SMB,East,2026-09-13,8,6620.120000000001,35.1
8511,Customer 08511,Consumer,South,2026-04-08,7,33446.15,73.8
8512,Customer 08512,Consumer,Central,2026-09-12,8,25577.85,58.7
8513,Customer 08513,Consumer,South,2026-09-23,10,20096.68,35.4
8514,Customer 08514,SMB,North,2026-09-18,8,20650.73,45.2
8515,Customer 08515,SMB,East,2026-05-13,4,12856.81,51.3
8516,Customer 08516,SMB,South,2026-06-14,6,6783.16,58.2
8517,Customer 08517,SMB,East,2026-08-24,3,21153.74,79.2
8518,Customer 08518,Consumer,Central,2026-09-20,4,11690.03,64.5
8519,Customer 08519,Consumer,Central,2026-09-01,5,79212.06,73.2
8520,Customer 08520,Consumer,North,2026-09-01,9,28762.94,54.9
8521,Customer 08521,SMB,Central,2026-05-15,7,5164.11,74.7
8522,Customer 08522,SMB,North,2026-06-01,6,2351.22,49.8
8523,Customer 08523,Consumer,Central,2026-09-18,11,32617.35,30.0
8524,Customer 08524,Consumer,Central,2026-06-13,8,28523.38,36.0
8525,Customer 08525,Consumer,West,2026-07-26,4,9833.06,66.8
8526,Customer 08526,Enterprise,North,2026-03-11,8,3066.61,50.5
8527,Customer 08527,Consumer,South,2026-04-29,6,2815.55,51.3
8528,Customer 08528,SMB,East,2026-07-15,9,7960.65,25.6
8529,Customer 08529,Consumer,West,2026-09-15,4,133237.12,85.1
8530,Customer 08530,Enterprise,North,2026-08-15,3,7215.42,94.5
8531,Customer 08531,Consumer,North,2026-08-30,7,1346.19,59.6
8532,Customer 08532,Consumer,East,2026-08-21,7,14172.19,32.1
8533,Customer 08533,Consumer,South,2026-06-06,7,15879.41,45.3
8534,Customer 08534,SMB,South,2026-08-18,2,5143.38,82.3
8535,Customer 08535,Consumer,Central,2026-05-19,5,14583.31,82.1
8536,Customer 08536,Enterprise,West,2026-09-20,7,61971.02,46.7
8537,Customer 08537,Consumer,East,2026-04-17,5,6104.79,57.2
8538,Customer 08538,Enterprise,South,2026-08-23,8,24322.92,28.3
8539,Customer 08539,SMB,West,2026-05-15,5,6635.38,58.6
8540,Customer 08540,Consumer,East,2026-05-25,5,15163.31,67.1
8541,Customer 08541,Consumer,West,2026-07-23,6,5542.71,53.2
8542,Customer 08542,Consumer,West,2026-04-28,4,1338.4,59.5
8543,Customer 08543,Consumer,West,2026-08-27,4,25103.65,74.5
8544,Customer 08544,Consumer,West,2026-08-15,2,10511.11,62.7
8545,Customer 08545,Consumer,East,2026-07-14,6,8067.28,63.1
8546,Customer 08546,Consumer,North,2026-09-22,6,32884.090000000004,78.2
8547,Customer 08547,SMB,East,2026-09-02,6,544524.86,59.0
8548,Customer 08548,Consumer,South,2026-09-07,9,83643.04000000001,33.5
8549,Customer 08549,SMB,South,2026-07-12,5,19159.91,82.7
8550,Customer 08550,Consumer,North,2026-09-18,6,30500.65,86.2
8551,Customer 08551,SMB,North,2026-09-25,6,22952.08,62.5
8552,Customer 08552,Consumer,North,2026-08-29,5,3058.65,72.9
8553,Customer 08553,Consumer,Central,2026-06-05,8,10061.56,50.3
8554,Customer 08554,Consumer,West,2026-09-20,5,35608.91,83.2
8555,Customer 08555,Consumer,East,2026-09-05,9,20907.89,40.4
8556,Customer 08556,Consumer,North,2026-08-16,6,8662.98,48.3
8557,Customer 08557,SMB,West,2026-09-19,6,22149.16,64.1
8558,Customer 08558,Consumer,South,2026-07-24,7,2336.12,63.1
8559,Customer 08559,SMB,East,2026-03-13,6,21875.18,73.9
8560,Customer 08560,Consumer,East,2026-09-03,12,7631.67,20.0
8561,Customer 08561,SMB,South,2026-03-29,5,24392.4,66.0
8562,Customer 08562,SMB,Central,2026-09-22,7,530280.8,59.8
8563,Customer 08563,SMB,East,2026-08-28,10,18225.97,45.1
8564,Customer 08564,Consumer,South,2026-09-24,5,130922.23000000001,95.2
8565,Customer 08565,Enterprise,West,2026-09-16,7,69310.92,65.4
8566,Customer 08566,Consumer,West,2026-05-01,4,56521.71,58.9
8567,Customer 08567,Consumer,North,2026-07-24,7,22347.13,52.8
8568,Customer 08568,Consumer,West,2026-09-15,4,613080.36,48.2
8569,Customer 08569,Consumer,South,2026-06-14,6,19759.11,43.0
8570,Customer 08570,Consumer,North,2026-03-29,4,11913.56,70.9
8571,Customer 08571,Consumer,South,2026-05-26,1,8574.77,87.4
8572,Customer 08572,Consumer,East,2026-09-27,7,157840.25,52.9
8573,Customer 08573,SMB,Central,2026-05-01,9,32715.76,43.4
8574,Customer 08574,Consumer,Central,2026-03-12,6,12861.07,48.4
8575,Customer 08575,SMB,West,2026-07-02,6,15841.47,42.8
8576,Customer 08576,Consumer,South,2026-08-20,4,28709.64,60.0
8577,Customer 08577,Consumer,South,2026-04-27,6,6677.08,70.5
8578,Customer 08578,Consumer,North,2026-08-12,8,6462.26,43.4
8579,Customer 08579,Consumer,East,2026-06-07,11,6517.3,17.9
8580,Customer 08580,SMB,West,2026-08-21,6,5444.75,59.4
8581,Customer 08581,SMB,East,2026-09-16,5,32990.11,77.7
8582,Customer 08582,Consumer,East,2026-09-06,8,25356.510000000002,59.6
8583,Customer 08583,Enterprise,Central,2026-03-18,7,15754.13,35.4
8584,Customer 08584,Consumer,North,2026-04-22,4,12181.73,70.3
8585,Customer 08585,Consumer,Central,2026-09-23,10,248813.39,34.4
8586,Customer 08586,Consumer,West,2026-07-31,8,4944.05,35.4
8587,Customer 08587,Enterprise,West,2026-08-23,9,4351.99,39.3
8588,Customer 08588,Consumer,North,2026-03-26,7,12482.96,43.2
8589,Customer 08589,Consumer,Central,2026-07-06,3,10191.08,87.1
8590,Customer 08590,Consumer,South,2026-09-19,8,34955.53,38.5
8591,Customer 08591,Consumer,East,2026-09-04,6,34901.17,72.7
8592,Customer 08592,SMB,West,2026-08-11,5,16874.47,57.4
8593,Customer 08593,Consumer,West,2026-06-06,7,12930.13,42.4
8594,Customer 08594,Consumer,West,2026-09-18,7,236547.08,44.2
8595,Customer 08595,Consumer,East,2026-09-18,8,40437.45,69.7
8596,Customer 08596,SMB,North,2026-05-31,9,8960.66,4.5
8597,Customer 08597,SMB,South,2026-05-02,6,4000.25,45.9
8598,Customer 08598,Consumer,South,2026-05-31,3,12302.83,87.7
8599,Customer 08599,Consumer,West,2026-09-08,6,43629.369999999995,72.3
8600,Customer 08600,Consumer,West,2026-07-23,1,24221.72,100.0
8601,Customer 08601,SMB,East,2026-07-04,9,3702.13,35.2
8602,Customer 08602,Consumer,Central,2026-04-02,7,1219.64,67.7
8603,Customer 08603,Consumer,North,2026-09-07,4,86137.23999999999,72.0
8604,Customer 08604,Enterprise,Central,2026-09-15,10,7101.09,35.7
8605,Customer 08605,Consumer,Central,2026-09-01,8,27948.63,50.8
8606,Customer 08606,Consumer,North,2026-05-17,7,25607.2,44.1
8607,Customer 08607,Consumer,North,2026-05-11,7,11210.45,62.5
8608,Customer 08608,Consumer,Central,2026-05-21,7,7277.12,33.8
8609,Customer 08609,SMB,South,2026-07-05,6,16174.66,49.2
8610,Customer 08610,Consumer,East,2026-08-01,3,6890.11,79.4
8611,Customer 08611,Consumer,South,2026-03-28,4,4943.52,68.5
8612,Customer 08612,Consumer,West,2026-05-20,5,11301.3,68.4
8613,Customer 08613,Consumer,Central,2026-05-29,6,4742.96,41.5
8614,Customer 08614,Enterprise,West,2026-06-07,7,3593.55,56.0
8615,Customer 08615,Consumer,Central,2026-03-16,6,14166.21,56.2
8616,Customer 08616,SMB,East,2026-04-17,5,11226.2,78.4
8617,Customer 08617,Consumer,South,2026-07-12,4,4682.87,54.1
8618,Customer 08618,Enterprise,North,2026-06-17,7,11978.99,71.6
8619,Customer 08619,Enterprise,Central,2026-05-06,7,11526.72,47.1
8620,Customer 08620,Consumer,South,2026-03-12,9,13600.75,22.6
8621,Customer 08621,Consumer,North,2026-09-01,4,15877.949999999999,95.8
8622,Customer 08622,Consumer,North,2026-03-21,9,4452.62,18.4
8623,Customer 08623,Enterprise,Central,2026-09-23,8,26810.579999999998,41.9
8624,Customer 08624,SMB,West,2026-08-11,3,9831.95,80.0
8625,Customer 08625,SMB,South,2026-08-25,5,6484.06,83.8
8626,Customer 08626,Consumer,East,2026-09-23,11,67695.62,20.9
8627,Customer 08627,Consumer,North,2026-03-25,6,26324.1,48.9
8628,Customer 08628,SMB,South,2026-09-13,9,38859.54,54.5
8629,Customer 08629,SMB,North,2026-07-15,5,29856.27,65.4
8630,Customer 08630,Consumer,North,2026-09-08,4,11303.54,89.6
8631,Customer 08631,Consumer,South,2026-04-01,3,16362.76,77.6
8632,Customer 08632,Consumer,North,2026-03-28,3,13548.45,81.5
8633,Customer 08633,Consumer,West,2026-04-16,4,18706.81,87.5
8634,Customer 08634,Consumer,West,2026-09-13,4,44808.26,87.2
8635,Customer 08635,Consumer,North,2026-08-06,9,4616.25,31.2
8636,Customer 08636,Consumer,South,2026-06-18,6,16856.43,87.3
8637,Customer 08637,SMB,East,2026-04-28,3,4309.27,87.7
8638,Customer 08638,Consumer,North,2026-05-17,4,7819.27,71.0
8639,Customer 08639,SMB,Central,2026-06-24,4,5890.44,73.5
8640,Customer 08640,Consumer,North,2026-09-26,7,14061.32,50.9
8641,Customer 08641,Consumer,South,2026-05-27,4,9884.62,63.7
8642,Customer 08642,SMB,East,2026-09-11,8,22773.14,63.5
8643,Customer 08643,Consumer,South,2026-03-24,6,10467.03,74.2
8644,Customer 08644,SMB,West,2026-06-11,3,8731.87,81.5
8645,Customer 08645,Consumer,East,2026-09-09,10,42504.61,41.8
8646,Customer 08646,Enterprise,West,2026-04-16,9,9138.06,20.2
8647,Customer 08647,Consumer,North,2026-07-16,8,4576.36,23.1
8648,Customer 08648,Consumer,South,2026-04-17,5,13488.4,57.7
8649,Customer 08649,SMB,West,2026-03-22,3,9846.1,79.5
8650,Customer 08650,SMB,West,2026-06-30,12,11270.29,14.0
8651,Customer 08651,Consumer,East,2026-04-22,4,17381.82,55.3
8652,Customer 08652,Enterprise,West,2026-04-29,6,10869.45,64.0
8653,Customer 08653,Enterprise,East,2026-09-29,5,56279.17,75.8
8654,Customer 08654,Consumer,West,2026-05-08,12,2245.31,0.0
8655,Customer 08655,Consumer,North,2026-05-06,9,11861.15,20.7
8656,Customer 08656,Consumer,West,2026-08-06,4,5097.48,71.5
8657,Customer 08657,Consumer,North,2026-04-30,7,18532.96,46.5
8658,Customer 08658,SMB,East,2026-07-26,4,3276.0,49.7
8659,Customer 08659,SMB,North,2026-08-10,2,7246.74,80.5
8660,Customer 08660,Enterprise,South,2026-04-16,9,17610.87,47.3
8661,Customer 08661,Consumer,North,2026-04-13,4,11685.29,74.0
8662,Customer 08662,Consumer,West,2026-09-12,5,9690.17,69.5
8663,Customer 08663,Consumer,Central,2026-05-11,6,16574.25,53.5
8664,Customer 08664,Consumer,South,2026-08-31,9,12038.76,38.0
8665,Customer 08665,Consumer,North,2026-09-18,10,26477.77,26.8
8666,Customer 08666,Consumer,Central,2026-09-11,12,73388.05,23.9
8667,Customer 08667,Enterprise,East,2026-09-09,4,21850.16,91.2
8668,Customer 08668,Consumer,West,2026-07-05,8,33913.41,46.4
8669,Customer 08669,Enterprise,West,2026-07-27,5,4061.73,62.6
8670,Customer 08670,SMB,East,2026-06-06,5,22273.63,62.5
8671,Customer 08671,Enterprise,North,2026-09-28,9,95628.59000000001,61.7
8672,Customer 08672,Enterprise,North,2026-05-08,8,2165.58,46.3
8673,Customer 08673,Consumer,East,2026-09-29,9,16740.76,54.0
8674,Customer 08674,Consumer,Central,2026-07-10,4,7154.68,83.1
8675,Customer 08675,Consumer,North,2026-07-23,9,8390.98,30.9
8676,Customer 08676,Consumer,East,2026-07-15,6,2829.01,53.3
8677,Customer 08677,Enterprise,West,2026-03-07,7,17540.68,70.3
8678,Customer 08678,Consumer,South,2026-09-19,7,26678.46,82.9
8679,Customer 08679,Consumer,East,2026-03-28,4,10950.01,57.9
8680,Customer 08680,Enterprise,Central,2026-04-08,5,4137.26,49.6
8681,Customer 08681,Consumer,North,2026-06-05,9,8621.99,50.7
8682,Customer 08682,Consumer,Central,2026-09-22,9,29319.23,17.3
8683,Customer 08683,Consumer,East,2026-04-08,8,12743.61,35.2
8684,Customer 08684,Consumer,East,2026-09-19,8,26267.75,39.2
8685,Customer 08685,Consumer,East,2026-09-25,9,13227.7,46.8
8686,Customer 08686,SMB,South,2026-08-23,6,5367.55,67.2
8687,Customer 08687,Enterprise,North,2026-04-11,9,8319.43,20.9
8688,Customer 08688,Consumer,West,2026-06-22,8,7191.66,48.9
8689,Customer 08689,Consumer,North,2026-05-03,5,8388.23,76.6
8690,Customer 08690,Consumer,West,2026-06-26,10,24405.38,26.7
8691,Customer 08691,Consumer,Central,2026-05-17,7,10010.82,58.2
8692,Customer 08692,Consumer,East,2026-06-29,4,14020.93,59.3
8693,Customer 08693,Consumer,South,2026-09-20,6,167814.86000000002,87.3
8694,Customer 08694,Consumer,Central,2026-08-01,4,4753.59,72.8
8695,Customer 08695,Consumer,South,2026-08-14,5,6841.66,69.0
8696,Customer 08696,Consumer,South,2026-09-22,9,217103.84,77.3
8697,Customer 08697,Enterprise,Central,2026-09-24,5,56226.33,56.7
8698,Customer 08698,Consumer,West,2026-08-27,7,27718.87,71.6
8699,Customer 08699,Consumer,West,2026-09-06,6,72922.17,76.1
8700,Customer 08700,Consumer,South,2026-07-30,3,4180.79,72.8
8701,Customer 08701,SMB,East,2026-05-21,4,6488.29,77.0
8702,Customer 08702,Consumer,North,2026-05-30,11,15635.33,16.1
8703,Customer 08703,SMB,Central,2026-03-15,2,3901.35,89.3
8704,Customer 08704,Consumer,North,2026-09-24,7,13783.49,54.4
8705,Customer 08705,SMB,West,2026-04-24,10,35879.34,19.8
8706,Customer 08706,Consumer,West,2026-08-27,5,26427.31,52.7
8707,Customer 08707,SMB,East,2026-03-06,5,7352.98,51.5
8708,Customer 08708,Enterprise,South,2026-03-08,5,5291.92,57.1
8709,Customer 08709,Consumer,South,2026-09-04,6,46853.619999999995,53.4
8710,Customer 08710,Enterprise,Central,2026-07-10,7,10823.11,45.8
8711,Customer 08711,Consumer,North,2026-04-12,4,6611.08,68.1
8712,Customer 08712,Consumer,South,2026-09-08,10,37686.93,44.6
8713,Customer 08713,Consumer,West,2026-07-11,7,6698.09,42.0
8714,Customer 08714,SMB,South,2026-08-02,3,47007.33,65.6
8715,Customer 08715,Consumer,Central,2026-09-24,7,67242.31999999999,46.8
8716,Customer 08716,Consumer,West,2026-09-22,5,27627.13,61.6
8717,Customer 08717,Consumer,Central,2026-06-18,6,15888.59,54.4
8718,Customer 08718,Consumer,East,2026-03-14,4,7811.53,93.3
8719,Customer 08719,Enterprise,North,2026-09-05,7,26722.190000000002,53.9
8720,Customer 08720,Consumer,West,2026-04-10,5,5423.74,55.1
8721,Customer 08721,Consumer,West,2026-09-21,10,37350.68,24.9
8722,Customer 08722,Consumer,East,2026-09-29,5,85016.04000000001,78.9
8723,Customer 08723,Consumer,Central,2026-08-30,5,29727.88,89.4
8724,Customer 08724,Consumer,South,2026-09-23,7,101997.43000000001,81.4
8725,Customer 08725,SMB,South,2026-08-30,9,31851.36,37.0
8726,Customer 08726,SMB,West,2026-06-01,4,6826.26,83.1
8727,Customer 08727,Consumer,Central,2026-05-22,4,33795.34,82.7
8728,Customer 08728,SMB,West,2026-07-03,9,6042.22,38.7
8729,Customer 08729,Consumer,East,2026-09-30,7,27940.91,43.4
8730,Customer 08730,SMB,Central,2026-07-09,4,15039.22,61.5
8731,Customer 08731,Consumer,West,2026-09-18,5,564582.54,83.0
8732,Customer 08732,Consumer,West,2026-04-07,4,15721.19,85.2
8733,Customer 08733,SMB,South,2026-09-02,7,85204.1,50.5
8734,Customer 08734,SMB,West,2026-05-27,7,7029.93,56.6
8735,Customer 08735,Consumer,West,2026-05-21,3,2909.2,93.3
8736,Customer 08736,Consumer,West,2026-04-14,6,11439.11,47.6
8737,Customer 08737,Consumer,West,2026-06-26,5,3033.47,48.6
8738,Customer 08738,Consumer,East,2026-08-29,7,41917.09,58.3
8739,Customer 08739,Consumer,East,2026-07-04,6,8297.27,59.6
8740,Customer 08740,Consumer,West,2026-03-05,4,4457.31,64.0
8741,Customer 08741,SMB,Central,2026-07-10,4,14430.53,78.4
8742,Customer 08742,Consumer,South,2026-06-21,3,7880.19,93.5
8743,Customer 08743,Consumer,East,2026-03-26,3,4260.93,74.6
8744,Customer 08744,Consumer,North,2026-08-30,4,6400.74,70.1
8745,Customer 08745,SMB,South,2026-06-21,6,6348.54,71.2
8746,Customer 08746,SMB,North,2026-05-23,6,9302.45,69.7
8747,Customer 08747,Consumer,Central,2026-09-09,9,94363.54,60.4
8748,Customer 08748,Enterprise,North,2026-09-16,7,47307.5,59.3
8749,Customer 08749,Consumer,West,2026-03-19,9,14623.1,16.5
8750,Customer 08750,Enterprise,Central,2026-09-22,6,448241.26,69.2
8751,Customer 08751,Consumer,North,2026-05-12,5,4089.48,70.9
8752,Customer 08752,Consumer,Central,2026-05-08,5,11032.16,62.1
8753,Customer 08753,Enterprise,West,2026-06-04,7,7831.97,58.4
8754,Customer 08754,SMB,North,2026-09-06,11,43614.43,21.3
8755,Customer 08755,Consumer,West,2026-09-04,9,12754.75,35.0
8756,Customer 08756,Consumer,West,2026-04-29,2,10963.27,84.1
8757,Customer 08757,Consumer,South,2026-03-17,3,16178.01,89.5
8758,Customer 08758,Consumer,East,2026-03-14,9,28721.7,40.7
8759,Customer 08759,Consumer,West,2026-05-30,4,26531.02,67.5
8760,Customer 08760,Consumer,East,2026-07-22,9,8534.83,33.0
8761,Customer 08761,Consumer,East,2026-09-01,4,148129.78999999998,75.6
8762,Customer 08762,Consumer,West,2026-05-06,6,16245.27,62.8
8763,Customer 08763,SMB,West,2026-09-09,6,22267.79,69.2
8764,Customer 08764,Consumer,Central,2026-09-19,8,117304.78,59.2
8765,Customer 08765,Consumer,North,2026-09-10,8,50615.99,64.0
8766,Customer 08766,Consumer,East,2026-09-09,4,57599.71,85.2
8767,Customer 08767,Consumer,East,2026-05-10,5,14409.94,68.6
8768,Customer 08768,SMB,East,2026-04-20,7,10734.49,81.1
8769,Customer 08769,Consumer,Central,2026-05-23,3,6394.21,75.6
8770,Customer 08770,SMB,Central,2026-09-26,9,35485.73,38.4
8771,Customer 08771,Consumer,East,2026-03-10,7,4899.11,55.4
8772,Customer 08772,Consumer,North,2026-08-05,5,6013.78,66.0
8773,Customer 08773,Consumer,West,2026-09-26,5,20354.36,74.0
8774,Customer 08774,Consumer,West,2026-06-11,3,15696.5,86.1
8775,Customer 08775,Consumer,North,2026-08-30,7,2884.83,53.8
8776,Customer 08776,Consumer,East,2026-03-11,3,13604.65,73.3
8777,Customer 08777,Consumer,North,2026-06-07,3,3562.87,70.9
8778,Customer 08778,Consumer,Central,2026-06-24,6,8353.55,55.1
8779,Customer 08779,Consumer,East,2026-05-22,9,11251.99,44.3
8780,Customer 08780,Consumer,West,2026-03-09,5,13261.75,62.4
8781,Customer 08781,Consumer,North,2026-05-14,3,29016.42,73.4
8782,Customer 08782,Consumer,Central,2026-04-18,5,10947.35,67.0
8783,Customer 08783,SMB,East,2026-03-07,10,4941.94,33.3
8784,Customer 08784,Consumer,West,2026-07-17,9,7716.44,40.8
8785,Customer 08785,Enterprise,East,2026-04-05,8,8808.8,37.6
8786,Customer 08786,Consumer,East,2026-04-10,6,4140.48,54.4
8787,Customer 08787,Consumer,West,2026-09-28,12,30677.95,23.7
8788,Customer 08788,Enterprise,South,2026-07-20,4,7383.53,74.8
8789,Customer 08789,Consumer,South,2026-03-10,6,22211.3,57.6
8790,Customer 08790,SMB,North,2026-07-17,6,20451.37,64.1
8791,Customer 08791,Consumer,East,2026-07-08,2,31910.74,85.2
8792,Customer 08792,Consumer,South,2026-08-03,6,2015.15,55.0
8793,Customer 08793,Consumer,South,2026-09-15,4,40213.71,86.1
8794,Customer 08794,Consumer,South,2026-09-11,8,245216.8,52.7
8795,Customer 08795,SMB,South,2026-05-29,2,3100.2,89.6
8796,Customer 08796,Consumer,West,2026-04-07,7,26208.45,69.8
8797,Customer 08797,Consumer,South,2026-03-16,4,23820.39,86.5
8798,Customer 08798,Consumer,North,2026-05-22,8,30168.98,58.4
8799,Customer 08799,Consumer,East,2026-09-20,10,24848.63,78.0
8800,Customer 08800,Consumer,North,2026-03-21,8,19241.73,58.9
8801,Customer 08801,Consumer,Central,2026-03-08,6,20282.28,61.3
8802,Customer 08802,Consumer,West,2026-08-17,5,7538.56,63.9
8803,Customer 08803,Enterprise,West,2026-09-20,7,246351.21000000002,44.6
8804,Customer 08804,Consumer,East,2026-03-27,3,25069.29,100.0
8805,Customer 08805,Consumer,Central,2026-07-10,10,7249.85,37.0
8806,Customer 08806,Consumer,South,2026-07-09,3,29401.7,52.9
8807,Customer 08807,Enterprise,Central,2026-08-23,6,36184.73,56.7
8808,Customer 08808,SMB,South,2026-09-07,8,25011.7,43.9
8809,Customer 08809,Consumer,Central,2026-09-11,4,97320.93,70.6
8810,Customer 08810,Consumer,East,2026-07-13,5,5082.0,59.7
8811,Customer 08811,Consumer,South,2026-06-21,7,5793.72,54.5
8812,Customer 08812,Consumer,East,2026-09-25,6,510043.91000000003,65.7
8813,Customer 08813,Consumer,North,2026-04-11,3,11829.8,90.0
8814,Customer 08814,Consumer,South,2026-09-06,8,23513.04,48.3
8815,Customer 08815,Consumer,South,2026-08-11,5,9940.42,44.3
8816,Customer 08816,Consumer,West,2026-09-12,10,28597.690000000002,31.9
8817,Customer 08817,SMB,West,2026-09-20,8,35697.19,49.6
8818,Customer 08818,Enterprise,West,2026-09-29,8,12415.46,49.0
8819,Customer 08819,Consumer,Central,2026-05-03,6,38916.41,59.2
8820,Customer 08820,SMB,North,2026-05-22,10,16103.41,33.8
8821,Customer 08821,SMB,East,2026-04-14,6,17813.54,63.6
8822,Customer 08822,Enterprise,Central,2026-09-29,14,155430.5,0.0
8823,Customer 08823,Consumer,North,2026-03-08,6,6026.87,59.6
8824,Customer 08824,Consumer,North,2026-04-27,8,10948.49,66.9
8825,Customer 08825,Consumer,West,2026-03-19,3,4257.4,95.2
8826,Customer 08826,Consumer,North,2026-07-22,4,29200.15,78.1
8827,Customer 08827,Consumer,South,2026-08-22,5,4360.83,73.3
8828,Customer 08828,SMB,North,2026-09-18,11,6939.05,8.6
8829,Customer 08829,Consumer,West,2026-09-03,5,32135.67,90.0
8830,Customer 08830,Consumer,West,2026-08-24,5,11944.4,50.4
8831,Customer 08831,SMB,Central,2026-07-24,5,3743.84,62.1
8832,Customer 08832,Consumer,South,2026-03-09,5,5402.44,68.0
8833,Customer 08833,Consumer,South,2026-05-06,3,11492.46,65.8
8834,Customer 08834,Consumer,North,2026-09-24,6,6384.139999999999,70.8
8835,Customer 08835,Consumer,East,2026-09-18,7,19718.300000000003,40.6
8836,Customer 08836,Consumer,North,2026-03-08,5,8384.6,69.7
8837,Customer 08837,Consumer,Central,2026-09-08,3,15792.880000000001,100.0
8838,Customer 08838,Enterprise,West,2026-07-07,6,4447.18,53.7
8839,Customer 08839,Consumer,South,2026-08-02,7,19851.78,42.1
8840,Customer 08840,Consumer,Central,2026-09-21,9,48867.079999999994,47.1
8841,Customer 08841,SMB,South,2026-09-29,6,6835.5,60.5
8842,Customer 08842,Consumer,South,2026-07-06,4,23768.77,73.5
8843,Customer 08843,Consumer,East,2026-03-19,8,7386.11,47.7
8844,Customer 08844,Consumer,South,2026-09-03,7,14263.26,62.5
8845,Customer 08845,Consumer,North,2026-09-10,8,18743.18,44.7
8846,Customer 08846,Consumer,West,2026-05-08,9,8451.05,57.4
8847,Customer 08847,Consumer,North,2026-09-26,7,66607.43000000001,77.6
8848,Customer 08848,Consumer,West,2026-06-15,8,5389.16,46.6
8849,Customer 08849,Consumer,West,2026-05-07,5,13737.19,50.1
8850,Customer 08850,Consumer,West,2026-05-17,10,14769.45,20.1
8851,Customer 08851,Consumer,West,2026-04-04,4,48953.69,59.4
8852,Customer 08852,Consumer,North,2026-09-22,7,110178.54000000001,61.7
8853,Customer 08853,Consumer,North,2026-09-02,11,40034.7,28.6
8854,Customer 08854,SMB,North,2026-03-12,4,17498.17,61.4
8855,Customer 08855,Consumer,East,2026-03-11,6,20984.49,58.2
8856,Customer 08856,Consumer,South,2026-04-08,6,16903.41,37.1
8857,Customer 08857,SMB,South,2026-04-07,7,5421.59,61.3
8858,Customer 08858,Consumer,South,2026-05-30,4,9449.12,55.1
8859,Customer 08859,SMB,West,2026-06-01,6,10072.33,56.4
8860,Customer 08860,Consumer,West,2026-08-07,5,17790.42,80.6
8861,Customer 08861,Consumer,West,2026-09-20,10,138762.21,53.1
8862,Customer 08862,SMB,South,2026-03-25,10,30427.72,22.5
8863,Customer 08863,Consumer,South,2026-09-24,9,113571.2,35.9
8864,Customer 08864,Consumer,East,2026-05-28,4,4252.23,58.8
8865,Customer 08865,Consumer,South,2026-06-28,7,20416.99,41.6
8866,Customer 08866,Consumer,East,2026-09-27,7,14725.119999999999,51.1
8867,Customer 08867,Consumer,Central,2026-07-11,5,17409.67,76.1
8868,Customer 08868,Consumer,North,2026-03-18,7,4733.48,58.1
8869,Customer 08869,Enterprise,East,2026-08-04,7,10186.64,65.3
8870,Customer 08870,Consumer,East,2026-08-23,4,15328.09,74.1
8871,Customer 08871,Consumer,East,2026-06-22,3,2894.82,70.2
8872,Customer 08872,Consumer,East,2026-07-21,2,28107.24,65.4
8873,Customer 08873,Consumer,Central,2026-05-04,8,46476.25,44.0
8874,Customer 08874,Consumer,South,2026-08-28,4,2684.55,63.0
8875,Customer 08875,Consumer,West,2026-05-06,4,7752.64,65.5
8876,Customer 08876,Consumer,South,2026-09-06,7,12104.41,79.8
8877,Customer 08877,Consumer,Central,2026-07-14,4,57400.11,98.5
8878,Customer 08878,Consumer,East,2026-09-14,9,20768.739999999998,34.8
8879,Customer 08879,Consumer,South,2026-07-19,5,9802.3,54.8
8880,Customer 08880,Consumer,North,2026-05-20,5,14007.85,73.4
8881,Customer 08881,SMB,South,2026-07-11,11,9369.74,18.4
8882,Customer 08882,Consumer,South,2026-06-04,7,27195.09,50.4
8883,Customer 08883,Consumer,North,2026-07-04,6,9695.39,65.0
8884,Customer 08884,Consumer,East,2026-08-12,3,13586.72,73.9
8885,Customer 08885,Enterprise,West,2026-09-10,6,26449.510000000002,63.3
8886,Customer 08886,Consumer,North,2026-06-19,6,8835.52,91.5
8887,Customer 08887,Consumer,East,2026-07-29,2,5305.37,77.1
8888,Customer 08888,Consumer,South,2026-04-29,4,11226.17,85.7
8889,Customer 08889,SMB,West,2026-05-16,2,9478.14,89.4
8890,Customer 08890,Consumer,West,2026-07-19,9,34352.88,37.8
8891,Customer 08891,SMB,North,2026-06-11,9,14902.5,28.6
8892,Customer 08892,Consumer,West,2026-09-05,6,74335.68,66.5
8893,Customer 08893,Consumer,South,2026-05-25,3,9775.52,70.9
8894,Customer 08894,Consumer,East,2026-06-22,7,14125.8,43.5
8895,Customer 08895,SMB,North,2026-03-25,6,17202.68,77.6
8896,Customer 08896,Consumer,Central,2026-09-06,4,16121.91,91.3
8897,Customer 08897,SMB,North,2026-06-26,9,7011.38,36.5
8898,Customer 08898,Consumer,East,2026-03-20,3,54528.67,70.4
8899,Customer 08899,Enterprise,East,2026-07-22,6,14590.37,65.2
8900,Customer 08900,Consumer,West,2026-07-12,6,17676.63,54.3
8901,Customer 08901,SMB,North,2026-03-12,5,15142.06,96.4
8902,Customer 08902,Consumer,North,2026-06-21,5,3821.05,69.9
8903,Customer 08903,SMB,Central,2026-06-05,2,5061.26,94.8
8904,Customer 08904,Consumer,Central,2026-05-25,3,8574.83,81.6
8905,Customer 08905,Consumer,West,2026-07-07,5,4983.56,51.9
8906,Customer 08906,Consumer,Central,2026-04-11,7,19546.2,56.3
8907,Customer 08907,SMB,Central,2026-03-10,8,14200.66,44.3
8908,Customer 08908,SMB,Central,2026-08-24,5,7913.95,50.0
8909,Customer 08909,Consumer,Central,2026-05-16,6,63228.66,63.4
8910,Customer 08910,SMB,Central,2026-09-05,9,83480.31,29.7
8911,Customer 08911,Consumer,East,2026-08-26,4,23065.3,84.7
8912,Customer 08912,Consumer,South,2026-03-29,7,26196.94,30.8
8913,Customer 08913,SMB,Central,2026-05-24,10,12337.33,3.8
8914,Customer 08914,Consumer,East,2026-06-29,5,9199.45,47.2
8915,Customer 08915,Consumer,South,2026-09-12,5,19781.27,54.4
8916,Customer 08916,Consumer,East,2026-05-26,6,3127.19,45.7
8917,Customer 08917,SMB,South,2026-07-25,7,11450.62,41.6
8918,Customer 08918,Consumer,South,2026-06-20,7,4780.2,46.2
8919,Customer 08919,SMB,South,2026-04-12,7,10407.21,66.3
8920,Customer 08920,Consumer,East,2026-07-15,7,4957.58,50.3
8921,Customer 08921,SMB,West,2026-04-12,6,7385.36,48.5
8922,Customer 08922,SMB,Central,2026-05-24,7,11780.27,64.1
8923,Customer 08923,SMB,North,2026-05-26,6,17295.61,59.5
8924,Customer 08924,Consumer,East,2026-09-29,7,50381.06,43.1
8925,Customer 08925,Consumer,Central,2026-06-22,9,3810.98,36.6
8926,Customer 08926,SMB,Central,2026-05-25,8,6605.28,30.0
8927,Customer 08927,Consumer,North,2026-07-26,10,15228.1,50.9
8928,Customer 08928,Consumer,West,2026-08-07,8,5074.5,28.5
8929,Customer 08929,Enterprise,South,2026-09-05,4,13916.16,72.5
8930,Customer 08930,SMB,North,2026-08-17,9,5267.74,35.7
8931,Customer 08931,Consumer,South,2026-09-07,5,175470.43999999997,75.5
8932,Customer 08932,Consumer,South,2026-04-11,8,16643.18,43.6
8933,Customer 08933,SMB,South,2026-08-05,5,3446.01,62.9
8934,Customer 08934,Consumer,North,2026-05-16,3,6979.16,69.5
8935,Customer 08935,Consumer,South,2026-04-01,8,33636.88,53.1
8936,Customer 08936,SMB,West,2026-08-31,12,10673.55,12.0
8937,Customer 08937,SMB,Central,2026-04-12,9,9073.78,31.4
8938,Customer 08938,Consumer,East,2026-04-28,5,6933.33,52.7
8939,Customer 08939,Consumer,North,2026-06-15,7,23745.6,46.8
8940,Customer 08940,Enterprise,North,2026-04-19,6,27597.73,65.9
8941,Customer 08941,SMB,East,2026-09-15,9,29317.21,49.4
8942,Customer 08942,SMB,East,2026-08-08,4,2857.34,65.0
8943,Customer 08943,SMB,South,2026-09-21,5,14186.09,87.8
8944,Customer 08944,Enterprise,East,2026-09-18,9,75433.53,48.2
8945,Customer 08945,Consumer,East,2026-03-13,5,13243.08,59.0
8946,Customer 08946,SMB,West,2026-09-23,13,31224.46,37.9
8947,Customer 08947,Enterprise,North,2026-05-05,7,6139.8,80.7
8948,Customer 08948,SMB,West,2026-07-23,7,12019.03,43.8
8949,Customer 08949,SMB,North,2026-08-24,6,13658.73,59.1
8950,Customer 08950,Consumer,West,2026-09-12,9,74727.23999999999,56.2
8951,Customer 08951,SMB,East,2026-05-09,4,10473.25,78.2
8952,Customer 08952,SMB,West,2026-08-05,5,7292.68,70.0
8953,Customer 08953,Consumer,South,2026-06-11,6,4765.34,58.4
8954,Customer 08954,Consumer,South,2026-08-15,10,4699.78,30.4
8955,Customer 08955,SMB,South,2026-09-15,8,238660.96000000002,42.2
8956,Customer 08956,Consumer,West,2026-09-19,9,13541.800000000001,58.3
8957,Customer 08957,Consumer,South,2026-08-31,7,16778.09,38.1
8958,Customer 08958,SMB,North,2026-06-12,9,9662.14,38.9
8959,Customer 08959,Consumer,South,2026-09-27,6,37518.43,73.9
8960,Customer 08960,Consumer,North,2026-09-01,10,32906.97,19.7
8961,Customer 08961,Consumer,West,2026-09-20,7,760090.7400000001,67.1
8962,Customer 08962,Consumer,West,2026-04-20,10,6216.34,26.9
8963,Customer 08963,Consumer,North,2026-08-29,8,9254.16,52.8
8964,Customer 08964,SMB,South,2026-07-26,6,7235.18,73.0
8965,Customer 08965,SMB,West,2026-07-12,3,4735.72,75.2
8966,Customer 08966,Consumer,East,2026-09-10,9,33574.82,41.7
8967,Customer 08967,Consumer,South,2026-07-06,7,5592.11,40.9
8968,Customer 08968,Consumer,South,2026-05-15,2,1718.32,92.3
8969,Customer 08969,SMB,North,2026-07-05,12,14452.83,19.8
8970,Customer 08970,Enterprise,Central,2026-09-23,4,47139.4,65.7
8971,Customer 08971,Consumer,South,2026-03-28,7,13787.05,49.9
8972,Customer 08972,Consumer,North,2026-03-13,10,31821.42,44.9
8973,Customer 08973,Consumer,Central,2026-09-08,6,14344.800000000001,38.1
8974,Customer 08974,SMB,Central,2026-08-18,4,8972.13,89.8
8975,Customer 08975,Consumer,Central,2026-08-01,8,11482.01,56.3
8976,Customer 08976,Consumer,East,2026-04-23,7,14275.69,65.8
8977,Customer 08977,SMB,Central,2026-09-01,6,16780.3,70.6
8978,Customer 08978,Consumer,Central,2026-09-01,11,6425.0,25.3
8979,Customer 08979,SMB,South,2026-06-26,5,27281.24,57.2
8980,Customer 08980,Consumer,West,2026-07-04,4,3650.28,64.0
8981,Customer 08981,SMB,West,2026-07-03,5,20003.5,69.4
8982,Customer 08982,Consumer,West,2026-07-21,4,6587.74,74.2
8983,Customer 08983,Consumer,East,2026-08-20,8,29537.67,41.2
8984,Customer 08984,Consumer,East,2026-09-04,6,24305.27,34.7
8985,Customer 08985,SMB,West,2026-03-13,2,13347.09,97.9
8986,Customer 08986,Consumer,Central,2026-04-04,5,15378.7,78.8
8987,Customer 08987,SMB,North,2026-05-03,5,8244.73,49.9
8988,Customer 08988,Consumer,East,2026-09-20,6,356026.54,61.1
8989,Customer 08989,Enterprise,East,2026-06-21,9,1298.64,26.1
8990,Customer 08990,SMB,North,2026-05-05,8,11900.05,33.7
8991,Customer 08991,Consumer,Central,2026-08-24,9,7676.4,45.3
8992,Customer 08992,Consumer,Central,2026-08-23,4,33366.43,76.4
8993,Customer 08993,Consumer,West,2026-03-17,5,9248.18,42.8
8994,Customer 08994,Consumer,East,2026-04-12,5,4114.62,50.7
8995,Customer 08995,Consumer,West,2026-06-24,5,21028.53,67.3
8996,Customer 08996,Consumer,West,2026-08-01,3,31747.34,77.6
8997,Customer 08997,Consumer,South,2026-04-14,6,13392.58,43.3
8998,Customer 08998,SMB,West,2026-03-18,5,6383.23,91.1
8999,Customer 08999,Enterprise,East,2026-09-17,6,40937.24,63.6
9000,Customer 09000,Consumer,Central,2026-09-30,4,67308.79000000001,94.1
9001,Customer 09001,Consumer,West,2026-04-25,2,17355.85,71.1
9002,Customer 09002,Consumer,Central,2026-06-02,5,4377.33,81.6
9003,Customer 09003,Consumer,Central,2026-07-14,5,15568.4,77.3
9004,Customer 09004,SMB,Central,2026-09-05,4,110260.64,82.5
9005,Customer 09005,Consumer,West,2026-07-21,9,9152.42,21.0
9006,Customer 09006,SMB,West,2026-07-27,8,19305.34,26.3
9007,Customer 09007,SMB,North,2026-09-27,4,359515.47,99.7
9008,Customer 09008,SMB,West,2026-08-30,7,17437.5,66.5
9009,Customer 09009,SMB,Central,2026-07-16,5,37078.11,57.1
9010,Customer 09010,Consumer,Central,2026-05-13,3,4766.62,79.8
9011,Customer 09011,Consumer,Central,2026-09-15,6,11536.3,59.0
9012,Customer 09012,Enterprise,East,2026-03-05,2,28879.28,81.9
9013,Customer 09013,Consumer,South,2026-06-22,2,5181.91,83.7
9014,Customer 09014,SMB,North,2026-09-28,5,18405.98,67.9
9015,Customer 09015,SMB,Central,2026-09-18,9,28192.47,46.8
9016,Customer 09016,SMB,North,2026-09-29,10,43121.55,41.2
9017,Customer 09017,Consumer,Central,2026-04-28,10,14577.56,53.4
9018,Customer 09018,SMB,West,2026-05-29,9,4148.31,21.9
9019,Customer 09019,Consumer,North,2026-07-05,5,7466.03,52.3
9020,Customer 09020,Consumer,North,2026-08-31,6,6228.7,61.6
9021,Customer 09021,Consumer,West,2026-06-04,1,8048.63,84.9
9022,Customer 09022,Consumer,Central,2026-08-03,6,11578.63,51.0
9023,Customer 09023,SMB,East,2026-03-10,7,6334.09,58.6
9024,Customer 09024,SMB,East,2026-05-03,7,25811.98,58.8
9025,Customer 09025,Consumer,Central,2026-09-05,4,37433.79,76.6
9026,Customer 09026,Consumer,East,2026-09-17,11,262334.39,50.6
9027,Customer 09027,Consumer,Central,2026-09-23,7,29898.4,38.5
9028,Customer 09028,Enterprise,Central,2026-07-26,6,9804.63,45.9
9029,Customer 09029,SMB,West,2026-06-03,10,20545.45,15.5
9030,Customer 09030,Enterprise,East,2026-09-04,6,20960.230000000003,52.2
9031,Customer 09031,SMB,South,2026-03-06,1,12049.06,93.2
9032,Customer 09032,SMB,West,2026-06-24,5,30598.72,59.8
9033,Customer 09033,SMB,East,2026-04-24,4,8077.07,57.5
9034,Customer 09034,Consumer,Central,2026-03-23,4,6713.97,81.4
9035,Customer 09035,Consumer,Central,2026-06-05,5,21268.4,72.6
9036,Customer 09036,SMB,Central,2026-07-17,7,1506.28,32.5
9037,Customer 09037,Consumer,Central,2026-07-19,5,6030.68,67.9
9038,Customer 09038,Consumer,Central,2026-05-03,6,41109.44,67.9
9039,Customer 09039,SMB,West,2026-04-01,8,23296.55,40.1
9040,Customer 09040,SMB,Central,2026-06-14,4,8521.78,85.7
9041,Customer 09041,Consumer,North,2026-07-06,8,7673.52,46.9
9042,Customer 09042,Consumer,North,2026-03-18,8,9000.37,56.0
9043,Customer 09043,Consumer,East,2026-07-01,3,16208.31,63.3
9044,Customer 09044,Consumer,East,2026-07-16,4,2818.38,76.6
9045,Customer 09045,SMB,East,2026-09-21,9,36547.8,42.3
9046,Customer 09046,SMB,South,2026-09-25,5,30186.18,74.6
9047,Customer 09047,Consumer,North,2026-09-20,9,52804.69,30.9
9048,Customer 09048,Enterprise,South,2026-06-26,6,30990.28,36.8
9049,Customer 09049,SMB,Central,2026-07-12,7,8073.26,50.8
9050,Customer 09050,SMB,South,2026-03-18,5,7249.02,61.7
9051,Customer 09051,SMB,West,2026-09-20,5,12821.060000000001,65.5
9052,Customer 09052,SMB,East,2026-07-17,12,2532.44,0.0
9053,Customer 09053,Consumer,North,2026-07-03,4,3921.93,82.3
9054,Customer 09054,Consumer,South,2026-06-14,7,18594.89,55.1
9055,Customer 09055,Consumer,North,2026-05-28,10,5688.6,24.9
9056,Customer 09056,Consumer,North,2026-03-26,13,4585.83,14.9
9057,Customer 09057,Consumer,East,2026-09-13,11,53317.52,15.8
9058,Customer 09058,Consumer,South,2026-08-24,3,9467.09,77.4
9059,Customer 09059,Consumer,Central,2026-03-23,5,15743.27,65.0
9060,Customer 09060,Consumer,North,2026-03-15,10,1093.57,31.3
9061,Customer 09061,Consumer,West,2026-05-18,7,12730.84,29.4
9062,Customer 09062,Consumer,South,2026-09-15,3,11235.119999999999,65.8
9063,Customer 09063,Consumer,West,2026-03-19,7,4220.82,26.0
9064,Customer 09064,SMB,East,2026-07-03,8,8271.84,35.9
9065,Customer 09065,SMB,South,2026-04-05,11,10019.37,19.9
9066,Customer 09066,Consumer,West,2026-06-19,5,3316.18,66.6
9067,Customer 09067,SMB,East,2026-05-14,7,10628.17,63.7
9068,Customer 09068,Enterprise,South,2026-03-15,5,3888.64,65.9
9069,Customer 09069,Consumer,South,2026-05-04,9,24844.28,34.7
9070,Customer 09070,SMB,North,2026-09-09,7,13735.77,64.1
9071,Customer 09071,Enterprise,Central,2026-04-14,11,30588.36,21.8
9072,Customer 09072,Consumer,North,2026-09-24,7,55934.75,69.7
9073,Customer 09073,Enterprise,Central,2026-09-17,8,74868.59,56.8
9074,Customer 09074,Consumer,Central,2026-03-16,5,12237.33,85.3
9075,Customer 09075,Consumer,Central,2026-08-06,11,12338.98,32.2
9076,Customer 09076,SMB,East,2026-06-02,6,23205.29,61.2
9077,Customer 09077,SMB,West,2026-06-07,5,21083.06,76.3
9078,Customer 09078,Enterprise,North,2026-05-22,4,3712.67,68.5
9079,Customer 09079,Consumer,Central,2026-06-06,3,13035.09,75.8
9080,Customer 09080,Consumer,West,2026-03-10,5,8953.42,80.4
9081,Customer 09081,SMB,East,2026-07-21,7,9487.87,54.8
9082,Customer 09082,SMB,North,2026-06-10,6,3236.19,43.2
9083,Customer 09083,Consumer,East,2026-09-10,10,15629.41,48.7
9084,Customer 09084,Consumer,North,2026-05-31,4,16685.85,73.4
9085,Customer 09085,Consumer,South,2026-03-13,6,3851.78,66.2
9086,Customer 09086,Consumer,East,2026-07-04,7,11572.78,41.9
9087,Customer 09087,Consumer,West,2026-08-11,7,7801.28,26.6
9088,Customer 09088,Consumer,Central,2026-06-04,2,19823.37,93.7
9089,Customer 09089,Consumer,Central,2026-09-15,5,74643.47,90.8
9090,Customer 09090,SMB,North,2026-08-21,4,16891.2,86.2
9091,Customer 09091,Consumer,West,2026-09-15,4,49451.079999999994,82.6
9092,Customer 09092,Consumer,West,2026-05-11,9,20378.57,41.2
9093,Customer 09093,Consumer,North,2026-08-22,7,9880.09,63.8
9094,Customer 09094,SMB,North,2026-08-02,5,18818.88,72.1
9095,Customer 09095,SMB,West,2026-08-06,10,6446.92,43.6
9096,Customer 09096,SMB,East,2026-05-28,4,9510.33,83.7
9097,Customer 09097,Consumer,Central,2026-03-10,4,11561.88,62.1
9098,Customer 09098,Consumer,West,2026-07-16,7,12044.94,43.0
9099,Customer 09099,Consumer,South,2026-06-17,5,11567.41,67.8
9100,Customer 09100,Consumer,South,2026-05-26,4,6231.58,72.6
9101,Customer 09101,SMB,East,2026-05-05,6,12980.29,74.2
9102,Customer 09102,SMB,West,2026-09-24,6,75034.23000000001,48.0
9103,Customer 09103,Consumer,West,2026-06-09,7,4897.84,53.2
9104,Customer 09104,SMB,Central,2026-09-14,9,165484.67,58.5
9105,Customer 09105,SMB,West,2026-09-11,5,39032.08,81.7
9106,Customer 09106,Consumer,Central,2026-05-22,5,4993.47,82.9
9107,Customer 09107,Enterprise,West,2026-09-26,8,440708.05000000005,51.9
9108,Customer 09108,SMB,East,2026-07-13,10,9482.37,45.0
9109,Customer 09109,Consumer,Central,2026-08-23,7,7726.43,42.9
9110,Customer 09110,Consumer,West,2026-07-04,8,4493.16,43.3
9111,Customer 09111,Consumer,East,2026-05-03,7,6297.46,51.1
9112,Customer 09112,SMB,South,2026-09-22,12,120474.5,34.1
9113,Customer 09113,Consumer,South,2026-07-19,5,6504.38,69.0
9114,Customer 09114,Enterprise,East,2026-03-25,6,5558.94,60.0
9115,Customer 09115,SMB,West,2026-09-05,6,43764.96,74.0
9116,Customer 09116,Consumer,West,2026-05-01,10,17255.85,28.4
9117,Customer 09117,SMB,North,2026-08-20,11,6517.3,38.8
9118,Customer 09118,Consumer,South,2026-06-19,5,6884.83,53.2
9119,Customer 09119,SMB,Central,2026-03-26,8,11471.03,55.6
9120,Customer 09120,Enterprise,Central,2026-07-28,4,5755.73,72.0
9121,Customer 09121,Consumer,South,2026-09-02,9,123664.22,50.0
9122,Customer 09122,SMB,Central,2026-05-05,9,8739.85,48.5
9123,Customer 09123,Enterprise,East,2026-06-09,7,12776.53,57.3
9124,Customer 09124,Consumer,West,2026-04-20,6,4662.5,43.1
9125,Customer 09125,Consumer,West,2026-09-08,4,99813.37,74.9
9126,Customer 09126,SMB,East,2026-07-19,3,11061.42,92.4
9127,Customer 09127,SMB,West,2026-06-16,5,12743.06,60.5
9128,Customer 09128,Consumer,Central,2026-04-01,6,10118.64,81.6
9129,Customer 09129,Consumer,Central,2026-08-07,5,10228.91,55.7
9130,Customer 09130,Enterprise,South,2026-08-11,8,4854.42,42.5
9131,Customer 09131,Consumer,Central,2026-05-09,7,13130.92,63.1
9132,Customer 09132,Consumer,North,2026-06-11,9,4229.04,66.8
9133,Customer 09133,Consumer,East,2026-09-29,6,10293.63,84.3
9134,Customer 09134,Enterprise,North,2026-09-17,14,19601.07,0.0
9135,Customer 09135,Enterprise,South,2026-04-13,6,4482.81,67.7
9136,Customer 09136,Consumer,East,2026-09-13,6,53030.6,45.8
9137,Customer 09137,Consumer,South,2026-08-20,5,9089.34,61.1
9138,Customer 09138,SMB,South,2026-04-08,7,25733.08,46.7
9139,Customer 09139,Consumer,South,2026-05-21,4,16257.03,66.2
9140,Customer 09140,Consumer,North,2026-09-23,9,289568.19,44.0
9141,Customer 09141,Consumer,North,2026-04-25,8,28032.93,20.3
9142,Customer 09142,Consumer,East,2026-09-19,6,64191.3,42.9
9143,Customer 09143,SMB,North,2026-03-13,8,14765.2,65.8
9144,Customer 09144,SMB,North,2026-06-08,2,14930.29,69.2
9145,Customer 09145,Consumer,West,2026-09-02,6,7817.71,71.1
9146,Customer 09146,Consumer,Central,2026-06-16,4,55152.73,66.8
9147,Customer 09147,Enterprise,West,2026-07-17,7,9530.62,52.1
9148,Customer 09148,Enterprise,Central,2026-07-11,3,10925.73,82.6
9149,Customer 09149,Consumer,South,2026-07-01,4,2381.83,79.3
9150,Customer 09150,Consumer,North,2026-08-08,6,34449.46,61.6
9151,Customer 09151,SMB,South,2026-06-06,8,12260.73,65.9
9152,Customer 09152,SMB,North,2026-09-14,5,284602.66000000003,70.3
9153,Customer 09153,Consumer,South,2026-09-18,12,17655.4,51.2
9154,Customer 09154,Consumer,North,2026-05-21,4,15678.88,47.3
9155,Customer 09155,Consumer,South,2026-08-20,3,3146.03,80.2
9156,Customer 09156,Consumer,West,2026-07-16,2,8114.36,96.1
9157,Customer 09157,Consumer,West,2026-07-17,2,11695.52,91.6
9158,Customer 09158,Consumer,East,2026-09-18,6,41088.02,66.8
9159,Customer 09159,Consumer,East,2026-09-30,6,21577.300000000003,65.6
9160,Customer 09160,Consumer,East,2026-09-27,9,24004.09,56.2
9161,Customer 09161,Consumer,Central,2026-06-17,4,8604.72,59.7
9162,Customer 09162,Consumer,South,2026-03-13,6,10498.91,50.6
9163,Customer 09163,Consumer,Central,2026-09-15,9,47750.36,64.9
9164,Customer 09164,Consumer,East,2026-05-20,6,55983.99,62.2
9165,Customer 09165,Consumer,East,2026-09-07,7,8295.94,48.7
9166,Customer 09166,Consumer,Central,2026-07-21,7,15328.06,46.5
9167,Customer 09167,Consumer,East,2026-09-06,5,11551.7,84.4
9168,Customer 09168,Consumer,East,2026-04-21,9,11165.79,38.1
9169,Customer 09169,Consumer,South,2026-08-26,5,13550.36,75.5
9170,Customer 09170,Consumer,North,2026-07-17,3,13117.01,71.2
9171,Customer 09171,SMB,East,2026-05-16,3,13054.79,51.2
9172,Customer 09172,Consumer,West,2026-04-15,10,13948.45,39.2
9173,Customer 09173,Consumer,North,2026-04-10,8,7026.09,28.3
9174,Customer 09174,SMB,South,2026-04-13,7,10835.26,66.9
9175,Customer 09175,SMB,North,2026-07-23,6,4644.54,60.9
9176,Customer 09176,Consumer,South,2026-08-20,4,5042.85,72.4
9177,Customer 09177,Consumer,North,2026-09-08,8,12843.95,39.8
9178,Customer 09178,Consumer,Central,2026-07-16,7,12302.22,44.0
9179,Customer 09179,SMB,Central,2026-07-30,4,4290.95,73.6
9180,Customer 09180,Consumer,South,2026-07-01,4,18595.34,65.4
9181,Customer 09181,Enterprise,West,2026-06-07,5,12761.31,73.6
9182,Customer 09182,Consumer,West,2026-06-10,4,18604.34,58.2
9183,Customer 09183,Consumer,West,2026-03-15,8,25518.47,44.7
9184,Customer 09184,SMB,West,2026-09-06,9,72909.46999999999,42.4
9185,Customer 09185,SMB,Central,2026-03-18,5,21159.53,64.2
9186,Customer 09186,Consumer,Central,2026-09-10,5,48393.75,78.3
9187,Customer 09187,Consumer,Central,2026-04-14,6,5594.86,60.3
9188,Customer 09188,Consumer,Central,2026-08-12,13,12979.03,27.3
9189,Customer 09189,Consumer,Central,2026-09-20,10,41035.51,60.0
9190,Customer 09190,Consumer,East,2026-05-06,2,6932.62,93.7
9191,Customer 09191,Consumer,West,2026-09-13,8,262389.33,68.1
9192,Customer 09192,Consumer,Central,2026-06-04,10,18172.61,51.6
9193,Customer 09193,Consumer,West,2026-03-20,5,7322.43,84.2
9194,Customer 09194,Consumer,East,2026-07-27,5,8870.04,55.4
9195,Customer 09195,Consumer,Central,2026-08-13,3,52708.34,87.2
9196,Customer 09196,Consumer,North,2026-09-21,7,194174.82,46.7
9197,Customer 09197,Consumer,North,2026-09-27,3,17298.67,100.0
9198,Customer 09198,Consumer,Central,2026-09-20,9,151656.53999999998,41.9
9199,Customer 09199,Consumer,East,2026-03-07,6,32255.03,46.6
9200,Customer 09200,Consumer,West,2026-06-18,2,18377.15,82.8
9201,Customer 09201,Consumer,North,2026-09-21,7,19910.370000000003,63.5
9202,Customer 09202,Consumer,West,2026-08-05,7,11089.76,41.6
9203,Customer 09203,Consumer,East,2026-09-23,5,39294.47,76.3
9204,Customer 09204,Consumer,East,2026-09-16,7,132608.59999999998,55.7
9205,Customer 09205,SMB,North,2026-06-06,5,4494.56,53.9
9206,Customer 09206,Consumer,Central,2026-09-09,7,10044.73,44.3
9207,Customer 09207,Consumer,East,2026-08-06,9,20255.57,40.0
9208,Customer 09208,Consumer,East,2026-09-24,10,51650.29,29.2
9209,Customer 09209,Consumer,West,2026-06-10,4,12470.0,90.0
9210,Customer 09210,Consumer,West,2026-09-23,8,30429.86,60.6
9211,Customer 09211,Consumer,North,2026-05-15,6,9721.14,67.6
9212,Customer 09212,Enterprise,North,2026-04-05,7,12383.67,54.3
9213,Customer 09213,Enterprise,South,2026-05-05,3,10457.98,78.3
9214,Customer 09214,SMB,North,2026-09-10,5,106456.42,83.6
9215,Customer 09215,Enterprise,West,2026-07-08,5,19133.72,77.7
9216,Customer 09216,Enterprise,North,2026-09-08,7,112328.73999999999,37.2
9217,Customer 09217,Consumer,South,2026-09-06,5,32911.93,96.4
9218,Customer 09218,Consumer,South,2026-09-05,10,14488.07,25.1
9219,Customer 09219,SMB,South,2026-09-14,9,38744.86,40.8
9220,Customer 09220,Consumer,South,2026-05-25,8,41345.58,33.7
9221,Customer 09221,SMB,East,2026-06-08,4,10664.48,82.1
9222,Customer 09222,SMB,South,2026-08-01,4,27098.13,70.8
9223,Customer 09223,SMB,North,2026-05-21,5,10773.05,76.0
9224,Customer 09224,Consumer,South,2026-05-21,5,9210.87,73.4
9225,Customer 09225,Consumer,East,2026-03-17,5,10353.06,61.2
9226,Customer 09226,Consumer,East,2026-03-14,6,9197.18,55.2
9227,Customer 09227,Consumer,Central,2026-07-08,6,5649.57,58.1
9228,Customer 09228,SMB,North,2026-08-30,11,21090.41,0.0
9229,Customer 09229,Consumer,West,2026-04-05,2,1497.45,83.8
9230,Customer 09230,Consumer,Central,2026-09-26,5,10504.8,67.7
9231,Customer 09231,Consumer,North,2026-07-14,4,23407.34,58.1
9232,Customer 09232,Enterprise,West,2026-09-24,11,23473.019999999997,32.5
9233,Customer 09233,SMB,North,2026-09-15,11,32677.21,19.1
9234,Customer 09234,SMB,West,2026-08-11,6,7625.77,63.9
9235,Customer 09235,Enterprise,Central,2026-07-11,7,3130.08,40.9
9236,Customer 09236,Consumer,East,2026-07-28,7,2626.24,68.8
9237,Customer 09237,Consumer,South,2026-04-22,8,7693.86,29.8
9238,Customer 09238,Consumer,West,2026-09-09,11,48262.04,26.0
9239,Customer 09239,Consumer,South,2026-03-27,5,15683.6,72.4
9240,Customer 09240,Consumer,South,2026-07-01,6,5766.61,80.2
9241,Customer 09241,SMB,East,2026-09-14,5,54316.34,84.8
9242,Customer 09242,Consumer,South,2026-03-16,8,6768.84,50.8
9243,Customer 09243,SMB,Central,2026-07-28,9,6362.01,26.1
9244,Customer 09244,Consumer,Central,2026-03-22,8,11003.33,36.7
9245,Customer 09245,Consumer,North,2026-07-10,7,16642.92,50.3
9246,Customer 09246,Consumer,West,2026-09-08,7,63847.11,43.6
9247,Customer 09247,Consumer,South,2026-05-11,8,7836.01,50.0
9248,Customer 09248,Consumer,East,2026-06-09,3,2331.38,68.7
9249,Customer 09249,SMB,Central,2026-07-23,3,9397.65,75.3
9250,Customer 09250,Consumer,South,2026-08-18,5,7648.29,65.6
9251,Customer 09251,SMB,West,2026-05-09,9,5620.39,36.7
9252,Customer 09252,Consumer,South,2026-09-18,9,58258.899999999994,33.1
9253,Customer 09253,Consumer,East,2026-05-08,7,25220.84,41.5
9254,Customer 09254,Consumer,North,2026-09-21,9,24921.73,61.5
9255,Customer 09255,SMB,Central,2026-05-19,3,8982.22,67.0
9256,Customer 09256,Consumer,West,2026-09-28,7,495422.2,71.5
9257,Customer 09257,SMB,South,2026-05-19,7,9615.97,62.7
9258,Customer 09258,Consumer,West,2026-09-20,9,22363.21,54.9
9259,Customer 09259,Consumer,West,2026-08-22,2,5775.66,100.0
9260,Customer 09260,Consumer,West,2026-09-17,7,7024.92,49.3
9261,Customer 09261,SMB,South,2026-08-07,14,3513.77,0.0
9262,Customer 09262,Consumer,Central,2026-03-31,7,26839.13,60.3
9263,Customer 09263,Consumer,West,2026-05-31,8,16816.44,45.8
9264,Customer 09264,Consumer,West,2026-09-28,8,36854.61,61.8
9265,Customer 09265,SMB,North,2026-08-08,6,17828.54,51.4
9266,Customer 09266,Consumer,Central,2026-05-07,4,19930.76,71.8
9267,Customer 09267,Consumer,East,2026-03-11,6,13053.84,68.7
9268,Customer 09268,SMB,South,2026-05-13,8,4240.65,50.5
9269,Customer 09269,Consumer,North,2026-07-26,4,10724.79,67.5
9270,Customer 09270,Consumer,East,2026-06-16,7,33840.37,30.1
9271,Customer 09271,Consumer,Central,2026-04-27,4,5976.29,84.7
9272,Customer 09272,Enterprise,West,2026-06-28,2,9104.35,93.5
9273,Customer 09273,Consumer,West,2026-09-27,4,13310.080000000002,95.6
9274,Customer 09274,Consumer,North,2026-09-22,10,22678.64,19.8
9275,Customer 09275,Consumer,Central,2026-08-07,6,11525.16,61.2
9276,Customer 09276,Consumer,Central,2026-07-25,1,17642.97,100.0
9277,Customer 09277,SMB,North,2026-03-26,6,15960.9,41.9
9278,Customer 09278,Consumer,West,2026-08-21,4,40599.64,60.2
9279,Customer 09279,SMB,East,2026-03-30,10,6894.75,39.7
9280,Customer 09280,Enterprise,West,2026-03-30,6,22494.72,49.2
9281,Customer 09281,SMB,West,2026-03-09,4,2964.39,90.7
9282,Customer 09282,SMB,North,2026-05-17,7,10325.29,50.1
9283,Customer 09283,Consumer,West,2026-09-07,9,33873.899999999994,52.7
9284,Customer 09284,Consumer,North,2026-04-11,9,2571.17,39.0
9285,Customer 09285,Consumer,East,2026-09-08,9,26306.97,58.7
9286,Customer 09286,SMB,East,2026-09-07,5,19693.21,67.9
9287,Customer 09287,SMB,West,2026-03-26,6,4783.13,46.5
9288,Customer 09288,Consumer,North,2026-07-19,6,6554.18,56.9
9289,Customer 09289,Enterprise,South,2026-04-22,6,22953.25,53.0
9290,Customer 09290,SMB,East,2026-07-11,6,11194.18,36.2
9291,Customer 09291,SMB,West,2026-07-20,6,5725.72,47.7
9292,Customer 09292,Consumer,East,2026-07-20,7,81786.89,40.7
9293,Customer 09293,Consumer,North,2026-09-05,6,42611.3,56.6
9294,Customer 09294,Consumer,North,2026-03-21,7,16757.87,37.4
9295,Customer 09295,Enterprise,South,2026-03-31,6,25874.43,66.1
9296,Customer 09296,Consumer,North,2026-06-25,13,11587.66,5.7
9297,Customer 09297,SMB,South,2026-09-27,7,19222.760000000002,49.1
9298,Customer 09298,Consumer,East,2026-05-05,8,6399.93,18.8
9299,Customer 09299,Consumer,North,2026-04-22,2,13534.42,92.0
9300,Customer 09300,Consumer,West,2026-05-28,5,23504.25,79.1
9301,Customer 09301,Consumer,North,2026-09-10,4,14416.99,73.6
9302,Customer 09302,SMB,North,2026-06-30,8,10012.17,58.0
9303,Customer 09303,Consumer,South,2026-08-28,8,6314.83,52.1
9304,Customer 09304,Consumer,East,2026-09-03,4,53486.7,74.2
9305,Customer 09305,Consumer,North,2026-03-12,6,16069.79,55.2
9306,Customer 09306,SMB,South,2026-05-27,6,16335.45,52.9
9307,Customer 09307,Consumer,South,2026-07-29,3,4431.18,79.1
9308,Customer 09308,SMB,North,2026-08-03,4,1826.21,71.9
9309,Customer 09309,Consumer,West,2026-05-11,7,16428.75,59.9
9310,Customer 09310,SMB,Central,2026-08-25,6,8179.52,44.7
9311,Customer 09311,Consumer,North,2026-07-28,5,16738.02,50.5
9312,Customer 09312,Consumer,East,2026-09-06,7,171233.56,66.3
9313,Customer 09313,SMB,Central,2026-09-11,8,28586.3,54.5
9314,Customer 09314,Consumer,South,2026-04-06,5,15928.69,83.7
9315,Customer 09315,Consumer,West,2026-09-24,9,45425.3,55.9
9316,Customer 09316,Consumer,East,2026-03-27,7,5460.36,47.0
9317,Customer 09317,Consumer,Central,2026-05-24,7,11633.18,35.2
9318,Customer 09318,SMB,East,2026-09-07,5,11360.279999999999,65.6
9319,Customer 09319,SMB,Central,2026-09-11,6,13922.45,58.5
9320,Customer 09320,Consumer,South,2026-09-15,10,92040.01000000001,25.6
9321,Customer 09321,SMB,West,2026-08-29,4,5521.34,76.3
9322,Customer 09322,Consumer,Central,2026-08-05,4,6079.74,78.4
9323,Customer 09323,SMB,East,2026-09-30,10,542531.99,50.8
9324,Customer 09324,Consumer,East,2026-09-08,7,41614.05,68.8
9325,Customer 09325,Consumer,South,2026-03-08,5,16350.66,60.5
9326,Customer 09326,Consumer,North,2026-04-01,7,15936.73,27.1
9327,Customer 09327,Consumer,West,2026-04-30,10,5660.29,0.0
9328,Customer 09328,Consumer,West,2026-09-08,4,20385.5,54.6
9329,Customer 09329,Enterprise,Central,2026-09-23,7,24438.66,57.3
9330,Customer 09330,Consumer,South,2026-06-20,6,14304.44,44.1
9331,Customer 09331,Consumer,South,2026-06-12,5,8794.61,73.7
9332,Customer 09332,Consumer,West,2026-09-02,6,286707.31999999995,82.7
9333,Customer 09333,Consumer,East,2026-09-06,5,14037.18,61.1
9334,Customer 09334,Consumer,South,2026-08-31,3,27130.75,94.0
9335,Customer 09335,Consumer,Central,2026-03-23,9,12340.9,30.3
9336,Customer 09336,Consumer,West,2026-05-14,2,2615.1,100.0
9337,Customer 09337,Consumer,East,2026-06-06,7,14593.67,34.7
9338,Customer 09338,Consumer,East,2026-09-18,7,305077.93,80.1
9339,Customer 09339,SMB,East,2026-03-09,6,6881.66,85.3
9340,Customer 09340,SMB,West,2026-04-23,10,5034.4,26.0
9341,Customer 09341,Consumer,East,2026-03-29,3,11110.93,89.9
9342,Customer 09342,Enterprise,Central,2026-07-22,4,9316.76,64.3
9343,Customer 09343,Consumer,West,2026-08-23,4,11294.44,69.3
9344,Customer 09344,Enterprise,East,2026-09-06,7,61348.21,57.0
9345,Customer 09345,Consumer,West,2026-04-05,4,8911.68,87.3
9346,Customer 09346,Consumer,Central,2026-06-08,4,15339.31,53.4
9347,Customer 09347,Consumer,East,2026-05-17,4,11995.49,79.6
9348,Customer 09348,SMB,East,2026-05-20,9,8647.86,38.2
9349,Customer 09349,Consumer,South,2026-04-23,6,8415.45,38.6
9350,Customer 09350,Consumer,East,2026-09-24,4,91484.79999999999,100.0
9351,Customer 09351,SMB,West,2026-08-12,9,20832.91,41.5
9352,Customer 09352,SMB,East,2026-06-16,5,10280.84,76.9
9353,Customer 09353,Consumer,South,2026-09-04,6,70630.62,84.5
9354,Customer 09354,Consumer,Central,2026-08-14,17,8332.35,0.0
9355,Customer 09355,Consumer,South,2026-07-28,5,13849.9,54.2
9356,Customer 09356,Consumer,Central,2026-04-05,3,33207.55,93.3
9357,Customer 09357,Consumer,West,2026-06-08,4,6809.51,68.9
9358,Customer 09358,SMB,East,2026-09-18,9,68733.92,81.4
9359,Customer 09359,SMB,East,2026-05-16,5,3804.35,66.9
9360,Customer 09360,Consumer,South,2026-09-14,6,57884.73,28.2
9361,Customer 09361,Consumer,South,2026-07-29,6,19039.54,69.4
9362,Customer 09362,Consumer,East,2026-09-09,5,75292.97,92.6
9363,Customer 09363,SMB,East,2026-09-25,7,448662.89,64.7
9364,Customer 09364,SMB,Central,2026-06-15,5,35934.85,76.8
9365,Customer 09365,SMB,East,2026-08-27,2,2375.92,85.0
9366,Customer 09366,Consumer,East,2026-06-04,5,9498.63,58.1
9367,Customer 09367,Enterprise,East,2026-04-11,8,7973.37,30.0
9368,Customer 09368,Consumer,West,2026-05-03,7,8767.8,54.0
9369,Customer 09369,Consumer,West,2026-04-04,5,9673.49,52.2
9370,Customer 09370,Consumer,South,2026-06-14,8,5763.31,22.2
9371,Customer 09371,Consumer,North,2026-09-03,6,12697.82,42.1
9372,Customer 09372,Consumer,North,2026-07-05,11,17304.09,26.9
9373,Customer 09373,Consumer,North,2026-04-19,4,4028.02,53.0
9374,Customer 09374,Consumer,South,2026-09-26,8,26386.82,63.2
9375,Customer 09375,Consumer,East,2026-09-25,9,13812.29,35.5
9376,Customer 09376,Enterprise,North,2026-08-02,7,14841.33,59.7
9377,Customer 09377,Consumer,North,2026-09-18,7,34142.45,76.2
9378,Customer 09378,Consumer,North,2026-09-13,8,26340.41,26.3
9379,Customer 09379,Consumer,South,2026-06-28,7,9012.67,44.1
9380,Customer 09380,Consumer,South,2026-07-09,5,5913.09,48.2
9381,Customer 09381,Consumer,East,2026-05-13,7,5629.41,51.8
9382,Customer 09382,Consumer,East,2026-06-27,8,60315.91,24.1
9383,Customer 09383,Consumer,West,2026-03-22,5,29788.39,69.4
9384,Customer 09384,Consumer,South,2026-06-18,6,17705.6,47.6
9385,Customer 09385,Consumer,Central,2026-05-13,11,15516.16,26.6
9386,Customer 09386,Consumer,Central,2026-06-16,9,3765.87,37.7
9387,Customer 09387,Consumer,Central,2026-09-08,4,36130.87,82.7
9388,Customer 09388,Consumer,Central,2026-06-09,5,8057.69,66.1
9389,Customer 09389,Consumer,North,2026-07-15,7,23601.63,49.6
9390,Customer 09390,SMB,South,2026-06-07,5,10303.07,89.1
9391,Customer 09391,Consumer,South,2026-03-07,6,36685.96,67.4
9392,Customer 09392,Enterprise,East,2026-09-21,8,44459.05,38.8
9393,Customer 09393,SMB,South,2026-08-20,5,12401.18,59.5
9394,Customer 09394,Consumer,West,2026-05-21,6,12688.47,50.2
9395,Customer 09395,SMB,West,2026-09-22,9,43981.55,54.9
9396,Customer 09396,SMB,West,2026-03-17,12,6901.35,0.3
9397,Customer 09397,SMB,West,2026-09-23,4,311120.76,94.1
9398,Customer 09398,Consumer,Central,2026-04-16,5,9403.31,72.8
9399,Customer 09399,Consumer,West,2026-06-01,4,7177.58,80.1
9400,Customer 09400,SMB,West,2026-05-03,2,14879.1,75.5
9401,Customer 09401,SMB,South,2026-09-07,6,55012.47,81.3
9402,Customer 09402,Consumer,Central,2026-04-28,4,2044.45,76.4
9403,Customer 09403,Consumer,East,2026-04-10,3,23341.66,78.9
9404,Customer 09404,Enterprise,North,2026-07-18,4,9495.63,69.1
9405,Customer 09405,Enterprise,Central,2026-07-14,9,4921.5,48.0
9406,Customer 09406,Enterprise,West,2026-05-25,3,12528.89,89.9
9407,Customer 09407,Consumer,South,2026-08-08,9,9291.31,40.7
9408,Customer 09408,SMB,South,2026-05-24,7,14635.09,50.2
9409,Customer 09409,Consumer,North,2026-05-21,12,6669.68,9.9
9410,Customer 09410,SMB,East,2026-09-28,7,116304.52,34.2
9411,Customer 09411,Consumer,Central,2026-09-29,5,16936.87,73.3
9412,Customer 09412,Enterprise,East,2026-04-11,9,13212.45,16.5
9413,Customer 09413,SMB,West,2026-07-02,4,14085.67,62.9
9414,Customer 09414,Consumer,North,2026-09-22,10,18900.1,44.0
9415,Customer 09415,Consumer,South,2026-05-20,8,8072.04,32.7
9416,Customer 09416,Consumer,South,2026-09-14,9,127664.17,41.8
9417,Customer 09417,SMB,East,2026-08-11,3,17742.27,61.6
9418,Customer 09418,Enterprise,South,2026-05-10,4,9691.9,83.0
9419,Customer 09419,Consumer,Central,2026-04-24,4,11646.19,85.1
9420,Customer 09420,Consumer,East,2026-05-06,9,9367.37,33.1
9421,Customer 09421,Consumer,East,2026-06-10,8,17568.69,45.1
9422,Customer 09422,Consumer,South,2026-05-07,6,18062.07,42.6
9423,Customer 09423,Enterprise,North,2026-09-10,12,219129.68000000002,44.4
9424,Customer 09424,Consumer,Central,2026-04-18,8,3902.73,37.9
9425,Customer 09425,Consumer,Central,2026-07-24,10,9375.13,43.8
9426,Customer 09426,SMB,Central,2026-04-27,2,3226.26,97.7
9427,Customer 09427,Consumer,South,2026-09-29,7,296835.52999999997,50.9
9428,Customer 09428,Consumer,West,2026-09-15,9,27021.34,78.8
9429,Customer 09429,Consumer,North,2026-05-24,1,5202.85,96.0
9430,Customer 09430,SMB,North,2026-06-08,6,14069.58,62.7
9431,Customer 09431,Consumer,East,2026-09-20,9,11113.5,34.1
9432,Customer 09432,Consumer,South,2026-05-28,9,22568.7,42.6
9433,Customer 09433,Consumer,West,2026-06-09,7,2643.73,45.8
9434,Customer 09434,SMB,North,2026-03-25,7,26341.85,36.6
9435,Customer 09435,Consumer,East,2026-04-23,5,7544.53,63.3
9436,Customer 09436,SMB,Central,2026-06-05,6,21117.93,47.5
9437,Customer 09437,Consumer,South,2026-06-19,7,9019.87,53.4
9438,Customer 09438,Consumer,East,2026-05-05,3,8724.94,77.3
9439,Customer 09439,Consumer,South,2026-05-31,8,5211.69,41.2
9440,Customer 09440,SMB,Central,2026-03-18,7,19364.85,53.5
9441,Customer 09441,Enterprise,Central,2026-08-08,10,14686.08,21.5
9442,Customer 09442,SMB,North,2026-09-22,11,46227.55,35.8
9443,Customer 09443,Consumer,East,2026-09-10,7,16041.76,43.5
9444,Customer 09444,Consumer,Central,2026-07-30,6,7128.94,47.8
9445,Customer 09445,Consumer,Central,2026-09-06,4,63093.29,80.0
9446,Customer 09446,Consumer,West,2026-05-25,5,32602.09,71.3
9447,Customer 09447,Consumer,West,2026-09-14,4,57957.37,65.5
9448,Customer 09448,Consumer,West,2026-03-21,6,7049.99,89.9
9449,Customer 09449,Consumer,West,2026-09-16,5,210892.53,72.7
9450,Customer 09450,Enterprise,West,2026-07-22,5,20192.27,72.2
9451,Customer 09451,Consumer,East,2026-09-05,8,38620.25,49.2
9452,Customer 09452,SMB,South,2026-09-11,3,41836.79,100.0
9453,Customer 09453,Consumer,East,2026-07-22,5,6740.14,61.8
9454,Customer 09454,Consumer,East,2026-07-10,8,24531.06,46.8
9455,Customer 09455,SMB,North,2026-04-11,3,35967.35,70.0
9456,Customer 09456,Consumer,East,2026-07-16,6,7792.14,52.3
9457,Customer 09457,Consumer,South,2026-09-24,5,25842.32,68.4
9458,Customer 09458,Consumer,West,2026-06-20,5,20610.47,37.4
9459,Customer 09459,Consumer,South,2026-09-06,6,71088.78,64.4
9460,Customer 09460,SMB,Central,2026-08-18,4,17764.33,73.7
9461,Customer 09461,Consumer,South,2026-07-15,4,2669.17,62.5
9462,Customer 09462,Consumer,East,2026-08-07,3,23142.04,64.7
9463,Customer 09463,Enterprise,South,2026-05-31,8,10271.17,48.8
9464,Customer 09464,SMB,North,2026-08-16,3,27458.06,70.7
9465,Customer 09465,Consumer,West,2026-09-27,3,20054.670000000002,100.0
9466,Customer 09466,Consumer,East,2026-06-17,3,2254.83,89.1
9467,Customer 09467,Consumer,North,2026-09-28,8,33180.63,40.4
9468,Customer 09468,Enterprise,Central,2026-04-30,8,5374.54,33.2
9469,Customer 09469,Consumer,North,2026-07-23,5,34832.29,46.0
9470,Customer 09470,SMB,Central,2026-09-19,3,67679.12,78.6
9471,Customer 09471,SMB,North,2026-08-13,5,12158.39,44.6
9472,Customer 09472,Consumer,Central,2026-09-19,4,10417.51,71.5
9473,Customer 09473,Consumer,Central,2026-06-24,12,8050.19,9.1
9474,Customer 09474,Consumer,North,2026-08-08,11,10865.91,32.8
9475,Customer 09475,SMB,North,2026-05-01,4,27872.18,75.7
9476,Customer 09476,Consumer,West,2026-09-19,6,41693.270000000004,80.1
9477,Customer 09477,Enterprise,West,2026-04-10,5,28769.36,51.7
9478,Customer 09478,Enterprise,Central,2026-04-26,3,10554.78,67.7
9479,Customer 09479,Enterprise,East,2026-09-26,7,189828.06,64.0
9480,Customer 09480,Consumer,North,2026-06-20,6,19084.49,49.1
9481,Customer 09481,SMB,Central,2026-07-15,5,13213.61,80.3
9482,Customer 09482,Enterprise,North,2026-03-29,7,19112.09,45.2
9483,Customer 09483,SMB,West,2026-07-06,4,22583.15,65.5
9484,Customer 09484,Consumer,East,2026-08-22,2,6031.74,80.6
9485,Customer 09485,SMB,West,2026-09-17,5,33075.19,77.5
9486,Customer 09486,Consumer,West,2026-06-22,3,8031.62,71.7
9487,Customer 09487,SMB,East,2026-09-08,8,27677.670000000002,72.5
9488,Customer 09488,Consumer,East,2026-07-24,7,23445.64,58.6
9489,Customer 09489,Consumer,North,2026-05-30,3,15825.75,68.3
9490,Customer 09490,Consumer,Central,2026-09-09,6,29918.1,70.4
9491,Customer 09491,Enterprise,Central,2026-09-30,6,20562.75,70.5
9492,Customer 09492,Consumer,South,2026-09-27,4,16292.45,95.7
9493,Customer 09493,SMB,Central,2026-05-16,8,6807.48,57.8
9494,Customer 09494,Consumer,East,2026-05-04,9,11693.33,42.2
9495,Customer 09495,Enterprise,South,2026-06-13,4,12815.56,78.2
9496,Customer 09496,Consumer,South,2026-04-04,5,6875.24,80.2
9497,Customer 09497,SMB,South,2026-09-17,2,16334.48,94.9
9498,Customer 09498,SMB,West,2026-04-19,6,11776.03,65.3
9499,Customer 09499,Consumer,West,2026-05-03,8,20678.35,65.7
9500,Customer 09500,Consumer,South,2026-07-30,5,3111.62,55.4
9501,Customer 09501,SMB,South,2026-04-13,10,28339.73,16.9
9502,Customer 09502,Consumer,Central,2026-05-08,7,16191.86,51.6
9503,Customer 09503,Consumer,South,2026-08-14,7,8507.19,30.4
9504,Customer 09504,SMB,West,2026-03-21,6,4833.46,49.1
9505,Customer 09505,Consumer,East,2026-04-01,8,4779.12,34.6
9506,Customer 09506,SMB,East,2026-04-03,9,15351.12,44.6
9507,Customer 09507,SMB,North,2026-06-25,8,9208.97,40.1
9508,Customer 09508,Consumer,North,2026-04-27,4,3467.2,86.7
9509,Customer 09509,SMB,East,2026-06-30,13,13294.04,12.0
9510,Customer 09510,Consumer,Central,2026-05-20,1,10663.33,79.9
9511,Customer 09511,Enterprise,Central,2026-09-24,9,109594.73000000001,65.6
9512,Customer 09512,Consumer,East,2026-05-28,3,7998.11,83.9
9513,Customer 09513,Consumer,North,2026-09-13,6,24465.18,67.2
9514,Customer 09514,Enterprise,Central,2026-05-26,6,10491.67,46.4
9515,Customer 09515,Consumer,North,2026-09-24,9,25929.78,40.1
9516,Customer 09516,SMB,West,2026-09-17,6,44223.86,54.1
9517,Customer 09517,Consumer,West,2026-05-17,7,11570.38,44.8
9518,Customer 09518,Consumer,East,2026-09-08,6,26370.82,79.3
9519,Customer 09519,Consumer,East,2026-06-13,5,14220.6,70.3
9520,Customer 09520,SMB,West,2026-09-22,12,54421.86,18.5
9521,Customer 09521,Consumer,Central,2026-08-13,6,6568.14,63.1
9522,Customer 09522,Consumer,South,2026-06-02,11,10493.98,4.0
9523,Customer 09523,Consumer,North,2026-09-11,8,18401.82,53.3
9524,Customer 09524,Consumer,Central,2026-09-12,7,23108.93,71.3
9525,Customer 09525,Enterprise,West,2026-04-06,6,5494.14,51.9
9526,Customer 09526,Consumer,West,2026-04-11,8,11105.8,55.1
9527,Customer 09527,Enterprise,Central,2026-06-26,5,6862.63,46.6
9528,Customer 09528,Consumer,North,2026-08-25,9,9542.4,19.9
9529,Customer 09529,Consumer,East,2026-06-06,5,10446.85,62.3
9530,Customer 09530,Consumer,South,2026-04-22,6,5828.13,41.8
9531,Customer 09531,SMB,Central,2026-03-12,5,19853.2,84.1
9532,Customer 09532,Consumer,South,2026-04-17,6,5072.94,69.1
9533,Customer 09533,Consumer,South,2026-09-15,9,90677.48,65.6
9534,Customer 09534,SMB,South,2026-04-23,10,10695.86,21.6
9535,Customer 09535,Consumer,South,2026-03-17,5,8156.22,81.9
9536,Customer 09536,SMB,North,2026-09-11,7,86207.73,41.6
9537,Customer 09537,Consumer,Central,2026-04-10,5,6387.04,68.6
9538,Customer 09538,Enterprise,Central,2026-05-12,3,8204.66,69.1
9539,Customer 09539,Enterprise,East,2026-09-16,9,37133.72,19.8
9540,Customer 09540,Consumer,North,2026-07-08,4,6613.91,69.9
9541,Customer 09541,SMB,Central,2026-07-19,10,32053.13,22.0
9542,Customer 09542,Consumer,Central,2026-07-18,3,11652.8,73.8
9543,Customer 09543,SMB,West,2026-09-29,7,90178.92000000001,59.5
9544,Customer 09544,Consumer,Central,2026-03-13,4,4719.91,71.8
9545,Customer 09545,SMB,West,2026-09-30,7,61407.850000000006,41.8
9546,Customer 09546,Consumer,Central,2026-05-31,4,11217.79,75.5
9547,Customer 09547,Enterprise,South,2026-08-09,5,8081.26,72.5
9548,Customer 09548,Consumer,West,2026-09-04,7,17505.3,46.2
9549,Customer 09549,Consumer,East,2026-05-27,5,15019.88,56.7
9550,Customer 09550,Consumer,South,2026-05-26,7,4520.5,41.6
9551,Customer 09551,Consumer,East,2026-04-28,7,8044.23,62.0
9552,Customer 09552,Consumer,South,2026-08-27,8,7186.05,35.3
9553,Customer 09553,Consumer,South,2026-04-27,3,11746.57,86.1
9554,Customer 09554,Consumer,South,2026-06-14,6,69227.74,47.3
9555,Customer 09555,Consumer,North,2026-09-27,6,32788.49,57.9
9556,Customer 09556,SMB,East,2026-07-10,3,6426.14,64.8
9557,Customer 09557,Consumer,South,2026-09-18,4,195375.58,66.6
9558,Customer 09558,Consumer,West,2026-05-31,4,13007.14,77.6
9559,Customer 09559,Enterprise,East,2026-09-06,7,157257.68,75.9
9560,Customer 09560,Consumer,South,2026-09-20,4,62284.259999999995,80.8
9561,Customer 09561,Consumer,Central,2026-09-12,5,65829.24,59.2
9562,Customer 09562,Consumer,West,2026-03-22,6,42223.21,54.7
9563,Customer 09563,Consumer,South,2026-08-12,7,11781.89,45.1
9564,Customer 09564,Consumer,North,2026-09-06,8,44820.68,68.3
9565,Customer 09565,Consumer,Central,2026-06-14,4,20082.54,67.5
9566,Customer 09566,Consumer,South,2026-06-17,4,6949.98,72.9
9567,Customer 09567,Consumer,South,2026-05-05,6,4050.47,39.2
9568,Customer 09568,Consumer,North,2026-05-06,5,15586.04,55.6
9569,Customer 09569,Consumer,South,2026-08-31,6,4237.07,45.7
9570,Customer 09570,Consumer,East,2026-03-17,9,24036.15,32.4
9571,Customer 09571,Consumer,Central,2026-04-05,4,8135.84,83.9
9572,Customer 09572,Consumer,Central,2026-07-03,11,4236.21,15.7
9573,Customer 09573,Consumer,Central,2026-06-13,9,6282.64,47.2
9574,Customer 09574,Consumer,Central,2026-03-29,6,5106.24,43.7
9575,Customer 09575,Consumer,East,2026-07-29,7,9004.67,60.4
9576,Customer 09576,Consumer,West,2026-09-21,10,53478.61,29.7
9577,Customer 09577,SMB,South,2026-05-19,7,19414.2,47.1
9578,Customer 09578,Consumer,West,2026-08-15,10,7499.33,29.1
9579,Customer 09579,Consumer,South,2026-04-28,6,6777.75,65.4
9580,Customer 09580,Consumer,West,2026-05-11,5,9301.92,100.0
9581,Customer 09581,Consumer,North,2026-05-10,4,11144.88,89.8
9582,Customer 09582,Enterprise,Central,2026-06-25,8,10611.98,70.1
9583,Customer 09583,SMB,East,2026-06-13,5,7933.5,57.8
9584,Customer 09584,Consumer,North,2026-05-24,8,5651.34,53.7
9585,Customer 09585,Consumer,North,2026-04-24,4,13099.64,47.6
9586,Customer 09586,Consumer,North,2026-04-22,4,16304.63,85.4
9587,Customer 09587,SMB,North,2026-08-31,6,6666.24,58.7
9588,Customer 09588,Consumer,West,2026-08-18,11,7194.38,27.5
9589,Customer 09589,SMB,West,2026-04-30,9,7725.56,45.8
9590,Customer 09590,Consumer,East,2026-05-24,5,21761.17,95.8
9591,Customer 09591,SMB,East,2026-06-07,4,8683.94,78.0
9592,Customer 09592,Consumer,West,2026-06-04,11,28001.36,29.7
9593,Customer 09593,Consumer,North,2026-09-30,5,262948.68,88.7
9594,Customer 09594,SMB,Central,2026-09-11,13,14736.25,17.2
9595,Customer 09595,Consumer,Central,2026-08-10,9,6688.18,43.6
9596,Customer 09596,Consumer,South,2026-09-07,8,45210.75,45.8
9597,Customer 09597,Consumer,Central,2026-07-21,4,4641.38,56.5
9598,Customer 09598,Consumer,West,2026-07-24,3,13608.61,67.2
9599,Customer 09599,Consumer,South,2026-09-25,5,9896.169999999998,79.4
9600,Customer 09600,SMB,North,2026-09-29,5,22164.75,83.5
9601,Customer 09601,SMB,North,2026-03-21,8,17428.73,58.5
9602,Customer 09602,Consumer,East,2026-09-13,8,72622.36,60.0
9603,Customer 09603,Consumer,North,2026-06-06,8,7894.12,37.0
9604,Customer 09604,Consumer,North,2026-06-29,4,4755.06,69.9
9605,Customer 09605,Consumer,Central,2026-05-20,7,6371.14,65.3
9606,Customer 09606,Consumer,North,2026-04-18,2,4186.17,93.5
9607,Customer 09607,Consumer,Central,2026-07-04,6,15509.59,54.3
9608,Customer 09608,Consumer,North,2026-09-16,7,385659.87,25.6
9609,Customer 09609,Consumer,North,2026-09-11,6,201276.53,62.1
9610,Customer 09610,Consumer,West,2026-09-22,4,7156.23,76.9
9611,Customer 09611,Consumer,Central,2026-04-01,7,13404.6,75.8
9612,Customer 09612,Consumer,East,2026-09-11,11,152007.58,12.1
9613,Customer 09613,Consumer,South,2026-06-09,8,10738.42,37.4
9614,Customer 09614,Consumer,North,2026-04-17,10,20850.26,9.8
9615,Customer 09615,SMB,North,2026-09-01,7,86262.95,68.3
9616,Customer 09616,SMB,North,2026-04-11,8,14315.29,39.1
9617,Customer 09617,Consumer,Central,2026-07-31,8,5844.49,30.9
9618,Customer 09618,Consumer,North,2026-05-10,9,20773.55,34.6
9619,Customer 09619,SMB,Central,2026-03-26,4,25003.93,66.6
9620,Customer 09620,Enterprise,Central,2026-06-13,7,4338.69,35.7
9621,Customer 09621,Consumer,East,2026-09-19,8,28951.870000000003,40.8
9622,Customer 09622,Enterprise,North,2026-08-29,7,14076.67,46.6
9623,Customer 09623,Consumer,West,2026-08-22,3,3420.1,79.3
9624,Customer 09624,Consumer,West,2026-06-03,9,70443.29,27.4
9625,Customer 09625,Consumer,East,2026-07-22,10,9302.38,32.3
9626,Customer 09626,Consumer,Central,2026-09-27,3,22785.86,73.5
9627,Customer 09627,SMB,West,2026-08-13,4,10854.73,64.8
9628,Customer 09628,SMB,East,2026-04-23,5,9635.1,56.2
9629,Customer 09629,SMB,North,2026-08-04,6,29402.77,42.7
9630,Customer 09630,Consumer,South,2026-06-25,4,9835.24,62.5
9631,Customer 09631,SMB,Central,2026-09-05,7,20999.440000000002,69.2
9632,Customer 09632,Enterprise,West,2026-03-12,5,24342.51,63.2
9633,Customer 09633,Consumer,East,2026-06-06,5,10261.62,71.9
9634,Customer 09634,Consumer,South,2026-07-27,9,8250.53,36.4
9635,Customer 09635,Consumer,North,2026-07-01,3,46045.35,90.8
9636,Customer 09636,Consumer,East,2026-08-20,4,3692.12,61.2
9637,Customer 09637,Consumer,West,2026-04-29,4,26818.17,85.9
9638,Customer 09638,Consumer,Central,2026-09-26,8,92442.23000000001,59.4
9639,Customer 09639,Consumer,South,2026-08-11,6,3787.9,70.3
9640,Customer 09640,Consumer,East,2026-09-29,6,64871.59,70.3
9641,Customer 09641,SMB,East,2026-06-13,4,10060.08,82.7
9642,Customer 09642,SMB,East,2026-03-06,4,2987.02,69.4
9643,Customer 09643,Consumer,West,2026-07-16,6,11941.76,40.5
9644,Customer 09644,SMB,North,2026-03-31,4,17218.73,71.3
9645,Customer 09645,Consumer,East,2026-06-13,4,20099.6,72.0
9646,Customer 09646,Consumer,North,2026-09-04,7,161923.96999999997,64.6
9647,Customer 09647,Consumer,West,2026-05-19,8,49139.81,57.7
9648,Customer 09648,Consumer,North,2026-07-24,7,14577.57,59.0
9649,Customer 09649,SMB,South,2026-08-27,6,8333.81,45.5
9650,Customer 09650,Consumer,West,2026-09-23,8,24750.440000000002,50.2
9651,Customer 09651,Consumer,South,2026-08-25,4,7703.64,90.5
9652,Customer 09652,Consumer,South,2026-06-28,6,11380.36,66.7
9653,Customer 09653,Enterprise,West,2026-03-27,8,5668.19,37.1
9654,Customer 09654,Consumer,North,2026-06-14,4,4066.76,60.2
9655,Customer 09655,SMB,Central,2026-06-21,5,8917.18,62.1
9656,Customer 09656,SMB,East,2026-03-05,5,47458.01,54.8
9657,Customer 09657,SMB,North,2026-09-13,7,40856.520000000004,58.5
9658,Customer 09658,Consumer,East,2026-09-07,7,57960.79,74.1
9659,Customer 09659,SMB,Central,2026-07-16,10,7613.08,39.5
9660,Customer 09660,Consumer,Central,2026-08-08,5,14579.79,76.9
9661,Customer 09661,Consumer,South,2026-07-12,9,4703.12,24.2
9662,Customer 09662,Consumer,West,2026-06-09,5,4964.59,69.3
9663,Customer 09663,Consumer,West,2026-09-19,6,11373.599999999999,44.4
9664,Customer 09664,Consumer,West,2026-04-01,10,17104.95,15.3
9665,Customer 09665,Consumer,South,2026-07-21,6,7050.32,54.6
9666,Customer 09666,Consumer,West,2026-07-20,7,14993.13,44.9
9667,Customer 09667,SMB,South,2026-03-23,4,11660.53,74.0
9668,Customer 09668,Consumer,South,2026-09-29,6,13690.58,59.6
9669,Customer 09669,Consumer,West,2026-07-01,6,14900.3,65.5
9670,Customer 09670,SMB,East,2026-09-19,6,32059.39,84.5
9671,Customer 09671,SMB,Central,2026-09-08,7,12362.98,38.6
9672,Customer 09672,Enterprise,East,2026-07-03,7,7180.43,50.1
9673,Customer 09673,Enterprise,Central,2026-05-17,5,6006.1,70.3
9674,Customer 09674,Enterprise,South,2026-04-09,2,11286.75,91.9
9675,Customer 09675,SMB,South,2026-09-22,9,448325.87000000005,45.6
9676,Customer 09676,Consumer,East,2026-07-13,8,6004.01,22.7
9677,Customer 09677,Consumer,East,2026-04-30,3,16687.51,85.1
9678,Customer 09678,Enterprise,East,2026-07-05,4,2615.64,63.4
9679,Customer 09679,Consumer,South,2026-06-25,2,10610.01,100.0
9680,Customer 09680,Enterprise,West,2026-09-01,9,54530.29,51.1
9681,Customer 09681,Consumer,East,2026-06-30,3,8745.74,96.5
9682,Customer 09682,Consumer,North,2026-09-01,8,35050.72,66.3
9683,Customer 09683,Consumer,East,2026-09-29,10,13576.01,18.5
9684,Customer 09684,Consumer,West,2026-05-15,5,5879.39,65.8
9685,Customer 09685,Consumer,South,2026-07-23,3,5908.66,68.4
9686,Customer 09686,Consumer,South,2026-07-25,8,18642.19,45.1
9687,Customer 09687,Consumer,West,2026-08-20,7,8933.26,60.6
9688,Customer 09688,Consumer,East,2026-07-13,9,9726.09,19.5
9689,Customer 09689,Consumer,South,2026-06-04,4,3820.78,64.4
9690,Customer 09690,Consumer,Central,2026-08-26,5,31509.2,52.5
9691,Customer 09691,Consumer,West,2026-05-11,6,9430.82,58.2
9692,Customer 09692,Consumer,Central,2026-06-29,3,8986.96,88.5
9693,Customer 09693,Enterprise,South,2026-07-08,5,6097.47,54.8
9694,Customer 09694,Consumer,South,2026-07-30,10,13841.42,14.0
9695,Customer 09695,Enterprise,East,2026-07-16,8,7487.66,30.7
9696,Customer 09696,SMB,East,2026-07-21,8,23660.73,46.0
9697,Customer 09697,Consumer,East,2026-04-24,4,33545.97,84.1
9698,Customer 09698,SMB,South,2026-07-13,6,13844.91,49.7
9699,Customer 09699,SMB,South,2026-08-04,5,20281.96,74.0
9700,Customer 09700,SMB,North,2026-07-27,5,5357.52,69.1
9701,Customer 09701,Consumer,North,2026-06-13,5,15329.92,71.2
9702,Customer 09702,Consumer,South,2026-09-27,8,38541.229999999996,30.8
9703,Customer 09703,Consumer,South,2026-09-21,7,66993.97,82.4
9704,Customer 09704,Consumer,Central,2026-09-18,6,46736.75,70.9
9705,Customer 09705,Consumer,South,2026-03-16,6,5999.28,47.4
9706,Customer 09706,Consumer,North,2026-05-23,5,56320.37,53.9
9707,Customer 09707,Consumer,South,2026-03-23,9,36118.2,33.5
9708,Customer 09708,Consumer,South,2026-09-22,6,132963.47,61.6
9709,Customer 09709,SMB,South,2026-08-31,3,14263.1,79.3
9710,Customer 09710,Consumer,North,2026-04-06,8,31360.54,42.2
9711,Customer 09711,SMB,East,2026-09-01,5,19414.3,68.9
9712,Customer 09712,Consumer,South,2026-04-08,5,10089.28,60.7
9713,Customer 09713,Consumer,West,2026-09-04,5,283889.72,56.3
9714,Customer 09714,SMB,Central,2026-03-27,5,7571.85,60.4
9715,Customer 09715,Enterprise,Central,2026-07-10,3,6486.75,73.6
9716,Customer 09716,Consumer,Central,2026-06-10,8,17355.91,63.9
9717,Customer 09717,Consumer,South,2026-03-27,7,4155.0,56.9
9718,Customer 09718,Consumer,East,2026-07-16,7,8287.84,40.7
9719,Customer 09719,SMB,East,2026-09-26,9,128237.34,58.2
9720,Customer 09720,Consumer,Central,2026-04-27,4,11835.44,73.0
9721,Customer 09721,Consumer,East,2026-05-31,3,11155.65,88.0
9722,Customer 09722,Consumer,North,2026-09-20,7,32602.25,82.5
9723,Customer 09723,Consumer,North,2026-06-04,4,9495.85,78.0
9724,Customer 09724,SMB,North,2026-09-10,12,31834.2,43.0
9725,Customer 09725,Consumer,Central,2026-09-24,6,26384.88,99.1
9726,Customer 09726,Consumer,Central,2026-06-03,4,5662.91,59.9
9727,Customer 09727,Enterprise,South,2026-09-15,5,35366.05,64.8
9728,Customer 09728,Consumer,Central,2026-03-24,7,1608.56,59.0
9729,Customer 09729,Consumer,Central,2026-06-09,7,20528.7,38.2
9730,Customer 09730,Enterprise,East,2026-06-04,6,11731.55,56.1
9731,Customer 09731,Enterprise,East,2026-06-12,3,27126.25,63.7
9732,Customer 09732,Consumer,East,2026-07-25,5,43974.45,49.2
9733,Customer 09733,Consumer,North,2026-04-13,7,15175.37,61.0
9734,Customer 09734,SMB,North,2026-05-18,1,8154.09,95.0
9735,Customer 09735,Consumer,East,2026-04-09,5,7685.75,60.4
9736,Customer 09736,Enterprise,East,2026-06-03,5,9584.25,74.4
9737,Customer 09737,Consumer,East,2026-05-09,7,12240.29,39.1
9738,Customer 09738,Consumer,East,2026-08-14,3,70762.9,75.8
9739,Customer 09739,Consumer,Central,2026-04-17,4,26275.65,66.9
9740,Customer 09740,Consumer,South,2026-08-31,4,6650.85,75.0
9741,Customer 09741,Consumer,East,2026-06-18,6,38182.78,40.0
9742,Customer 09742,Consumer,South,2026-05-14,2,7949.37,82.9
9743,Customer 09743,Consumer,West,2026-03-11,8,6741.0,57.8
9744,Customer 09744,SMB,Central,2026-08-08,7,8982.69,24.1
9745,Customer 09745,Enterprise,Central,2026-07-09,6,2516.49,61.6
9746,Customer 09746,Consumer,North,2026-09-30,6,210706.21,86.4
9747,Customer 09747,Consumer,South,2026-03-07,4,9405.91,71.4
9748,Customer 09748,Consumer,South,2026-05-09,4,9110.05,75.3
9749,Customer 09749,Consumer,West,2026-08-25,6,16290.97,42.3
9750,Customer 09750,Consumer,West,2026-09-20,6,88261.78,82.9
9751,Customer 09751,Enterprise,South,2026-03-18,6,14606.36,79.8
9752,Customer 09752,SMB,South,2026-09-03,5,30032.739999999998,69.7
9753,Customer 09753,Consumer,East,2026-09-26,9,65036.46,73.3
9754,Customer 09754,Consumer,West,2026-05-10,4,9844.06,73.7
9755,Customer 09755,Consumer,South,2026-04-10,4,4954.18,57.2
9756,Customer 09756,Consumer,West,2026-03-15,4,7391.9,67.3
9757,Customer 09757,Consumer,West,2026-09-21,7,28712.89,66.7
9758,Customer 09758,Consumer,East,2026-07-15,5,4151.49,74.7
9759,Customer 09759,SMB,Central,2026-03-15,11,7873.12,19.7
9760,Customer 09760,Consumer,Central,2026-06-11,5,8019.08,71.3
9761,Customer 09761,SMB,West,2026-06-05,8,5015.58,29.4
9762,Customer 09762,Consumer,South,2026-03-17,12,7208.64,21.2
9763,Customer 09763,Consumer,Central,2026-05-23,7,6742.74,32.3
9764,Customer 09764,Consumer,North,2026-03-11,7,5084.22,59.6
9765,Customer 09765,SMB,East,2026-09-13,7,18371.2,45.0
9766,Customer 09766,Enterprise,South,2026-05-19,8,12346.65,39.2
9767,Customer 09767,Consumer,East,2026-09-08,7,6702.55,44.4
9768,Customer 09768,SMB,South,2026-09-11,11,37648.13,34.2
9769,Customer 09769,Consumer,East,2026-07-25,8,1982.89,44.2
9770,Customer 09770,SMB,South,2026-04-23,2,13403.6,100.0
9771,Customer 09771,Consumer,West,2026-04-22,7,7048.92,52.6
9772,Customer 09772,Consumer,West,2026-09-07,7,21339.47,67.8
9773,Customer 09773,Consumer,North,2026-06-06,3,10373.98,70.1
9774,Customer 09774,Consumer,North,2026-07-15,4,19978.31,83.4
9775,Customer 09775,Consumer,South,2026-06-15,9,9499.42,45.9
9776,Customer 09776,Enterprise,West,2026-03-21,6,3182.09,63.7
9777,Customer 09777,Consumer,Central,2026-04-14,8,18526.86,33.1
9778,Customer 09778,SMB,North,2026-07-16,5,17263.21,66.7
9779,Customer 09779,Consumer,East,2026-05-10,7,15161.45,33.6
9780,Customer 09780,Consumer,North,2026-09-28,8,28513.27,40.3
9781,Customer 09781,Enterprise,Central,2026-09-06,10,71192.83,42.7
9782,Customer 09782,Consumer,West,2026-09-15,7,102393.4,49.7
9783,Customer 09783,Consumer,South,2026-06-12,7,9577.25,53.6
9784,Customer 09784,Consumer,South,2026-06-22,4,6986.87,71.0
9785,Customer 09785,Consumer,West,2026-07-07,8,9028.47,44.3
9786,Customer 09786,Consumer,West,2026-09-30,9,79002.54,41.1
9787,Customer 09787,Consumer,West,2026-07-25,6,7243.28,67.0
9788,Customer 09788,Consumer,North,2026-08-31,10,20979.6,33.6
9789,Customer 09789,Consumer,Central,2026-06-18,4,8952.43,71.6
9790,Customer 09790,Consumer,South,2026-09-27,5,34195.630000000005,82.7
9791,Customer 09791,SMB,West,2026-09-17,7,29316.809999999998,55.1
9792,Customer 09792,SMB,East,2026-09-14,8,52531.259999999995,53.4
9793,Customer 09793,Enterprise,East,2026-08-30,5,11690.92,58.1
9794,Customer 09794,Enterprise,West,2026-03-05,5,5323.78,88.8
9795,Customer 09795,Enterprise,North,2026-09-25,8,41094.7,35.0
9796,Customer 09796,Consumer,East,2026-05-03,4,5553.94,68.5
9797,Customer 09797,Consumer,East,2026-09-08,10,51716.12,44.9
9798,Customer 09798,SMB,South,2026-09-06,9,48986.35,34.8
9799,Customer 09799,Enterprise,Central,2026-09-27,11,29959.129999999997,72.4
9800,Customer 09800,SMB,North,2026-07-03,3,6942.84,63.0
9801,Customer 09801,Consumer,South,2026-06-02,5,3141.38,84.2
9802,Customer 09802,SMB,South,2026-09-28,7,143309.58000000002,45.9
9803,Customer 09803,Consumer,South,2026-07-31,6,4390.08,58.3
9804,Customer 09804,Consumer,South,2026-07-25,6,6996.68,49.9
9805,Customer 09805,Consumer,Central,2026-05-10,5,7254.04,71.9
9806,Customer 09806,Consumer,Central,2026-05-27,7,11105.99,73.8
9807,Customer 09807,Consumer,South,2026-05-05,5,14891.78,66.8
9808,Customer 09808,Consumer,East,2026-07-28,7,11610.48,54.2
9809,Customer 09809,Consumer,North,2026-09-19,7,18041.91,37.2
9810,Customer 09810,Enterprise,West,2026-08-23,4,4937.04,80.4
9811,Customer 09811,Enterprise,Central,2026-07-22,5,7134.72,71.9
9812,Customer 09812,Consumer,South,2026-07-03,11,8859.77,18.5
9813,Customer 09813,SMB,East,2026-03-06,5,2305.26,69.6
9814,Customer 09814,Consumer,Central,2026-09-03,8,72703.69,70.4
9815,Customer 09815,SMB,Central,2026-05-01,5,7770.89,64.8
9816,Customer 09816,Consumer,East,2026-05-02,9,4054.84,41.4
9817,Customer 09817,Enterprise,North,2026-04-02,7,21020.56,56.3
9818,Customer 09818,Consumer,Central,2026-09-01,11,11293.73,30.5
9819,Customer 09819,Consumer,South,2026-08-07,5,5083.46,50.5
9820,Customer 09820,Consumer,East,2026-08-18,3,4576.37,55.8
9821,Customer 09821,SMB,Central,2026-08-08,8,18510.51,53.8
9822,Customer 09822,Enterprise,North,2026-09-30,6,310875.7,50.3
9823,Customer 09823,SMB,West,2026-06-08,7,3467.93,58.9
9824,Customer 09824,Consumer,North,2026-07-17,4,9407.2,72.8
9825,Customer 09825,Consumer,West,2026-08-18,4,17033.62,62.6
9826,Customer 09826,Consumer,North,2026-09-19,5,15416.0,68.5
9827,Customer 09827,Consumer,North,2026-07-14,11,6159.32,23.2
9828,Customer 09828,SMB,North,2026-09-29,8,24600.54,68.5
9829,Customer 09829,SMB,North,2026-07-13,5,6094.0,89.1
9830,Customer 09830,Consumer,East,2026-04-30,6,22558.32,67.9
9831,Customer 09831,SMB,West,2026-04-17,9,8112.16,32.2
9832,Customer 09832,Consumer,North,2026-09-24,7,20686.190000000002,69.6
9833,Customer 09833,Consumer,South,2026-09-15,6,47125.26,92.8
9834,Customer 09834,SMB,West,2026-09-18,4,29006.06,86.3
9835,Customer 09835,SMB,North,2026-09-27,11,48714.65000000001,23.6
9836,Customer 09836,Enterprise,East,2026-07-17,6,6136.71,57.0
9837,Customer 09837,Consumer,North,2026-09-15,4,11090.6,57.4
9838,Customer 09838,Consumer,East,2026-07-15,5,34016.53,71.7
9839,Customer 09839,Consumer,Central,2026-05-28,3,3762.51,82.8
9840,Customer 09840,SMB,East,2026-09-13,6,124744.47,74.3
9841,Customer 09841,SMB,South,2026-09-16,4,36842.73,81.6
9842,Customer 09842,Consumer,West,2026-04-29,5,7053.29,48.6
9843,Customer 09843,Consumer,West,2026-08-27,6,7986.92,47.3
9844,Customer 09844,Enterprise,North,2026-08-20,5,2684.69,56.6
9845,Customer 09845,Consumer,West,2026-04-08,8,5496.16,53.0
9846,Customer 09846,Consumer,South,2026-08-21,6,20008.1,71.6
9847,Customer 09847,Enterprise,East,2026-03-08,7,5972.42,62.1
9848,Customer 09848,Consumer,East,2026-08-17,3,12421.67,80.7
9849,Customer 09849,Consumer,North,2026-03-25,8,9862.21,38.5
9850,Customer 09850,SMB,North,2026-06-05,3,6969.48,52.2
9851,Customer 09851,Consumer,West,2026-08-19,1,6916.13,84.9
9852,Customer 09852,SMB,North,2026-09-11,7,21397.7,78.7
9853,Customer 09853,Consumer,West,2026-05-19,6,6982.16,71.1
9854,Customer 09854,Consumer,East,2026-07-17,3,13460.28,73.5
9855,Customer 09855,Consumer,Central,2026-09-25,9,28754.14,43.3
9856,Customer 09856,Consumer,West,2026-09-09,5,29193.7,74.9
9857,Customer 09857,Consumer,East,2026-06-29,9,20433.07,64.4
9858,Customer 09858,Consumer,South,2026-06-14,6,26751.94,63.2
9859,Customer 09859,SMB,South,2026-08-31,8,6104.11,66.9
9860,Customer 09860,Consumer,Central,2026-03-24,5,38058.87,65.2
9861,Customer 09861,Consumer,North,2026-08-23,7,14199.45,50.4
9862,Customer 09862,Consumer,Central,2026-09-13,4,88255.02,70.9
9863,Customer 09863,Consumer,West,2026-03-15,7,10483.71,45.1
9864,Customer 09864,Consumer,Central,2026-04-19,6,11282.54,53.8
9865,Customer 09865,Enterprise,Central,2026-09-12,4,45203.67999999999,91.2
9866,Customer 09866,Consumer,East,2026-07-27,7,14274.6,50.1
9867,Customer 09867,SMB,Central,2026-08-24,11,9761.42,9.1
9868,Customer 09868,Consumer,Central,2026-09-15,9,81185.76999999999,38.0
9869,Customer 09869,SMB,South,2026-09-06,8,44293.26,67.4
9870,Customer 09870,Consumer,North,2026-09-21,6,91144.33,69.1
9871,Customer 09871,Consumer,East,2026-09-29,7,23080.410000000003,52.8
9872,Customer 09872,SMB,East,2026-03-13,6,31388.22,65.5
9873,Customer 09873,Consumer,East,2026-03-08,6,25397.34,57.0
9874,Customer 09874,Consumer,South,2026-09-09,9,20835.18,16.6
9875,Customer 09875,Consumer,North,2026-06-24,5,7329.53,49.8
9876,Customer 09876,Consumer,West,2026-06-01,7,24149.4,32.3
9877,Customer 09877,SMB,North,2026-07-05,7,18217.32,61.4
9878,Customer 09878,Consumer,North,2026-09-15,6,22023.239999999998,50.4
9879,Customer 09879,Consumer,West,2026-08-08,8,2489.76,32.7
9880,Customer 09880,Consumer,Central,2026-06-05,4,9589.12,53.4
9881,Customer 09881,Consumer,Central,2026-04-08,6,7284.0,57.5
9882,Customer 09882,Consumer,North,2026-04-09,4,13602.57,82.6
9883,Customer 09883,Consumer,Central,2026-08-02,3,31716.06,81.8
9884,Customer 09884,Consumer,Central,2026-04-03,8,19625.4,63.5
9885,Customer 09885,Consumer,Central,2026-09-19,5,329229.45999999996,77.3
9886,Customer 09886,Enterprise,Central,2026-08-28,8,13464.83,31.5
9887,Customer 09887,Consumer,West,2026-06-20,5,17460.21,68.8
9888,Customer 09888,SMB,Central,2026-05-12,2,5178.62,80.8
9889,Customer 09889,Consumer,West,2026-05-08,4,6981.32,85.6
9890,Customer 09890,Consumer,North,2026-08-22,2,36083.41,78.4
9891,Customer 09891,Consumer,East,2026-06-27,6,41370.92,65.2
9892,Customer 09892,Consumer,South,2026-06-10,5,5234.05,31.8
9893,Customer 09893,Consumer,South,2026-07-24,6,7643.33,53.4
9894,Customer 09894,SMB,North,2026-09-28,5,37534.64,62.5
9895,Customer 09895,Consumer,Central,2026-09-18,5,29252.86,81.3
9896,Customer 09896,Enterprise,West,2026-07-12,5,10508.38,73.4
9897,Customer 09897,Enterprise,West,2026-07-15,8,9759.88,41.9
9898,Customer 09898,Consumer,West,2026-03-28,9,6664.19,46.5
9899,Customer 09899,Enterprise,North,2026-09-02,7,49995.14,55.1
9900,Customer 09900,SMB,North,2026-05-08,4,16965.82,67.5
9901,Customer 09901,SMB,East,2026-04-04,8,9808.53,48.5
9902,Customer 09902,Consumer,North,2026-04-06,11,20258.67,27.5
9903,Customer 09903,Consumer,Central,2026-05-26,5,11857.91,65.3
9904,Customer 09904,Enterprise,East,2026-06-07,6,5447.5,55.8
9905,Customer 09905,Consumer,East,2026-05-20,10,12128.51,6.5
9906,Customer 09906,Consumer,West,2026-05-11,6,14698.74,49.1
9907,Customer 09907,Consumer,Central,2026-08-11,5,4863.65,67.5
9908,Customer 09908,SMB,West,2026-08-24,3,37756.86,59.7
9909,Customer 09909,Consumer,South,2026-09-27,9,18068.440000000002,62.5
9910,Customer 09910,SMB,Central,2026-05-24,7,1854.75,59.6
9911,Customer 09911,SMB,South,2026-07-23,8,3628.62,28.2
9912,Customer 09912,SMB,Central,2026-09-19,9,15307.15,44.9
9913,Customer 09913,Consumer,South,2026-05-28,7,25130.1,19.9
9914,Customer 09914,Consumer,Central,2026-09-05,10,82779.53,42.0
9915,Customer 09915,Consumer,North,2026-05-19,8,12272.07,48.7
9916,Customer 09916,SMB,South,2026-09-13,9,17579.27,38.6
9917,Customer 09917,SMB,East,2026-08-08,12,16376.68,0.0
9918,Customer 09918,Consumer,Central,2026-03-14,5,7791.39,64.0
9919,Customer 09919,Enterprise,North,2026-03-21,5,15148.33,75.3
9920,Customer 09920,Consumer,South,2026-09-26,10,74519.34,50.7
9921,Customer 09921,Consumer,West,2026-05-21,8,4875.94,45.3
9922,Customer 09922,SMB,Central,2026-09-14,10,10761.39,38.6
9923,Customer 09923,Consumer,North,2026-05-21,4,10057.21,75.7
9924,Customer 09924,Consumer,Central,2026-04-27,4,6091.21,72.2
9925,Customer 09925,SMB,East,2026-09-08,4,146107.98,100.0
9926,Customer 09926,Consumer,South,2026-09-01,7,26056.800000000003,57.6
9927,Customer 09927,Enterprise,East,2026-07-10,8,4839.73,62.4
9928,Customer 09928,Consumer,South,2026-09-09,6,344312.58999999997,57.4
9929,Customer 09929,Consumer,West,2026-04-27,6,12715.07,43.2
9930,Customer 09930,Consumer,West,2026-09-05,10,150912.56,37.7
9931,Customer 09931,SMB,West,2026-05-12,6,13844.82,43.5
9932,Customer 09932,Consumer,East,2026-09-29,8,117742.87,43.2
9933,Customer 09933,Consumer,West,2026-04-03,4,5109.54,62.5
9934,Customer 09934,Enterprise,East,2026-08-30,4,11529.04,65.5
9935,Customer 09935,SMB,Central,2026-08-09,7,9424.19,49.4
9936,Customer 09936,Consumer,West,2026-04-09,5,28137.37,45.5
9937,Customer 09937,Enterprise,South,2026-03-27,4,6358.6,74.7
9938,Customer 09938,SMB,West,2026-09-02,11,24797.85,25.8
9939,Customer 09939,Enterprise,Central,2026-05-29,6,16579.4,42.3
9940,Customer 09940,Consumer,South,2026-04-21,5,3583.7,70.6
9941,Customer 09941,Consumer,North,2026-04-03,6,11854.85,56.9
9942,Customer 09942,Consumer,West,2026-06-30,6,16370.55,67.2
9943,Customer 09943,SMB,South,2026-04-21,5,6529.29,62.2
9944,Customer 09944,Consumer,Central,2026-03-25,5,8207.56,92.5
9945,Customer 09945,Consumer,North,2026-04-05,10,11460.13,29.3
9946,Customer 09946,SMB,Central,2026-03-15,5,4934.58,56.3
9947,Customer 09947,SMB,North,2026-07-21,7,2705.41,71.2
9948,Customer 09948,Consumer,West,2026-09-04,4,51161.02,75.1
9949,Customer 09949,Enterprise,West,2026-09-19,8,75908.20000000001,50.1
9950,Customer 09950,SMB,Central,2026-08-27,5,23592.22,64.0
9951,Customer 09951,SMB,East,2026-09-03,8,20304.3,52.6
9952,Customer 09952,Consumer,North,2026-06-16,5,7392.35,43.1
9953,Customer 09953,SMB,South,2026-08-30,4,11138.63,63.4
9954,Customer 09954,Consumer,South,2026-06-06,5,21125.01,70.0
9955,Customer 09955,Consumer,South,2026-05-11,4,8836.55,60.8
9956,Customer 09956,Consumer,East,2026-06-20,5,24335.13,65.8
9957,Customer 09957,Consumer,North,2026-07-16,10,8692.23,34.7
9958,Customer 09958,Consumer,South,2026-04-01,5,4694.16,42.8
9959,Customer 09959,Consumer,Central,2026-04-16,5,3013.04,56.0
9960,Customer 09960,Consumer,North,2026-07-17,8,16889.66,46.8
9961,Customer 09961,Consumer,Central,2026-08-26,5,13276.46,63.0
9962,Customer 09962,SMB,South,2026-03-30,7,3131.01,56.3
9963,Customer 09963,Consumer,Central,2026-08-16,10,2301.19,32.7
9964,Customer 09964,SMB,South,2026-07-31,4,14093.44,46.3
9965,Customer 09965,Consumer,South,2026-06-01,6,4914.05,36.7
9966,Customer 09966,Consumer,East,2026-04-28,5,7374.42,60.0
9967,Customer 09967,Enterprise,East,2026-07-30,5,4240.18,78.9
9968,Customer 09968,Consumer,East,2026-06-28,4,7195.07,80.0
9969,Customer 09969,Consumer,East,2026-04-23,9,4783.15,11.3
9970,Customer 09970,Enterprise,Central,2026-09-17,5,270735.13,56.6
9971,Customer 09971,Consumer,South,2026-07-07,6,5201.88,51.9
9972,Customer 09972,SMB,Central,2026-09-19,8,98758.44,58.5
9973,Customer 09973,Consumer,South,2026-05-02,10,11403.2,28.1
9974,Customer 09974,Consumer,East,2026-03-22,7,2701.55,52.2
9975,Customer 09975,Consumer,West,2026-06-19,6,1917.45,67.6
9976,Customer 09976,Consumer,North,2026-03-15,7,15967.11,51.5
9977,Customer 09977,Consumer,West,2026-09-13,6,62245.45,67.2
9978,Customer 09978,Consumer,East,2026-07-05,6,20890.04,55.9
9979,Customer 09979,Consumer,North,2026-08-31,8,7255.77,49.8
9980,Customer 09980,Consumer,North,2026-07-08,4,3049.03,55.0
9981,Customer 09981,SMB,Central,2026-09-29,4,25995.17,65.6
9982,Customer 09982,Consumer,Central,2026-07-22,7,14802.04,43.8
9983,Customer 09983,Consumer,South,2026-09-03,7,78796.5,50.9
9984,Customer 09984,Enterprise,Central,2026-05-28,8,7830.46,43.1
9985,Customer 09985,Consumer,West,2026-05-29,7,2209.91,58.0
9986,Customer 09986,Consumer,Central,2026-09-20,8,14386.67,55.9
9987,Customer 09987,Consumer,East,2026-03-25,5,16003.53,69.2
9988,Customer 09988,SMB,South,2026-03-15,3,18397.21,82.0
9989,Customer 09989,Consumer,East,2026-06-05,8,3074.79,34.8
9990,Customer 09990,Consumer,East,2026-04-18,1,12790.52,100.0
9991,Customer 09991,SMB,East,2026-07-24,4,4910.22,70.2
9992,Customer 09992,Consumer,North,2026-09-08,3,75447.66,88.4
9993,Customer 09993,Consumer,South,2026-09-17,4,23249.24,80.0
9994,Customer 09994,SMB,North,2026-05-30,3,4106.8,88.5
9995,Customer 09995,Consumer,North,2026-06-14,6,5452.12,54.4
9996,Customer 09996,SMB,East,2026-07-08,3,3571.88,76.6
9997,Customer 09997,Consumer,West,2026-08-27,2,2683.28,100.0
9998,Customer 09998,SMB,North,2026-07-03,6,11312.64,55.8
9999,Customer 09999,Consumer,East,2026-09-20,7,27593.02,70.0
10000,Customer 10000,Consumer,Central,2026-06-06,10,41675.21,41.6
